Address,Raw Amount,Formatted Amount (6 decimals)
0xd9d0279a05a3b9b3f869044f45d7e18b1441a5a8,5302446092,5302.446092
0xec4754393d505c617455afed988441fc3669c568,3768206449,3768.206449
0xa9cf52470966641a2bc3a082a3c9941167504248,3003139357,3003.139357
0xbdfa4f4492dd7b7cf211209c4791af8d52bf5c50,2863209201,2863.209201
0xa5e5fbaf3493bd184e21d4e6b5aa3cdfc055b7f0,2729061957,2729.061957
0x63e10765c0ba977e070c73c833b240cb4a5090e0,2399760410,2399.760410
0x605f11621fefbc23bb970e53027b4733b8924b99,2081594296,2081.594296
0x1e830ed61b6f1bb785481de18b06283d0736b955,1972796809,1972.796809
0x09608b358fd9a27c9e50a75d00da40b70e6bc8ef,1735559537,1735.559537
0x4530f1232a8dccf18453446f6fbcb86ade5e5eff,1665919533,1665.919533
0xbefe9091541d2fd2bb2b931536fbee0383c4c4e0,1626122798,1626.122798
0x1c7daf820b498507963a931cf120ddd507109d42,1613780682,1613.780682
0xfcea6d3f44c387d756ead0eddcea216e9eb06740,1605050900,1605.050900
0x3f7c726d801a23d1c853b551628e49963d72cdf6,1513372954,1513.372954
0x709cff9de11e9131bd2fc3298008d4a5854490fd,1513372954,1513.372954
0x730097c3f150c642558135300451b53b78f840b6,1489372901,1489.372901
0x301ac3099ec0ac934e751dcec1a97cea2c33c94f,1278993618,1278.993618
0xa797573da89f6dc1dbf5f53279b01a814c690219,1233673255,1233.673255
0x92d385172c6ec14ed5a670a8148db3fd70f62a40,1165937960,1165.937960
0x465045e5fb8f4a7b94ed2efde0f5ec734b8f942a,1128855111,1128.855111
0xfacd8ff899b7e794c2cd021cdcde8d7ef05e80a0,1101581121,1101.581121
0x87711795890ea632e3c8851f6b47ba1c6b2cf0ee,1047697220,1047.697220
0xf1d735c0d83c5dba51750539451d423cdbbd16ae,913453674,913.453674
0xb39fbbf8908ac9d363400bb74d5be4a7e8e806f9,893856031,893.856031
0x512903cf5468616b32532d9e26991446c01a335f,780126734,780.126734
0x6b8be925ed8277fe4d27820ae4677e76ebf4c255,756686472,756.686472
0x08675d2587792b4cac07eecdd03fa38de0d034fa,756686472,756.686472
0xb512dcb4ba140d202525a6c364be273f353e2c17,756686472,756.686472
0x119a435051ae5795b77e24e4af600f9cffdfffa3,755115935,755.115935
0x38004bb8cd33d5778082a46e8def4ce96f501884,719377726,719.377726
0xe35535183d72fcadb85e0e2d81e969ce183d9deb,710100245,710.100245
0x4430adc9fb5f7500050a852dd7f4351fcd2778c9,696421499,696.421499
0xe98346e48c805597fd5bd05b0d9e79b9cc8dfc50,671637886,671.637886
0x22aa3f5d1daffe1a9df298e79a0cf2f98c1b92ff,635978006,635.978006
0xa67bd28c1d7bd54f98bfc77fd6aee32ee4fc8ec0,627983250,627.983250
0x5d1c90fc7f4ac5edefd58a8f2dc16f204f96497d,598416445,598.416445
0x3b86b85181ed3678197e7f380c0b785ab8278b43,591157362,591.157362
0xb43fb3e80ae805fcb8a76160cd3f10e48ee3a019,562965372,562.965372
0x9ccbe376b7e863b96cb25df70b406acaecae892f,538568232,538.568232
0xea70dcdbe2c93f63cfc6522581a9a9734f644c9c,512300444,512.300444
0xc1177ee4746961abcad56cf86e80631c7d566c62,496680974,496.680974
0x56869a220998d5bd85715ccb1dc89b774ca2d68f,453013775,453.013775
0x3f516a2ace49bd9ef680d9a2e08ed8eac7e848c2,451909722,451.909722
0x396f0e55fa33513441d556f84a6ea5c6fd7d217b,438786098,438.786098
0x775712e9d159672be99a1b39a49e2ebd5ac35ec4,428196441,428.196441
0xea5726c7fddde153a7f61ec5d9c3a1dba6e6fafe,419508847,419.508847
0x164df7de8862ba729c40cf7330d04164fce493fb,413487309,413.487309
0xd296e4473f26e61961571617ed448ac585628edc,413292717,413.292717
0x4f355313e4715f5138c2565fd799b4e36783ba3f,408276603,408.276603
0x05e417f10b906e978895198abdc5f8899a176e99,397003295,397.003295
0xdbe4de27969ccc2ed1d32dcd0279127b0e8bc29d,393746597,393.746597
0x15fff7c1231d195fa7b0f589012169e0877f2ea7,387316793,387.316793
0x23c4105838146d2eef1cdf833c605685d1c94c68,374837950,374.837950
0x396bff8a62a4c8b3cf4c385d45e77795d9ed6b42,374513998,374.513998
0xa575bb7e13a17f6d78e83712a603cc0db306f6e8,374055356,374.055356
0x422c11a4e1b41dcf49e849c3b35fbaad64c64811,371334819,371.334819
0x95db0037176c007b1618bfbc690645ec7d93ca6b,370274445,370.274445
0xcad5bac8ca6f22af4ee576cf0e671236137e038f,362099956,362.099956
0xcf0afa96743819d52515bff99635a7978f2a856f,359119453,359.119453
0xeb207b3e229d90dd5bb3d011c208b8b6fb5d5789,355843822,355.843822
0xcacc261e15138e50090060d5017daa7e5d8d130a,355566142,355.566142
0x9df547f966846c653d74a9633f54efe49c3d23a5,353321454,353.321454
0x605c6af3193082d1bf6b2ea60257f2f55a6c7ff3,349943117,349.943117
0xf48fd648e7492b75b524c77afb80d62d81317aa2,339241837,339.241837
0x5f1313911e5d412b983d5b79562fa5be4b1dbd7d,332645578,332.645578
0xc4ed448e7d7bdd954e943954459017be63584f69,319317694,319.317694
0xf66f2da45109d9b64b1c5acbb42730731b6a4c6e,315704564,315.704564
0xae381f7a0d8ee5c8ee31947b02e4cdebe282b5ae,307700850,307.700850
0x8e15ba035e1d28052763780787e5e1b45f69e453,307389195,307.389195
0x7fbeb75f941bfa2a02e72a67342d9ae394a72fec,305338988,305.338988
0x1837b59a152b3564dba49800c176a58b216b1a97,303588277,303.588277
0x3acb5eaecfab99d01e86f7068ae7b90479fb50e9,302771303,302.771303
0x2e57f9a5d5feb7f0d2e2758e72452119f85775f6,301813840,301.813840
0x1569dee72248435f067f0b33f6760e490d8b933d,301736594,301.736594
0xc7f55359e8db46c797ed6e93ad952c8e50daa9f9,297716537,297.716537
0x6a9e8ceeb414e6bb7e0049f6218195166fe42c47,288305273,288.305273
0x84a1552e76339f4ff6665459dc055c5d3452e619,280543742,280.543742
0xb0e900c775436494ce25d8c46c3a73c61286bdfd,275405565,275.405565
0xc5860c3f6a5ca383e6e8c57f2ac82f43c3e2a506,271937210,271.937210
0xaf39150ae78a476eb6dfba69c3fe59a88deb35b6,270999544,270.999544
0x949d5a8176df54f2fe93c0ea0316cd524b9cae01,269540610,269.540610
0x276b9e0b5ad4e7367547a6b455da255e23d5519a,267913071,267.913071
0xdaabcf8712f80c670048867de53f5ff5351b9106,266884684,266.884684
0x99094d4830080c39a0369bfac2a7f9aa092c6454,265513685,265.513685
0x516d0270746712fdaf918715c1ebc2195ef55a57,265330531,265.330531
0x89393c3ce3fb8e560f50aac451e9f3f61d76ec05,263352569,263.352569
0x999b87f4bcabce26f75b651ea45c8e7719648ac6,259138621,259.138621
0x12e1b13555d430f0be94e2f5d785dc320e886b46,257853477,257.853477
0x66fb3d5280e33fef1b8a36df202688be15f2e514,251764185,251.764185
0x4e51a06e4643197e1be2f050b6af60f9ad3cef06,251015355,251.015355
0xf70c1cb0a9833ba9613f054db71ab3eaf45060b6,250709713,250.709713
0xdb611d682cb1ad72fcbacd944a8a6e2606a6d158,249628156,249.628156
0xf13f7bf69a5e57ea3367222c65dd3380096d3fbf,246140527,246.140527
0x0bf281ee2a899004fbd564e819626a7fcaad273f,243441497,243.441497
0x5c855dd4a860561e5b08ab1934df28ffaf619759,242609874,242.609874
0xd5c7bab2122861be0e65a78a847fc981e8ae63ec,240488988,240.488988
0x2f707265e61300e8290c18e38ebcbd129fb0b0f5,239190765,239.190765
0xac6eabaf34f3eb8e753b65a4fb27d799ea183650,239170976,239.170976
0xc6f88fead0e0062babaed15b4e111d728f2a6cae,238378043,238.378043
0xcf9ee693d956a7dab2845c2cb81e563f9c245088,237553241,237.553241
0x3f08c81e05bfefd005a593635cb735f32571fab1,237492186,237.492186
0xe86738411db78d8ebecb26638ccdcbf31f41a566,232372524,232.372524
0x9e0787a1a50b40d59d877a0f914abd0c6a2ae9b6,229752859,229.752859
0x6e005b38cadaf5b5008057f4df7806a279b55be9,226941945,226.941945
0x73097c2b002dc92be45fc68fe69b454b07e450c8,224523679,224.523679
0x27b759fa2a620587d0e48fb34894ececbf265be6,220059010,220.059010
0xc0f90e81e6c89d7581c55dade471fff8fd3cff60,218256980,218.256980
0xf61550b49d60ac2fd9b30e9701027e23da97e5b3,216100316,216.100316
0xc5bf8938153a7b79c4554366f0299d6408e64541,215616818,215.616818
0x193d50d5deebcac56ec9d5903e314ee72bcb1f53,213777755,213.777755
0xa2e839313779f3f8f6f12ba77f9d205efc73d193,211415849,211.415849
0x27695e90da960f0192c6c9d43e4f9df55c5c997f,211374872,211.374872
0xbb33e6a7110849bca3aeb62746c73c66cf12a17f,210889860,210.889860
0x5b4c310dbf3891125eefb55917ce8ca02470390c,210793269,210.793269
0x4c956623424394c5dc4fd71f04bb28ee117b496f,210012808,210.012808
0x39d12116298f3b2b55e53e7b99c0bf47041761df,209637076,209.637076
0xeca5e3ce0774372e71ce9b3675cb07c6677c2d52,206415907,206.415907
0x62a1468b3492b5284037f1c541354a5860920c33,206363242,206.363242
0x9ab739101d5fa5cfe7f2f57273e31ae599922df9,203836430,203.836430
0xfd6231a29661100e9f7e68d37730b040e24cad28,200807338,200.807338
0xb4c4ec70eed2f59971bc409c1dadb9ad63a8763f,199205268,199.205268
0x392cfb3f7b84a135d2fd6792cb549f2c38cf4018,198023072,198.023072
0xa996fedd45811996e59e1262a2a2ff4db234aed7,195275599,195.275599
0x014467cc3f40ef555a27651e860bd92f92d69125,194157992,194.157992
0x64b608615699428ef34d66a4c65e9c6086517ac6,193148789,193.148789
0x9886f6be2b1bd541b0a52bda21791f0b1993317f,193056984,193.056984
0x14f527ffaf0593528f47cf7b3c42cd41a6262aab,189193117,189.193117
0x99a807ff491db74e8f362de7504510ba1dd16665,188435668,188.435668
0xf23eb6a649f120c8cb7fc579c0f63ce9e74aa856,187573638,187.573638
0xffaef23483fd2c253542e0727788cdb65184b86a,187345286,187.345286
0x5ff98f49d8456c158bac2edd4b388109acd28773,186979653,186.979653
0x8e8910952eb63302ca4c4e10858375b3b5af8304,185443845,185.443845
0x64a966901f9d02e1b6f3d4f8e6f82d9d27b594ca,184762398,184.762398
0x35c2172f5e05a0ae0a1c7fab7fef3ca743f0bd95,180300978,180.300978
0x8c81817889d36119afe886959988c04d2afa1b87,179941005,179.941005
0xa44d350ed730eccfcb9d44579f79bbc4410c6479,174046049,174.046049
0xf69ea6646cf682262e84cd7c67133eac59cef07b,172713462,172.713462
0x6df10868998af36858e9d5c72408623d8d307e55,172342449,172.342449
0xba842b7da417ba762d75e8f99e11c2980a8f8051,171980457,171.980457
0xa6264c3b632d08f8789eba0c5a06b5bdd6c4b1a4,171528597,171.528597
0x246217b48382d3443acb52320081061aedb15b0e,171329977,171.329977
0x77b4f5e12583b12468ba9cbef18b02528ca79733,170478743,170.478743
0xad8d62059352c2bb2a829ae2ab2065aab98d089a,170330818,170.330818
0x59585ddd8effd7856ce9dd4c430c1cdcb4ff67a1,168378933,168.378933
0x70ac0d1107de2bb139df3f2d84928df2511d0d5c,168073056,168.073056
0x9b3646d491a528f06466ddb76d415bb973f43478,166069828,166.069828
0xcac42f2e54245652ccdf900b8d1ca5988a4635bd,165033472,165.033472
0xa7fd411e78fb300a758a4917bf224da176bc1423,164131571,164.131571
0x7b0507e0b2feb81b3fd618ac13e85c3f1980738a,164042455,164.042455
0x3eedb85da27cac4ec83ab5a8a38f18b0edbc7042,163978792,163.978792
0x0840a29abe9217d0429d11a5cbfdb890d2f48400,163418990,163.418990
0xfb941d2344b72ea9101400392b818173772d0ddf,161653633,161.653633
0x87760d238bc8a46d64990185ab357caf99740d09,161498180,161.498180
0xb589981434cc3e1a43ab31944768c2226b85f288,161239796,161.239796
0x1325e1c9eeebdeb5050673bcf2887e093a7b264c,158178058,158.178058
0x0331d52f47b0b5b63b9f903227e4c13f3b37312c,157639516,157.639516
0x5fd9b0b7e15b4d106624ea9cf96602996c9c344d,157109258,157.109258
0x75949e39dfdca4bc0ba40ba9005cfd339bc901b9,156191488,156.191488
0x80b38166da9df51465865532674893b7bc020473,154714732,154.714732
0x7bfee91193d9df2ac0bfe90191d40f23c773c060,154347803,154.347803
0xebd54d3241519e0db86ec3e23e6babbee64df0f5,153735385,153.735385
0xe8b6a111400d0219bbda0abef2d54c40f5b732ec,153261946,153.261946
0x3ab0e4d61e48cb85c48063687a4124077046a25a,153015248,153.015248
0x0fc8d5e2e13c10924ce9aa06590e5556ccf3456b,152777355,152.777355
0xc874cd4cd85c5a2553aa9fd0263af34603a8d977,152563705,152.563705
0xb86480be80064e9adda8410eb5538bbc23aab7c8,151062985,151.062985
0x89c779723f16d70ce9d3668be3b3454cc120e276,149941541,149.941541
0xc6ffe0affe2cba47607fd33a43304f05a593d3ab,148428753,148.428753
0x3043e712bc7b5aee330b8442d98bd941690c4f74,148138039,148.138039
0xd53f0b61f6c4725ac2f8dd9568b89d63b1523c36,146360971,146.360971
0x4fbe199b1ec2fad742a7aa721b2510b23a183790,145430417,145.430417
0x988cc75ed920c4d90a9c7c44bf50b2c0d8ff37fe,145222197,145.222197
0xc63df9316e969fc366bff3f8988494e7f02753fc,144563958,144.563958
0xdc33a0f891e9b93bd0b799e246a002bab1acc746,139927975,139.927975
0xf2f5da9a4bc63f9aa77ac67f8ca2700e8218deb1,139674482,139.674482
0xe4f1ddbe8715a57263f020b7de60257a85251d6c,139429088,139.429088
0xb34132c542ec0280026a2eaa846ef9458d4036f0,139376180,139.376180
0x1dc3fe11169d32c71b377bc14fb464370f028b5c,138778969,138.778969
0xfc831a16288ed0c18a4228fdf020793585a528ff,137691174,137.691174
0x2b2dccd5fa758980c14950a26fab85d925bce5e5,136672653,136.672653
0x2357ddcbc0d38e74d0d2558b09eacbbf1f87611f,135875311,135.875311
0xb09f0f18aaff4476a51de293eda522b772ee280a,135749844,135.749844
0xf71d161fdc3895f21612d79f15aa819b7a3d296a,135369147,135.369147
0x2a7051d7cbbef7b6889f8e14774020b1653b94c1,135233799,135.233799
0xc28776ce1711914449e05e122b74fea392d90ef3,135064418,135.064418
0xf55822aadf26f8a363aa52d1baafe990431f840d,132006541,132.006541
0x8edab1576b34b0bfdcdf4f368efde5200ff6f4e8,130800958,130.800958
0xed88eb464fcb80f9281b9070e41ba0c1148d3f44,130732967,130.732967
0x6f593a98f9fd364027cd053bdee1fa97f9826a45,130543738,130.543738
0x67c7530b9dbfbb29986d0f21147335ade917b1c2,130364176,130.364176
0x511f7143d3a73f677b50ffe84e2de610addc1726,129020464,129.020464
0xc659c0a7fb82547e36bc31bcde52260bfbfcc332,128785526,128.785526
0x9092baeff0abdd6ac6e92fc4e7fedb7ca71d7011,128455996,128.455996
0x4bd51f6802b740f6e778097327d26e58725c65f8,128143470,128.143470
0xe92f9a1f7a2d52b4f11b2af3f6897bb647a14303,128143286,128.143286
0xdc219ea25204263090dd198a850bd8045ef549b0,128143286,128.143286
0xb1f881f47bab744e7283851bc090baa626df931d,126914979,126.914979
0xe9737e000a7fe2c35e2e45787f68bb3599457eaa,126573860,126.573860
0x68f827e583fef0d9a14e95d62a9a58f9640e9222,126268619,126.268619
0x4b3375a506e022d2f15d0d92b2dae51c4f87f57e,125849963,125.849963
0xe28d8c1f09882d4bce5b43ae8dba55007ee46ae6,124986614,124.986614
0xe0d7acd1eed0ac33717a6785bad9e62c9cb5d218,123718598,123.718598
0x28eccd9740f68c81fd9d70f6886d05cfa9bf2795,121485687,121.485687
0x64e85244a7f7d6b9446558ffe26f3239bba467c2,120410720,120.410720
0x47280b2dd6b9fcdb696c23e0292fa59d976002d1,120373276,120.373276
0xba0c565110f65d181b9ff1d8a9f787b52857bb0c,119620512,119.620512
0x1b72bac3772050fdcaf468cce7e20deb3cb02d89,119574667,119.574667
0xf610b3eed61dfc82ed463ca2750eba7a3948bad7,118813839,118.813839
0x98cbb1357aa496776321e0d8df500c3128b654de,118768343,118.768343
0x5635d127c0c37b806fcf33a52c79ca65ec27b486,118620654,118.620654
0x1e8ebaa6d9bf90ca2800f97c95afedd6a64c91e2,118082748,118.082748
0xbc1939b8b22d47aff7119917c2e8ea241d1c367d,118060884,118.060884
0x74102bc480a41681e66add3ec9378ae6f3a79652,117359111,117.359111
0x42ab25a9508b1e0b3ec1e0e0e9820af9e294adc6,117287466,117.287466
0x01a1c15280366f795adfa8adac06438b2f172794,117016947,117.016947
0x24909fb1529b55a2a1bf54206d44d6da23a6e0fc,115778846,115.778846
0x168f532e683a251516d8611d22af0773fdd94770,115630147,115.630147
0x6ab615cf8decfc488186e54066fc10589c9293a3,114327668,114.327668
0xe9714bc6d636ea89f8d9ee21a14f183359da4ec1,114181414,114.181414
0xf7b18e107eb36797f4ce36de756630b9c30969ad,114011019,114.011019
0x2b8137aa9e365b6c05437dc1689544a0e6575b4c,112470895,112.470895
0x2f74fa3caac0b1bc8f04effb1e6b92c5fd3a7672,112041279,112.041279
0xa908d87081f57ff1771664b495fe03bd7f7e19df,111967480,111.967480
0x672d3a7c49693f7f465234d4bfc68edbf67e24d3,111965520,111.965520
0x3bbd8daaa38857992ce9ff140d1e1810c98f0b71,111886232,111.886232
0x60b34000bf7fe81b083f0666caee52fade31323a,111834507,111.834507
0x1323e7f8ab35306bfb04eccb9498bce5daff2f3f,111701834,111.701834
0x8b65f754cc429123f4fd06d168ff47c46312d0ca,111664436,111.664436
0xb3ffd0f321abde1740f6e13be273348baad24291,111582965,111.582965
0x255564d94224c699524e9f171423e9fa3c0cb122,111244992,111.244992
0x426a55bedd1a168c88fa7b1ed350b04462fab08e,110806713,110.806713
0x2a8979e2672acc7f8583d7564ad1d9b5dc375736,110250779,110.250779
0xa98391a65a1c1edfe0ca4dc01ac91dfe67aaf744,110242563,110.242563
0x3be034e4a0f98084b3e2b4dd76bd90ae64dfc32a,109539055,109.539055
0xcec1dfc39fa8762b3d10a92a79823a9a0047ee09,109410672,109.410672
0x762065f060a9f19cbd6407fc913bd4b8f7c68cfa,108827893,108.827893
0xb1ff8bf9c3a55877b5ee38e769e7a78cd000848e,108795085,108.795085
0x50dfd8835800d89d8392eb7229ae569db027646b,108686684,108.686684
0xdff92a1d3c7832cbcc762ee5f326679dd801648e,108534961,108.534961
0x815ce37232b343dc377b40961ff866dbb86dbaed,108466714,108.466714
0x2ba64aeb1da89a6c2d0fbad9227cb51dcf61f280,108012674,108.012674
0xa11951c904b8123e2704b3af2b22cb4bbde09db5,107803986,107.803986
0xb6ac0341fcf3fb507a8208d34a97f13779e1393d,107444083,107.444083
0x018ec44a4bd0d6effffbd61ea752bb9f91d525dc,107387378,107.387378
0xf197d1037e1171d5881d22a44d0ea6b2f9aedbe5,106767898,106.767898
0x8da324f75c882f561a5d44bbd0b1bae26ed17a79,106429764,106.429764
0xab778d96cd14d4bfb993934b9c3a71fc3ae615bf,106199268,106.199268
0x19615deda24af940a6509b64c16fd6baba9aa42a,106087211,106.087211
0xa17629a9c312a556f1ccf0c99ad6f15558c54332,105587607,105.587607
0xfc5be8ab7e408b850be734a9a97068b42704b9f1,105479835,105.479835
0x2061530bdd693b359761b378b05e1d55abf98c32,104993340,104.993340
0x03f25e1af06e539a0c0b8390eb56b3f4d3d65577,104243789,104.243789
0x07dfdf8c15cd738d0d85830127646fb6b2e4cadd,104116924,104.116924
0xb83c15a93b65a57c59a568068dfee5da911146b8,103955208,103.955208
0xe1a83c678e6ca74f779de0507408ce368a026ee9,103802081,103.802081
0x9594c04c3324f38d8ba446f6b4a9b682c06d75e1,103639568,103.639568
0x36e36ca99218d21b444b5068dc6ed0c907119651,103496066,103.496066
0x9b87404a3ff07512f01c4762f04ce77c66603acd,103387742,103.387742
0xb5c29225d0c4b5889b74f38fcf1aa1d2bc0e4a33,103182216,103.182216
0xa849bab865b9be83171ffd0a4dabdf54085cab79,102905233,102.905233
0x4f7b26c0d2aa5557d134c45d068e9eba114d24c8,102802667,102.802667
0x3457f7c0cca19130be28863292605613cb0af13b,102661438,102.661438
0xb81fd00a9b843243139a2cb6c0e7d0aa3249de29,102309710,102.309710
0x9ae4fe689f3616bd0b191d90ac92ad1c43276f15,102309710,102.309710
0xb25c7cf74fbda6c4ea221aac8d1591cb3e6eec1d,102052826,102.052826
0x6cbf74afbcca6a463a594a935e4e2fd94d2e3524,102000535,102.000535
0x77e65c9bf35bfc436c818062fbc1ff5fe09fb11c,101618125,101.618125
0x9629e0aa33cc8ea9efda5e3decb830a8e810703e,101411810,101.411810
0xe8cc278fa39be0600d042214cd35f0154d15cfa9,100830297,100.830297
0x610361b7393a66a22ce3b6debe548d758e43b8e9,100283879,100.283879
0x7679901272c4662c2c506a73d6762f6588e8b677,100235102,100.235102
0xb9b5cd40fc69871eb579872b5e8065a29d2906da,99671389,99.671389
0x3dd81863779991d88d7f186d41b8bea1a569553d,99488583,99.488583
0xb07387f7cdee912e9e24c034c3b9cc0827e62ec6,99183730,99.183730
0x96d2452047fcf17a881db3ce13c828891c55a1bd,99110544,99.110544
0x7b2d5d885ce9d81ced64089d60ddfe7aa980e2a2,98922943,98.922943
0x777480683bd8fc46cbbdff407364d9e6a71c6184,98744428,98.744428
0x82d8d99955e38239d865a9dd0d44ef5dd06ba99c,98506871,98.506871
0x008a696e9855aa357f4ff7bf94674eb640bb2d2a,98172788,98.172788
0x2070277f91d9f8383e450aed81be5347f5f9ea34,97469392,97.469392
0xd947e9dbb0e173874cbe28aff8d71196ed92c9a1,96923006,96.923006
0x78511c546609ac2321058a832ba362692d865104,96497665,96.497665
0xed9b382c350b1acdcd42af967025a69c829c56e3,96247508,96.247508
0x94e14f8d7a5e8e90a46ba050f70e57a9d4bbdcff,95807512,95.807512
0x991b9d51e5526d497a576df82eaa4bea51ead16e,95733601,95.733601
0xdbf39549b52984857d8e32449d412e1724e2cdac,95626559,95.626559
0x5c504845216ebc29b7d0282c7cd8c80143d836e5,95374949,95.374949
0xab88fbc7d2fd40429726d1a74c0e03c99f244bf8,94712451,94.712451
0x0e58d3f60346992a25653350b9e4ab0aa2e3f0e7,93661448,93.661448
0x9fc11ba7e5562ebac6c026fb02de11fa115609c7,93080916,93.080916
0x127dbacdf530b536a25a56cfcfdec52242ba6fcd,92993930,92.993930
0x75dffc027b572d32c85c040c4b0b338887cbfefc,92508652,92.508652
0x8d27bf5171099194f002118f41a09bc150165cea,92432910,92.432910
0x81eee01e854ec8b498543d9c2586e6adca3e2006,92422654,92.422654
0x1254df8581b92609f087a505f77b4a9dc89502c3,92326478,92.326478
0xebe3c3d23afb897137e0e55844b8abe33c1e72a8,92268626,92.268626
0x9ff548c1b3ea3dd123afe39c759dda548009b6c8,92088497,92.088497
0x69e69571d0d07edbede6c43849e8d877573ee6bf,91154802,91.154802
0x1434f19804789e494e271f9cef8450e51790fcd2,90915856,90.915856
0x34e00fea7de9cc3718e931b8b2aa731e6613ebc6,90630687,90.630687
0xaa75f752c94e640a903c9067f1cebe0dcc33eaf7,90156253,90.156253
0x4515591b2eef87ea3a1c26d2fec74e5944dd986f,89901296,89.901296
0xe2c9edfdd3a5a302c8b21dd39943d727449d8c21,89707862,89.707862
0xa55e8f346a2e48045f0418aae297aae166f614ce,88906083,88.906083
0x48e5112d85a51014e5b46bcd1af740a957f5f629,88757651,88.757651
0xc513c42c51b5885bfc053fd96b74792c9ea5e26a,88333862,88.333862
0x2a5fdca1caddfcd25581be9f439d8d5324d8202f,88081478,88.081478
0x54019b5f44120e750ca9f8ef866936a39b76c6ee,87743434,87.743434
0x340efe9bb2383d463313e7d988ddea6b52b27b0b,87660238,87.660238
0xcd180eca01740098321951e9698a43520c3b6fab,87610294,87.610294
0xd78ed01ab3b0ef3f7ddfb848cda0d6da6d86eecc,87583859,87.583859
0x8e39d243bf6470dc0126b3f3d667abaca3dc5adc,87578669,87.578669
0xe22059d454c705f70ffe2a5706844a3a27a2bec8,87480895,87.480895
0x40093c0156cd8d1daefb5a5465d17fcc6467aa31,87212936,87.212936
0x6fa8a37151dbaa754b217a7f04a5d70b7553c992,87059567,87.059567
0x66b700be8a84f303760349724d8f57f31b283d47,86982101,86.982101
0x6174c3970641d1ef63ce861b744ce211c038ffb6,86837727,86.837727
0xc77c5341e2c004dabaf54c36ef8a08d6ac01b32f,86582036,86.582036
0x3c0703669ee93aaf1a76073c0441a661153dfd3e,86471401,86.471401
0x64f28f30dbf8f44ca9623bee113aff0e15d4a9da,86341682,86.341682
0xaecfe4eff84a1cd9a24accc1914ac537af7f6e1b,86246721,86.246721
0x8b2244bc61c64c2f5bf90d43c3b93ec73c786e3b,86058571,86.058571
0xd6b9bea478ebfa91cbf5ada4b5ce0c1b1f5c0981,85640128,85.640128
0x7c962357abf16659a8f25cecfdf55aa121551e32,85093575,85.093575
0x9b9a0b5c13d6354f46b52d03edc81eb7de22a942,84941890,84.941890
0x3149517764b6afcffd697db9f866c7d6b4cf2474,84718152,84.718152
0x0a869bdce170770bedfc32aabbe32405efee3e9a,84697774,84.697774
0xc2b4edb2de0e549d2df1098b8119b486d5a0a8cb,84564981,84.564981
0xa4d18eacbd60ddaa90722947f7449ad83a6215da,84378184,84.378184
0x13a9518a451edad79079753c89cc7197ff3f570a,84358590,84.358590
0x099c24c9dce3aa208d37b4ed6ebb0924dfefe54b,84339990,84.339990
0x92388c02a794bf1be086d4f0bd12ccf12b1e1998,83197652,83.197652
0x1260121fee8f2395b2d0642f66cb088935e79ad6,82209256,82.209256
0x65b2b44c48af3900f8aea4b9c20078b1d3bade47,81988777,81.988777
0x4df135e7acc0430db099be09777c386fa2e53d93,81988777,81.988777
0x58e6949e73654bcf40de6f99fe09ae29243b17c4,81988777,81.988777
0x4331318b57da9ab2a7d63d4cd68e57244f850236,81703166,81.703166
0x12e3f27f24f286349cd045f206e36142291f8159,81677035,81.677035
0x6b15982fca3b87ada53e18f046b935f1eb940b22,81556803,81.556803
0xc6e4ad3ccdfc65687d2d60a454a8bddc1f4d6c06,81326711,81.326711
0x8f8b4759dc93ca55bd6997df719f20f581f10f5c,81166906,81.166906
0xc4f551633d96c4f86582d6b6caa89228f193effb,81139181,81.139181
0xf055f2d206daea10d017a4097d8b0d2d6bbf0b71,80740680,80.740680
0xafab1adfb25e919d9f6ee7196f1ad0ffa93cad12,80513515,80.513515
0x193cd4f3ab450222e11e24a20fd48ae16a2ed486,80304176,80.304176
0x8f5c7cef4d9c6dae6fa645ca41b3a8c6ca2bafb8,80203227,80.203227
0xd6ec98816c426a421ec2419d9d5a56a23c282e4e,79682678,79.682678
0x7aec0ca27df752797cc520e2e8b8d66e990a6cb4,79508574,79.508574
0xc8b63a951c3572b868fd39a5e3cd6998cfbe4b5c,79452454,79.452454
0x985ac1ae452f70fa94a0213dee1221cb4eb7885f,79401155,79.401155
0xe52608ed87b064f299d2bf1fbd67d28598a293fe,79211840,79.211840
0x07d6bb77118451425511744cabc92fb58ce9566e,78982148,78.982148
0xf3b853490ca3a2067a6f80f08224a2ad27cd2531,78844579,78.844579
0xa06a7a89edf5ea05cd4fb613aca2a49412741cd4,78660334,78.660334
0xfb373fa8b47ff7467e427149fcc3e3659ac467b4,78643812,78.643812
0x0bac20c7be874fab3f7701fc348d4103c4d35bc6,78502439,78.502439
0xcb75abd04f5413b8789f23b171d081af75b488d7,78261298,78.261298
0x5252a3c0eba07bf5653648165abfccbe5feebce3,78081723,78.081723
0xb1f78582b1b38947f90d9e1a7224afce46530c56,77952009,77.952009
0x59d268fa1a9576a7a46b5014d6fbd1c684af0339,77867458,77.867458
0x32c60f98fba68cbbb279f3f9a2b2eb500ff32d61,76891721,76.891721
0x705b3320ddfc2ca46e4249bcb7a2d0e2fde5386a,76810029,76.810029
0x4a358b43b40d47d9e64f21930e203e2d555f323b,76773842,76.773842
0x8672451542ba106eca910dfe2904fabbfd4cc4d2,76642730,76.642730
0x68236e5032c51022fc73d607ff5b81b969a95de1,76612589,76.612589
0xd9dae1402a885aaa97f10decc9a9df212bdca26f,76229544,76.229544
0xd89dcd226f1f902d060b4f5897edc130d8a7b312,75965510,75.965510
0xeafb758325d0914dc8de5baedd5eb0d0aed01aa3,75857494,75.857494
0x86f6277b6ec5297629129822e82e3ec825198651,75834246,75.834246
0x8514b324c54150ddfe6b12c7f38a4b5e01e4ab14,75481468,75.481468
0x2d988949948bbbfdc7a1b0991ddada9b897ba701,75345221,75.345221
0xbdf4c5ff618727c3d71d2c3266ac26065bb31ccd,74871747,74.871747
0xfeae16b448728cb3aeb4f9fde491bb24f7cf3c3f,74353311,74.353311
0x0459dda9eb7062e6fdca6293a4c363722fca6102,74171704,74.171704
0xac8e367162f8c3008aaa712c8bfb8281c4f71ef1,73954419,73.954419
0x3db57543e787e3e8d143ed48b939130ff7243d8b,73878181,73.878181
0x55c36e96fee713fad22c2ae6612e778fa85a1558,73837669,73.837669
0x4674a0d3dcf4663a1d24fbc892d564c466a7fee1,73791966,73.791966
0xcea2d0f16684691307966502bca88295fc22706b,73733879,73.733879
0xe9410b267e628391c3768a13e00dbf28109f9184,73597231,73.597231
0xa05e7bbaf4eaa7a5b73aa5f5f075b3ba659726b9,73380981,73.380981
0x69420c67545e5ee95d1375f93ec0da06c05c9c1f,72982175,72.982175
0x9bb72af4e3b8964b0eb107659ab4920ff4bbac65,72968088,72.968088
0x09f0c6903f9bc6edbd09bdb444a9ce21c14953f2,72847805,72.847805
0xf85385347f56819c316939434d427d0c9537eddc,72787658,72.787658
0xdabdf9708935d7b85c9b4af5aaf3ad859f0e19ca,72724748,72.724748
0xa15a3f761b251cf917cfc0d56cd2d0125a7c29db,72127053,72.127053
0x5e0936b2d7f151d02813aace33e545b970d9c634,71772808,71.772808
0xf9bb2dc3b935a69026b0a189204a3dfbce4c7ff2,71646621,71.646621
0x164ba9f3df14bdf4fc109f4a645d71165de0f616,71603939,71.603939
0x87fb444a23c1bb7560ba498279a22fde8ec19152,71531911,71.531911
0x71d0189a0bfd5ece58713f0fc7336179a6af84f9,71071878,71.071878
0x11b60900c25639c70ed3aeec6325ad4029b496cc,71049850,71.049850
0xafeb79bb142b44b7abbaf1e67055693ffd1e6f8c,70902122,70.902122
0x81c17e40d22f312c56bef00b94299ff842e8f2e4,70298533,70.298533
0xd3487472cd3a85eb047f0f76cbd8e95e91f090bc,70188510,70.188510
0xd27d90b337717fd91c4d409f712b890d4ee2fdd6,70047554,70.047554
0xf7b10d603907658f690da534e9b7dbc4dab3e2d6,69607433,69.607433
0xe7f3f3f2f9c3a7b8eab2ed97787ac66f88397253,69493984,69.493984
0x55ad39ff21cd1d359e01b1f90f421bde0546f1ee,69230776,69.230776
0x5e56726f8ed2f01eb39e74e94abc467641e0101d,69129868,69.129868
0x7efb50b5706dc8b9d4bb3ac423d2e9eaca8ab277,68845256,68.845256
0x5d47e5d242a8f66a6286b0a2353868875f5d6068,68807392,68.807392
0x3ba42d19ef0b5d24672312b68a10f3020595e7a3,68806729,68.806729
0x476cfb80ff7baedbacac55661efbfb20c5558d93,68720396,68.720396
0xa6fd6fc7286f8ace9db5f8e7f76612cfed420bd5,68372782,68.372782
0x4f1df0b690c00bd96b1e71c66cb4e75cb22ef1d1,68290535,68.290535
0xbfc4fbbec37c291aed1d14f02b5221d0be0fe8f1,68247084,68.247084
0x4026916e88f13e34b1dc3351a1f0d7cbfc69d789,68169942,68.169942
0xe76deedf468b8646e43816166d0d02f7f5693261,67397312,67.397312
0x6b0ce027e14e5d7fd4b07db1c39a5a9ef0199b78,67197470,67.197470
0x6f1db78a5b8eb3053c1eb5e4b9aa65c6918d54f7,67147519,67.147519
0x99a8d5041ce71738c765dcb024702719db6dc8d5,67046451,67.046451
0xbd7c6a7dfaa1dab9123530333dad26e56541b03a,66823898,66.823898
0x13742fb81839c13743d14eb7cdb317498cc44577,66506261,66.506261
0x2b4c78322f02ed4de16055ad581f5a1811f96e6e,66488209,66.488209
0x3391225327ee268dc95fac07372cf9acccded6bf,66136744,66.136744
0x9c189632a10226d664bd845bb2b9793846bbdff8,65793678,65.793678
0x3ed4d374e650fe5ba1245a4273ad44308b75d6dc,65204588,65.204588
0x11ef8528841b851072c0016853ca9ef8bda34a9f,64962379,64.962379
0x02009370ff755704e9acbd96042c1ab832d6067e,64942182,64.942182
0xa7940686b41293956fdc5e17cc16417609bd28bf,64763446,64.763446
0x9e21bc096563e79de736703339e09cd209f82978,64615668,64.615668
0x25b70c8050b7e327ce62cfd80a0c60cccf057fa6,64582581,64.582581
0x02eaea707e6c99508dee44e38b1cfb5f68a3e139,64404978,64.404978
0x1e4c01050e9553bd4c09feb13a45b9abdcf0aedc,64109893,64.109893
0xfde36fd71da4b9ca5bd1cb2b9eb40bdbb03129d1,64094904,64.094904
0xbc505b80444ca5ba4bc0b9bfad9ce14330f3bd0c,64063952,64.063952
0x899e935b50301b3f532540326f578b27f4557e53,63707324,63.707324
0xf4c0333f4bd296f215635b17603ee235ef1f31bf,63473297,63.473297
0x0595cc0e36af4d2e11b23cb446ed02eaea7f87fd,63213274,63.213274
0x61311cd09e54a7e457fe3788adff7da05d902cf2,63204243,63.204243
0xe3973a96593026f64456801b90e042577b00161a,63201407,63.201407
0x9dca1574a3f3f617374e7872d8fb6e8013d7aa34,63072060,63.072060
0x2f2e6eb29e813f8e8b296f9d021033d5f4deddd6,62768306,62.768306
0x88ca7d86d0fcae6fa3d5c0459200a2710863d7c0,62684286,62.684286
0x50dcd6ecd3ea3414acb18b3780b2e7e0952bbce4,62124138,62.124138
0x286ff644eedc129ebfafd04fdfa52b84cc08b7d1,62100625,62.100625
0xcc47078821b7a6a8fd9acf76de38cab0e26e156c,61621419,61.621419
0x051dc5875856fba2a2728b038838062851604831,61579697,61.579697
0x9a070851847fc53f1c96ba3c9e7dce9acb1d84ac,61488445,61.488445
0xb296ffe85f9feb0a4653fa52cf2c14c1cbb7a54d,61296794,61.296794
0x2f117134e5e8c58f46c8aa591fff1840d9df7ab6,61198418,61.198418
0x7b59793ad075e4ce1e35181054759c080b8d965d,61098278,61.098278
0xabcc57825a71c0d5413f2768ab995e59992a5875,60958350,60.958350
0x7af310fa574bec39cc2cb7f74bf18c29e5c6c4c7,60915015,60.915015
0x0f3f647e19ddf45d1a963527db2af07c8175db20,60890763,60.890763
0x60baa3cce88d4a59ce9bd3ce5b0a5c578c525d45,60787557,60.787557
0xbc245efe168d04463d7dee47304b6bfbebc4089c,60618499,60.618499
0x4d4902bd7e080159964f46b10feeb6482d148e5a,60486963,60.486963
0x55c6257ae6e41d9bf8f680617914cb1d270e89b4,60439039,60.439039
0xbe21120d66ba1c27fa44702360e036bd9720cf4c,60419207,60.419207
0xf5fa89d7cc3626f7bc552cb303b0eef270810558,60235456,60.235456
0x690c1809adc1893a5b8da53a4092d3f9e8b8d8be,60146431,60.146431
0x0c1c40153a72159e94c71f3a71ab21a35c6bd6ea,60124315,60.124315
0x37d9a647d44ecfd5fae7dee8c41dcadaf15c6157,60073133,60.073133
0x72a5ba942a401c4bd08a32963b75f971292213a8,59970201,59.970201
0xf4428af6bb9299efcd9bf595f4aa222697db4ced,59571734,59.571734
0xc42b83a63b977104bad8acea915763c3abffeda4,59483282,59.483282
0x22cee981f08664214d7ca3c1bb5f036933d038d9,59193189,59.193189
0x206d7f45fae22d9926bdb2169dce6e52ed33828f,59168528,59.168528
0x0e5e8888a679089c3626ea89299f4440996b1cd8,58745565,58.745565
0xf4d3ebda40d59e49f611b7ffbcadb3dd90672c13,58640584,58.640584
0xaffefe6267ba9bc789d34095001cd2bf8c521f56,58598724,58.598724
0x4d6fa9fb0b06f8fdffbb97a212a2b70a1d38c2e8,58512397,58.512397
0xd2e0c22d06ddbeb3949df02441ad0caa26977c0c,58461161,58.461161
0xc68972a01410a20aaa9c698852e89f6318ee43f5,58398380,58.398380
0xd1c4fb83740c17d10ce9c215b1ee7385d62cc628,58341788,58.341788
0x95567aa73dbca5cb89020b153718f5274a19424f,58336977,58.336977
0x040ca5db945d561305ec64c74791b4349fc9d312,58282921,58.282921
0xed034b287ea77a14970f1c0c8682a80a9468dbb3,58108739,58.108739
0x310b35d1f4fd8f63427e3d0bf27934f7f9e2a728,58088105,58.088105
0x7eb12f04effc4901d7520e4ebd62de512743feca,58044689,58.044689
0x5d452ebcdcffcb19beb7cf190911cde3b538d278,57978289,57.978289
0xb7213017cf8e593caed6593b8d7da8523f11915c,57959600,57.959600
0x8b932f5e9b62bba7fc468396dd628ae2dd88cf33,57885731,57.885731
0xf482d8aba834789f5c7fabb0b48a1168c1466d43,57765045,57.765045
0x5a8ed7d961557104e8a8c726a87211a2f244c428,57650955,57.650955
0xbb8fafa8a629c4dce022d95e098ccccee1acd942,57342129,57.342129
0x905a1d2753e677c23555839ea25c72e0a31a9bec,57327125,57.327125
0xd95ac6954c937639a19b10c63ab5845877449f2a,57120572,57.120572
0x1ddfbc13e290f2a2a5b5cc535dd6b6b67af0f043,57078029,57.078029
0xa4b57db8d565abfe8477f281e145f368a58a9057,56560131,56.560131
0x375fe3a8f7a7147b5c70b2189d1a951f293401fb,56540068,56.540068
0x060950d041bf0402b973c8e62793b2b561f8c64a,56313585,56.313585
0xe63e4a9be1f5b489cf1f71598d272b6b59e6cf70,56279481,56.279481
0xca5a6cc43441ee2de8aea17fa3a2f3a7e344bb4c,56134017,56.134017
0x83e7e8e1c529e6554e085a777d0b2ebf9d5cb6ee,56061134,56.061134
0xf58cce7da2a33706f5e18744a6623d10fa2a5306,55640144,55.640144
0x96290b17db957333a4965c03d19f78bf16eaebc7,55621119,55.621119
0x5d2d82af3e07b5dd17b19541c4a21e51366d1a34,55612472,55.612472
0x652151c8521a46bea762624726214fadd2e666cc,55454932,55.454932
0xefbd453a36f1ee3a3a27466654ccf85b0cafdc6c,55427960,55.427960
0xad1e8b75edb31ef3f60d31550423b61c8d9256a4,55378650,55.378650
0x962ad4a1276d2f985f8afabd3da59bd32e5c36f2,55210650,55.210650
0xd6ab049fbd803f3a530e2bca34d3c2c4cf63c9f2,55068922,55.068922
0xbe862b4d355ecd39bbf23d7f939dc35ab86c4dbd,55067547,55.067547
0xb4db30c8c8ae85961bf22fa6f1d2f99acb917923,54997728,54.997728
0x8903ff2bf66d60dae96263267498fdb2f9384315,54925300,54.925300
0x091c15e146d931bf195c497d9ec2a18cf88cffb4,54896656,54.896656
0xe2f6659e0209c3f79132abdeb95abeba0f1f672f,54848154,54.848154
0xad70e0a0eda2f37816a05a099418184451d076f7,54832568,54.832568
0xb84174ce1b56ac70bf812ad50b23559cedb0da1d,54782017,54.782017
0xd1549131c3f33b69f31f3fc6d581d49d6c8dc6f0,54726907,54.726907
0xf4477fabb1a3f86c602c37f2e2ba9d05ef9e6843,54627549,54.627549
0x76aa86918e536aa6fa7edd5cefdc5d9744213a9a,54604049,54.604049
0x2c621c09ef04e781091c9bdc64b030463694e612,54602566,54.602566
0xd2e5d774be8df6a2e5f091812e10149bbb12702f,54599906,54.599906
0xbd70103e58ba6c30567ebe2478a54c5c63ee2d39,54531423,54.531423
0xb5dc07e23308ec663e743b1196f5a5569e4e0555,54389931,54.389931
0x48df10e8e4e7702ab93f0675c5a0c9aac18414d3,54373145,54.373145
0xba931b78a8ab31ded963cd34f49d69e52e4a1dbc,54263146,54.263146
0x073c332ced8b9c6e73b3d3ef4ee6f0862fff3549,54261910,54.261910
0xe4b598540d541a6a5329469cc65fa9df5d2d34b1,54227983,54.227983
0x0cbe8ab8e5d680c4c75959231c33a036ad123995,54220551,54.220551
0x912f6071c371c4571282081a2e55cbb0cb6d0fff,54143283,54.143283
0x2f566d89da82c73384706e98b11fee36c113494d,53675674,53.675674
0xf8f5b785e185d96b061929a4ac019b8454406b6f,53675674,53.675674
0xfc124f909fd4f417269b00ec06cc1f8d215f617a,53466212,53.466212
0xa3cbc5c638f8cc80c057491b9b98324d9acec242,53295006,53.295006
0x5fd23ab239dfde71ed2ba7fe0d2ed2ea2b2b5746,53089433,53.089433
0xb82b04f420d4bc501512013133ac7f2aca64a064,53089433,53.089433
0x8e7691bd721bf8a0a98a57311f2925f85229a595,53068520,53.068520
0x7897377d1da40f53752e9ce4575bb5c9fceb163f,52922173,52.922173
0x1fe88c2f08f491e5fff7bcd8094a0c3fbb6aecbe,52793798,52.793798
0x3b2534b8ea1f9a8bf9d9915b91bae673d161f2a5,52755080,52.755080
0x452700da1751a09e72e102369f354afee05ec20a,52685763,52.685763
0xb8dbac300e69c9c2d56542f83bbac3dbad065d02,52460235,52.460235
0x0f8456333f8b8435fb539e2a741b144af76842ce,52409346,52.409346
0x917de1e81481f8aa1745e96b901b4eedf4def06b,52355632,52.355632
0xbedbcd79b000bcbd060fece11b4c44e92fa325e3,52354526,52.354526
0xe6ea5b116fbc688522ae30ff4fb6c9cd96c00e0b,52184101,52.184101
0x9a25d433fa24df4aafdd61da5f096f9ef59876cd,52154673,52.154673
0xf86ba333678127475f87c37dc1997971a762b996,52133690,52.133690
0x20336894498b80f7d5f956c58dc7d288f7da78ff,52131166,52.131166
0x4223fab4e88c709631e6eb3d1717865e7e1db43d,52123816,52.123816
0xb449e879a840e774476a3b00a73f1ae9e007355e,52053267,52.053267
0xd0158c373cf49f86de0dc2bb473cf058e19e8325,52002013,52.002013
0x4c01c7bacd8c0099ff5e4aa26508a40d98748868,51916952,51.916952
0xb029d64c615c97483f31ca78b5b3b2e4a1f9a5f4,51775848,51.775848
0xbf07b3365686f2224aaa46bce529b1bda3f1da07,51723895,51.723895
0xd682d27801d9da3d1c7470877f40d5bf4903f327,51623323,51.623323
0x53e8b07e8000a5270141124ef26ea34f72c05c91,51324646,51.324646
0xc02bfc8c96477d82ae78d3212b802c4bfc820f90,51284403,51.284403
0xd9fe94c8a0a9159d52683074a63acbf5fff1e379,51225578,51.225578
0x09291928679d5955d98d98e42506946451e223ca,51188757,51.188757
0xc3f800989685a5a3b6f908608485b74442f9d67e,51157857,51.157857
0xc4c7f8ccbc94ad590ba08fb2b819282095493323,51100195,51.100195
0xcd28711176d3a81fdf2131b9009aae504af27bf7,50992032,50.992032
0x2984794cbc5ac89dca755f481d9566a30b0325f9,50942586,50.942586
0x20b51545ba03171d046b86338b0723f175d39896,50916396,50.916396
0x6cc87c563694ce0c9ecc525d9acab7e4e279903c,50916289,50.916289
0xd9e2d506feb11213c995a436b0f7c0dfc9b392cb,50805461,50.805461
0x7a1edf90c4c2d75cfeb18e6cab926d341d88ddb6,50596535,50.596535
0x26c1e466ce41070585d6876dc17b7bd9295c41d5,50403896,50.403896
0x1e7fa4e49f8e6ac15071e94dbf65e740a7859c69,50330097,50.330097
0x61adbe421319337762347f24f54c02509b3c4300,50278345,50.278345
0xb4d389364495d41ab28bd7fddb364941bc332ad4,50259485,50.259485
0x71d5bb665b9a1a5033471ae8f86b783df6034fff,50226730,50.226730
0x024aef1375c1701693b2a0c8e8ad7badf0dce493,50224122,50.224122
0xf23dfb5b7368196dbfa8b47183957b003efd8455,50182204,50.182204
0x5817fbd69473359bc1997203c0fd92b3ea553d29,50141934,50.141934
0x6e496a605b93d1332b3e07cb1535365ebc50bbd3,50101643,50.101643
0xd12d33c7eb6cc8d8865d7960cb6e7548695e92d8,49988012,49.988012
0xfd211ee23506e82938c88dc140e2d88f851e2039,49961161,49.961161
0xdf94486e2c9239c346171121870ea8284d541d47,49819142,49.819142
0xdafe90208b6c89c1a20cba7fafe22571309ffa9a,49810232,49.810232
0x4cdd192d1e4fcc9d7263873af273b578bb678205,49762028,49.762028
0xe0178ed26cfbe534aebd4c9b8dc3f300caefd5b8,49746132,49.746132
0x9c124bfef0941e7d97db8bc38d9709a2d31eabc7,49714628,49.714628
0x5e057960ccdd59eac87252353b2a0892b0966562,49672239,49.672239
0x3e4fc50f2fb36705228f8c70aa74201a24f0f755,49667157,49.667157
0xd292ee3385995f9191b5331b108c891cef32a5e1,49434422,49.434422
0x117b69da687138baf3d0039bda16966b3042635b,49383753,49.383753
0x092518f41762e9874d925cfbe26dc3f7e2b73881,49032186,49.032186
0x7d1a292d3947c858233dc714e5cb79637c0ab77f,49011020,49.011020
0xa079c0f7edd0572f5fe421715cb671a8ce0060e0,49008760,49.008760
0xa4eb148f1fdf4e4bad2f0e4d11ae4e8efa802259,48974979,48.974979
0xfe044fd1b9fc6b1e9ac79ba61c5bf08ca7dcd347,48956972,48.956972
0xea4cf9c25e042b81af20b329505c5ae5b16a3f60,48694930,48.694930
0x9b560604691b60fb6dd7c4d3e585d588ca95dbf7,48687028,48.687028
0xf56e8123d34df6a071a005c31852af57a8cbae1b,48625897,48.625897
0xc363f8878acc5047a5707f38666d7de612f4df33,48608405,48.608405
0x162b12a46c912741e33a7c6cbf8463073bd31edb,48557919,48.557919
0xd57bca61d6eafa90e01e259d2dda9c2d12c91280,48471181,48.471181
0x129525cc71b0e52551559dd46438f0a11c242fd3,48446875,48.446875
0x00fae6d94585235c7aa8d1972b6f9ce0051849aa,48430755,48.430755
0xd6acfa7de19b515a94db6e7c9f172a98c571c2c2,48386024,48.386024
0x2e18a95dd25451a091061333d2f238936ea86b86,48310895,48.310895
0xa50a60df1164766798971b95f8c331f7d465a54e,48309781,48.309781
0x74255d25e164f46f5000dcd70859dd4ea7210931,48227440,48.227440
0xd66970c4d346876c4d4ef44b5be80797b7a8e3b6,47911315,47.911315
0x79fd1c8f1ff0b0028cdff818be0ccb0fdbeee5ef,47490358,47.490358
0xdc55ba9f4b3157ea6fddfe9571582907bd9e5e9e,47386347,47.386347
0x0c86262354095fa35a21b58af3e0dd94d0ba767c,47260843,47.260843
0x280d99e519537851117a1d53a02121b1e2866b64,47227034,47.227034
0x08fff679556996841613e7e63325540841047a3e,46922369,46.922369
0xf9107317b0ff77ed5b7adea15e50514a3564002b,46922369,46.922369
0xef7906e8849475d9e59a66879155fd52419a44a2,46921285,46.921285
0x121df6cf9d35c240aa191dc045e24b4f4ef4fa5b,46920808,46.920808
0x5b3ab92e283eadf2cf71a529f2764bba5bff462b,46882578,46.882578
0x411a76c3a57d398c95123526dd1b0b8d9ca736e2,46787398,46.787398
0xfdc39e84f80a6ae1fd9d1f4acf22ee527ab85de9,46639115,46.639115
0x8efbf89974fa77dc624c99afac34d0a16a56a1d4,46497874,46.497874
0x64e7fd43d2b96b92ef003847a226b7326307b868,46282595,46.282595
0x7957e4959a88bb9767c1db24800ef07b974a7e04,46102240,46.102240
0x1711bc52bf7e0494325799717fe640f1924617b7,45956401,45.956401
0x3c0c7b44c1f9366271f5c491121a1f7d55d33ef5,45934623,45.934623
0xb4228a377b3e334a9358e2c820685cf2ddf967b5,45920684,45.920684
0xd64482815c75bf1d017a5c1d0d2818dbb08d4c97,45888976,45.888976
0xd5f5902901bbe4221c633a4a491a21ab7e4ac091,45870335,45.870335
0x2a4c7d66583b89e81229c3d42cb523a716df09af,45776059,45.776059
0x758709a760a18e28841ffabdb36eae98f24d1f2b,45566408,45.566408
0xd4b2a6d9556d93001224f2ba18ac4a257887e6e2,45392945,45.392945
0x117e1ebb7d05545064850513021df6ade3c1690b,45325637,45.325637
0xf6aef1044028907c86eb8581b1671e924392d3b4,45308496,45.308496
0xe7fc34f7e544a7c0f8511758ee08e2e098dc3b7a,45303210,45.303210
0x80d762e5a4dc2bc237f594a7f696b5e216067036,45225112,45.225112
0xe4c8476226ad79c16f614a20712d348b77cf95ce,45097351,45.097351
0x00ea6de478d50c7c2fa6c6cdcdd4ac17f105b976,44851188,44.851188
0x8d95730bab8499e1169d2b7208005b11721cee6a,44544964,44.544964
0xe5c7b4166d5cfaa9cae93048cf683f870ad4faeb,44533163,44.533163
0x313df0d904dab4c590ff66e3b43d8f5d185b8cd4,44388276,44.388276
0x36d8756f5ec3a24a8a332c89f82ed9cb63c64a92,44077557,44.077557
0x41ede95d99ecd65cb6539c23c6e3ff0be6d8adf9,44063972,44.063972
0xfc166dd5e7599063642b25f5c91c7366d4c90c46,43921218,43.921218
0xb9cf551e73bec54332d76a7542fdacbb77bfa430,43921012,43.921012
0x16bc31d54745468b254a23e3d3c650a3463bd5e0,43856259,43.856259
0x45532e9281776bce2f4197daae80cdbae9320d5c,43819462,43.819462
0x0e2539c6d01d5bb6f4dbd3ad5bbaa35a0e7183e1,43717129,43.717129
0x1f83009caac94d71fb3ebd92bbfcddf9a6105f43,43658555,43.658555
0x7a35d66fdfdda75cf23cac5823fd2494354e0ded,43588951,43.588951
0xcd3c3c99e76018f7812a70555ced2d23a062b1eb,43588951,43.588951
0x5137b75dc3a3c1da10c558c76f58549eaa0adcf5,43499081,43.499081
0x808a023b72260170c95d831f589a1ae0dca1e43e,43498823,43.498823
0x3ef8855355b525c69b267ed606d790aeb37f07a3,43481167,43.481167
0x870afc931cf11dee46a24eb572a3fe6020330193,43442169,43.442169
0x1a00fd7be6431bfc04dd95cae20083ac55f5da4b,43330979,43.330979
0x66e199cf3bf38d1e0025dddd0033ffba6bf34f45,43212603,43.212603
0x31923e1811cb6d5c26870439d457705505dcf402,43114900,43.114900
0xa23e3e1c97b7f776ac43a4566ff4e97be0a2a859,43027933,43.027933
0x4a6e9e4d076351ae3dfa6b7a8f44b9f844a74933,43006716,43.006716
0xe4bb1faedeef0faf121d52176cbc2c11a021052d,42936563,42.936563
0x1fbb8d78f133b88b007123721cea6bb7612d0c03,42921645,42.921645
0xae6e2e99def43a7e7b0a94e5198f30b18e3b7858,42759861,42.759861
0x37e649f8f4fa0fbe4cf04b704374dbb50597e4cc,42747627,42.747627
0x5fa27d1496b1b3b532230bf97ac4bb10dee944fb,42540963,42.540963
0xae6ef3bd6e9f12896f3b4e85f7e22cbbe1a0d46c,42510278,42.510278
0x6aa954d5748a95f516933c95661815845869c663,42374808,42.374808
0x5acfb0434c730c61ae7bf89e119233249984a82c,42215503,42.215503
0x428e209da85f879168fd8e91e6ebfdb809c7ea46,42087015,42.087015
0xee1cb06ac67f7e119fdf7a5f7867f54dcf68204f,41984277,41.984277
0x6977e753e022f65ebeb170d8267b2ea54a431523,41980812,41.980812
0x631403032cc328f8b8179c973f67e0466228411e,41977250,41.977250
0xbe33ae60bba53b070fe8e61d1cfb22ee05d4e4a6,41973699,41.973699
0xc4b0f00660592819ed9a38b6affe76e15d0ce502,41898177,41.898177
0x247bb49d85e050758a47f70ee0a156baae8cea0a,41799840,41.799840
0x6d71aef9cfc52a4397b0c34fe71c4023a17259a8,41788511,41.788511
0xb556575e8c28bab34d1dae7735b78111ec46936d,41757323,41.757323
0x3a9469b49c96bf2e6af2ae74143ad94b93bc3dd6,41756968,41.756968
0x87c9f5998197ae15166a2f84e086fa2a57963433,41752630,41.752630
0xd0c2439c64f0685a1757a18ac5d5d852f271b36d,41544681,41.544681
0xd3c1108ce14443386611ed80ea5d9a5ff0fb8905,41537677,41.537677
0x3597f1635cd1b8e4dcfffd72496ee4037a08c73f,41530406,41.530406
0x1d7d2b6a0748c4d336f172093602571a5e54734a,41523723,41.523723
0xcf1bfd19b1ab67a251ed749c7084e68778b9405b,41519323,41.519323
0x1fdbffd0d8e237e64e68a904c2a6f447a1ad5c90,41504650,41.504650
0x61967689749d19de31f451d23a6618c9eba94cd3,41405741,41.405741
0xa8687e9b3ca0a61377271b08b9dab94292e7776c,41388751,41.388751
0x778bab5c0f5df3b782f9e1f985ce858ec736304a,41328436,41.328436
0x406be88f607854f4660e4635492c5343069936c9,41314619,41.314619
0xde173c3cde2f701da3570056ca22f2e3cf5b073f,41314247,41.314247
0xe78cbad2afa80bfd63f5ff769c48fef0159440a6,41291065,41.291065
0x4d32f0ea5091d9723862492edd9c15862729f1c2,41229717,41.229717
0x8c39b7cb82b9d791adcc9387098944b635c17b32,41163774,41.163774
0xd7ae1f1660c4a1f898a4875a46d5dbc6c03c292e,41161751,41.161751
0xc1f761cdc5ceac625cdc7635f04f68568a48e671,41124318,41.124318
0xa2aa047ae84388e17b872bc7f385294a4298edca,41089749,41.089749
0x191175c078fa685964849c29bad4b62d0064d791,40990331,40.990331
0x24859d7cb5975fdadaee46776013fd8f3244430d,40843026,40.843026
0x59c2b53b8a44fd7d76e5c6e979ae3de317ca3a09,40826398,40.826398
0x10e72b966e8a09ede8f568778ff55e22b00345b3,40804727,40.804727
0xfa8ba02d4e9d566f1d4730b322b236f26472cf25,40715374,40.715374
0xbcd0b2b99f9246bf57d7ba56ba21826471a5676b,40668791,40.668791
0xf207e69a7cc3b4a00fec3039891a77b3df8c3577,40577709,40.577709
0x73fdef9110b5a0dd8617b919031fb7c7f3503ae7,40552451,40.552451
0x9f02ae246f12172043d58ce7fd307874f285f57d,40547105,40.547105
0xe7677782af5acfb2ea2a103570fd5af197cf477b,40434624,40.434624
0xf7ed16f91c0a860ddf4aef6172380aa5dea9c791,40404073,40.404073
0x0a7284ef44947b34ab27bd27abc4604dba3d8515,40388215,40.388215
0xb37f5ee71b48250a4357c3cc931532736f87dea0,40274870,40.274870
0x113431ec7f7a747b61fc8dc2c7f0afbdbcac81ff,40192156,40.192156
0x16d2f86f30945bed4042593cbba1ec413cc11e3d,40192156,40.192156
0x4e0e75808d68c0a198e504b46f87d6853bbbf0e6,40192156,40.192156
0x86cbf241cfffd29e5ed5110e84f8a53cfdb9295c,40113545,40.113545
0xd54d23200e2bf7cb7a7d6792a55da1377a697799,40091555,40.091555
0x81e5d275cd715b9a8cf856103f9bc0287067596a,40075093,40.075093
0x0eaeab196399163725a1aa44f8eb5442363ddc6f,39973421,39.973421
0xb97018dc459de6892122019cc6e115997d1651cb,39963972,39.963972
0x2d7236385dfd456a6c0f56a4cdf29bda6955812e,39941750,39.941750
0x712be1db2268059ae69907bcbb51cef575aff0e7,39926419,39.926419
0xd7bd161756b2b55805811882b352ac011289fdc6,39913237,39.913237
0xa785cae14c13941a2e1e66ee673157b3cff7b926,39848691,39.848691
0x9bd69bae91efece48fc2c704bb8430d903ba7f5f,39810802,39.810802
0x0532fdc1c1b8519afd1a9b00d92bdfb868c282c7,39771683,39.771683
0xe9e302a4bd568ae53990d59e74a9658d84c2d2c6,39711058,39.711058
0x2f9021771ede6a07324ae62cb4864105691248fb,39654628,39.654628
0xaf114921e8d91c1bb01b5f416e12a552d7473602,39640485,39.640485
0xcbfb4e6cf858af9381d89b4ae589b1ba0e876e31,39600119,39.600119
0x4f96f50edb37a19216d87693e5db241e31bd3735,39500184,39.500184
0x709ee411f3cdd0bd0dca8e751760b9ba69fb41ee,39483058,39.483058
0x2984c62823c1b609826b85a1d0f367be1bcd23dd,39426807,39.426807
0xe0e4ba0030fb1a7675666747dd1343efb8a032f0,39124768,39.124768
0x2f3b70185b207081d08f1f85fa0d32d02aafd446,39109914,39.109914
0x133545903e33c96efbd09932275ac067d7a1b86b,39019770,39.019770
0x72d395ad477aa50c219905181e9dfc4020539f28,39019672,39.019672
0x0bc53a5225417682cf22edac420e9d17b32ecc08,39019672,39.019672
0xfd151623320c5e3a352b7098f8cfa86b6bf2ee6b,39019672,39.019672
0x971b4a65048319cc9843dfdbdc8aa97ad47ef19d,38850417,38.850417
0xc7755a379a5b56dfab57b9cad804428effabc817,38754098,38.754098
0x93a0ad0bdf6194d66e29fb3e5a16314989da319e,38745423,38.745423
0xe1063fa58952fa22b17852910fc88ce46909d197,38743229,38.743229
0x885341187ba7164481c13916d4023e9b50b38bea,38731897,38.731897
0x877afb04cef0f9c6c3eca373876e473c642ba83d,38682748,38.682748
0x1de37833529b3ef0bad542aa841e647398a3ea03,38658446,38.658446
0xff23edfca8468abba455188301b9be1d16f92fc8,38492387,38.492387
0x8b659d058894f49fc977868ec94953aaea6e9f40,38411934,38.411934
0xdacc47d22370a3cc940160efbe62750c47900f44,38294672,38.294672
0x015e639910e8690fe1b9e6cbe22e4f9a405d33b7,38275225,38.275225
0xaa8fb891ea07d078465f3d6f34c7963b80470637,38235638,38.235638
0xfca8526580991bca4d88350a04bd6146e362b61f,38142326,38.142326
0x1375a53a76c9916b3883da03b7a215ff6a332882,38086827,38.086827
0x9cbef581b10b68f787ab27bfd22d765d3796f4c6,38061213,38.061213
0x33e0ed1f3d35f6112d4dfaf8944ff17633e6cf24,37882069,37.882069
0x942c82b1fa3cfd5d383e30f27ad6144e9da2f9f6,37858028,37.858028
0x56a46d8a3b84f2197869362ded3a9f84f3be60af,37816898,37.816898
0xdda3a8c85c93522c5a9de6eb51fb53c22101a784,37752522,37.752522
0xa75f9c8246f7269279be4c969e7bc6eb619cc204,37740730,37.740730
0x0ff7c073e7b98520c9b977f87050c1dd9219bb0a,37701174,37.701174
0x7f2436d628137a1a4f07631b1e09e37455f4adae,37413556,37.413556
0x8806bc57e7abe6b5d294a3f9a12ea7afcc4adc4b,37398149,37.398149
0xd04587bb9f698cb1473bc7d575694bb80a5888f3,37397410,37.397410
0x42dac2ec3e4231a0d046e7ba6053519f9db20b7d,37387325,37.387325
0x1c05abf60a9282946cc16969853138ab8ebb8d8b,37361337,37.361337
0x9b3e94035c8ec42e04661b76aa21abe7a882534d,37329849,37.329849
0x4764e2d1f34406cbfcbb91759103db97d8327e36,37232334,37.232334
0xa07c565326376055dcfa206ef5b84ae471fb735b,37151178,37.151178
0xc994f5c186500082d5e4a3ead684f1cfa50eb894,37107735,37.107735
0x19504d0300b8a2ce2ab0d3621e795de23f4262cb,37069135,37.069135
0xf383c62daa5b8faf07cf4bce80fce70d78a301c0,37041790,37.041790
0x16ca9a189cdb7f7468666edd65413ded864ff009,37007001,37.007001
0xf8708aa79b39124dcff29a4de33c3df674e407fc,36940438,36.940438
0x7f7d208e6b7729fcad70253919b7bbe3c302ad4f,36921404,36.921404
0xd1b31136506960dfd110202abe6a6eadf9b591b5,36871328,36.871328
0xf3238296feb6695867a39d5f9f4c975ab57cace8,36832361,36.832361
0x1d45ac3a0da6cb02ee97c46c005bf1d0245dbc40,36821278,36.821278
0xc060c714af7ce5d3085fb35dcbad4ee8ae8757bf,36765556,36.765556
0x264506306092d4d6cabb2f2ecee192ede5772587,36754519,36.754519
0xcb57f05af14815e62b1096674e8cc405c924b8ad,36624436,36.624436
0x17c16306e3fdc11489dd7e61f7d7782dbf8daf4b,36620411,36.620411
0x88849c31eb0f4d1f15e984f6266a9ec19739a880,36580641,36.580641
0x0c033e4ee5450bc445cda2c9532eb27339321772,36552508,36.552508
0x5e37490812c434e3f28bb4a0cc1a56251f558bac,36518627,36.518627
0x1d62daf9487c90c5bdea722a577d8c9a46f9e9ce,36479614,36.479614
0xd4794907abcde65ce2e547f48911a196c928f9e1,36433251,36.433251
0xd4f72bceb287294db4881c2cc7d43c3de0adedbf,36334524,36.334524
0x88ecf1e8338fcf8babf8a6f64fce1dc4fbd21c41,36277971,36.277971
0x002525a77d262dd11ec63c9146a821b11564ce29,36250944,36.250944
0xf424dd28154ad4461d075e3374649a85b8362ed0,36227967,36.227967
0xf5cb00b71a2abcf7ff4c581c56a9f3e686775bdd,36225735,36.225735
0x85e3f17c84e239cec91e42ab3df021db45febf17,36052582,36.052582
0xdc42fbf765cbee0a786e07a862e89a59f872ad29,35974340,35.974340
0x238d3bda0737a3f639686087fb06ff2d84810a6d,35967318,35.967318
0x60999773a86345ef2ce54954cc253e32e17f9df3,35931787,35.931787
0x46228b684507aebd94734b6fb327ebcb57552664,35906637,35.906637
0x55e7c3d1359120be815f808412bdc84d5e3da68c,35903860,35.903860
0x242fcffc9016e941b6ca08b50a94219fca8c8ff4,35898098,35.898098
0xe364a45ae47e1c3584946ad86086a170b1b32533,35805901,35.805901
0x62dc78052e23bd2a35acdf9e674c110570acdf23,35770132,35.770132
0x14fc9f64d0b02635840c0ff076f7bbcc8e9376d6,35742022,35.742022
0xa9e15ae40c51a40b1280623d981851a29f4d391b,35704808,35.704808
0x6f454fa5c8c9dc56209f6f5d4c7df32c735c4946,35700640,35.700640
0x19f17c1578c46154e076f8442bff27d2a1ceedfc,35688351,35.688351
0x5ef3e3395f838bc5736efbce77884bd06035313b,35666109,35.666109
0xdcc007ea39aee93f9aba70423e1b3e0e87aaa216,35654449,35.654449
0xf178e76300fcf76185e14a23b79f5cb36fd5a2ad,35605339,35.605339
0x172e08e84b721f37ee91b70f8dbfc522394b1968,35586193,35.586193
0xeb3648865b1471996e5f65ae845f9eb9226b9a02,35583677,35.583677
0xb74485434c5e8b197144ecd62963525d082f7fed,35561289,35.561289
0xffedcdac8ba51be3101607fab1b44462c3015fb0,35423873,35.423873
0xa46f5ab438632e005a422ac151e46d410ec3ee34,35327032,35.327032
0x17da0c5bc2282d5c4a0263ecc38f86d67712b418,35239605,35.239605
0x8e59d3d9d013e8f9bfe12dc317d56b1f1d0a504b,35138374,35.138374
0xe889f059f1bc25e16b9b942454fb72136b0db946,35109418,35.109418
0x7e46881d9d8ed56e727be69f3351eace661cd1cf,34975376,34.975376
0x67fdd3128828612d91a26beccc670236ece5c6f5,34899478,34.899478
0x46eeb2c1f233e1b8510689c00f563ec1291e1679,34881454,34.881454
0xf634791d5749884a45c14fe0f4fc94e7f05bffaf,34865695,34.865695
0x435c52bb29e3a8380ba9045db70910205a4e6eab,34861694,34.861694
0x6c4e4ce5a158123f7b3ca05ac4ed9a3712ed264c,34819979,34.819979
0x5818976d8629f02c440a28d3ed41bb662dc3b614,34809206,34.809206
0xcc0036f9df61228aa804f2141bb7cb3120c208f8,34796109,34.796109
0x35c9b0c077c55b8fc6d5e90294a351486b2558c3,34699515,34.699515
0x9aeadd4f6ce3a5059fa9780028103ad2b469a316,34689903,34.689903
0xa4747088d2baaff62e1b4fcaeb104db83fb93dea,34576440,34.576440
0xd7fb4f8c17948758b42928d2e89206eccb1c74ae,34462307,34.462307
0x406facf624bea968409b6486c6bd56f8f574e488,34386191,34.386191
0x7cc29be84971534fd7a13f93f62b6c706722c727,34373258,34.373258
0xcf230d25d7f11497d769dda2c595f7c0f22df54a,34315865,34.315865
0xffdf94fd422fde451d5eb262be02e489273b9767,34314491,34.314491
0x734e2432bf73fc573bb93c19cc0f8584eebddb0a,34288235,34.288235
0x3000d9b2c0e6b9f97f30abe379eaaa8a85a04afc,34220489,34.220489
0x95d4dad740310a4fc0c8305229d2cf92a1070054,34220069,34.220069
0xc7c925e90667c568a003bdbddde63dcc6c3cc99e,34164177,34.164177
0x3698b68da78489640a9d286e626da0e8d2933f8e,34002635,34.002635
0xa8879c580a54f190ed53b43d30de269097ad7543,33994292,33.994292
0x6d3357568b110cb3064dee6614e017992d6444ef,33970931,33.970931
0x3d185c261b7626d1369c52a0e7bb65fbfa603c30,33967230,33.967230
0xf4d18a400d0bf2e1c6392067815b2aa878319952,33920130,33.920130
0xaed7cb46169a0d0668b48cb03b62edca9624e969,33904459,33.904459
0x805c6804b600667f388ca1fc0a89fd6ec5694ebb,33902229,33.902229
0x156efbe25ada722e79cfd4285eaeda830017017c,33753049,33.753049
0xb11af3eaac502fac3c613b03c9a352c08ea5f765,33751935,33.751935
0xe1ce2779a63c6cd75b6943793285c8f4572d0726,33751594,33.751594
0x0207e04437a69043ae5c3402a2c266127452af92,33745067,33.745067
0x7dcc2fe0ae751a094ac2ce5632ac38f0754729b3,33672374,33.672374
0x7d78c5974724a088aa54bd7593774bb7feb4666d,33592336,33.592336
0xebcc2a15789662c1b3aec4098827761d5d81ae74,33512403,33.512403
0xacb5ca20bd35b2d5cb63f6a453b8a5957b12e290,33509700,33.509700
0x058a9bbaa8e8e4dbd3defb383aee69d617e83d6a,33456706,33.456706
0xad5116d1f9f3d2816935b0df95a58750745eb308,33418642,33.418642
0x4429d984162e1c4c4cd1fad6885a78f870c4b892,33413593,33.413593
0x05f761aacd63e4e96bf98f0fe5614de5ba90856c,33389208,33.389208
0xbb7f57ae7716ee58c62100aba3ed87d460e1b288,33367024,33.367024
0xe3c52dca83985a5d9ec0f79d4f53fcf713b2d1da,33344590,33.344590
0xbc469d4ebec1b572e304ce84464291302757c95b,33260629,33.260629
0x1cc7725809b44c316f5b93c8e0e67f03046fb3b3,33176779,33.176779
0xb4302ad930ff6e8399af7d6bf9cb4cd174e5c6b2,33119563,33.119563
0x24db7c9c6af761c4f2203f4994a7e667a9094b91,33107322,33.107322
0xed2ffdcc8fc7ec5b2b932f29c34d1479122b49c4,33102325,33.102325
0xe3d69bcab5daaea39787eeaf4c0369de366d71bd,33074102,33.074102
0x4a55a87da084fc1411d3a8dfdd7d5d5e2dc3fa68,33071745,33.071745
0x78e6d347c3820550cb9bb26aea4b43d4df1b4989,32966291,32.966291
0x38a9830f93afcea513d455e66432543f22eae3c3,32890053,32.890053
0xfdc46fbdd8af50d9bf7536bf44ce8560e423352c,32820808,32.820808
0x01c58b81fbf4c316f783725d9d02de7b69e847e3,32816507,32.816507
0x14931bf7b62b8cec8bb2e993f1e4f7985875ad1b,32775414,32.775414
0x3fc6c08e329954ce19384c6a70fb578791bccc7e,32658777,32.658777
0x87f92a109510a643c87cb0b6bde022338ef1bc21,32613658,32.613658
0x93d3758d9633f9c903aec7368c833e4892311963,32595498,32.595498
0x1cde700c8b4012079157cfb0d12df7fd41f3d581,32585391,32.585391
0xebcc98573c3cd9b5b61900d1304da938b5036a0d,32563948,32.563948
0x9401df71b22eb8fee6d89e25905308c06afb5b81,32531152,32.531152
0x83526cd3b3b1294ae4741303cec660e75f5ba6d4,32519621,32.519621
0xe2516bdaf6997d9110b09a56a06855bbba49cfc5,32481629,32.481629
0xcca11a8edb05d64a654092e9551f9122d70ea80e,32459360,32.459360
0x1216abe1028608b0eeaab0635f4c56635f1d69f0,32388499,32.388499
0xe2dd91170d30879e99ca4f9dff1f09fc5fa9945a,32373618,32.373618
0xf06f221df12b66e489f8e07c407ae6bf14a8fb30,32341015,32.341015
0x69c077aa7d0770d4f13138ba5a07ef29d5fd6a13,32236034,32.236034
0xa2a1552cfdf71adc08658246f311220afbb80259,32190268,32.190268
0x7993b9c64781107dc0fd2c37038cf654f3442713,32153719,32.153719
0xdb18051642f79cdf01e96ed928d2979020b08e5d,32056690,32.056690
0xe5a65b0fd05c80742c90c791f337c8f5c788bb6b,31972392,31.972392
0x00a3d4243825291533211e89922068e395e4dc2c,31961626,31.961626
0x8699e8dc1ba237808804229064a7a87e9b825a69,31888443,31.888443
0x98b56fd54b6b65a0deb7f87e0f2a8c51c138b399,31853656,31.853656
0xc7bfd896cc6a8bf1d09486dd08f590691b20c2ff,31826158,31.826158
0x7db7d690c1f8e197fcf30466338286e07d459b1f,31826158,31.826158
0x3984a87defa0cf64b337160a1ee2f95723cb4236,31820872,31.820872
0x9325564ade7683706107685cf1993678b1163261,31820872,31.820872
0xe3aabde4dd0cc779eaf4713aaaf286455f92dd15,31820872,31.820872
0x1adf198b135c38e7f14a3e3516622fe80941f667,31818730,31.818730
0x25284afd26c647904b6ee80025ef37523f7ab97b,31752559,31.752559
0x96a4bc19e6947b8c4b3fbc47bae0dcb32f0037c8,31726315,31.726315
0x22ae3ab19500b7249d09e60dab9de85bc5fe0429,31697781,31.697781
0xa30e48c7826eed00223224dfde038347b983f0f1,31693826,31.693826
0x6b30a1ddcf58e77d90bc9107b8793a5898f2fdec,31668228,31.668228
0x1f2001c036dc4959d8f8db18c15c2d7cec1cf6a4,31608880,31.608880
0xa6571b013b13f86f2e1278a1407ff3cda8cd3cc1,31573436,31.573436
0x0fc3446c3041c3ec47c2ddc5636223fd1a0991f3,31562715,31.562715
0xe7ffe08a265843138199e33ec3c6c173446fbec8,31552767,31.552767
0xdc861ab9b260c7e1cc0d322123f0dcf95fdd40ad,31499663,31.499663
0xa9e839ffcffd86736a8d050aa08becabfe1b67bf,31369171,31.369171
0x18d60a81a01fb694d943640ab41be40177c71158,31357837,31.357837
0x71f9b420a6b03d2fbe2c0d2aea5f4365b0e95774,31340990,31.340990
0x58ae54566441401b2382324bafa05f6836b88b04,31337402,31.337402
0xa606513631557e89d252de51c335c7190210b772,31309582,31.309582
0x0e42926abdfb00dcb6fe25a181ac1ce99c20e46b,31304684,31.304684
0xc8d30ae0058f04d7d987622499c607de1bcfa10b,31293779,31.293779
0xaf4afd7a2e5a1a6ff0115d7ea85ccc1a1e5c348f,31235070,31.235070
0xda37d6c083e71930b9527c5384ff7417652cc6bb,31221255,31.221255
0x8e39bc975ab780afefe66c43bc1204b84f1ca937,31215736,31.215736
0x3dbe3a0ce05d45f8560027620947274be0439ad1,31215736,31.215736
0x819c55c881d1cb7fcc272345cb28b639530834c1,31189081,31.189081
0xc7e75fa0e8809c68ee2965d84631382e7d69fabe,31153405,31.153405
0xe85a04cc499d97826254d76cbb97ffc150f0a44c,31150166,31.150166
0xedc66382f1e7fe11c259761cbddbdcb995bf472e,31114722,31.114722
0x9e87bd942a125f5dd603994246b2169bb6b7b9c3,31028586,31.028586
0x358b0a9d7b2c4fb8be522eb496385681fe361634,31000575,31.000575
0xdef9fa09a24c0bd80fbc2c4366030ad635825413,30997648,30.997648
0xd9369e9e1c9d3c4f97a1ab76f2befdb4bfa01ab5,30943071,30.943071
0x51b4a326b905789c171539a02eba0d1d875ede1d,30873578,30.873578
0xec4ba3d0b4270a6f73fca7626d813f8891fb06cd,30798423,30.798423
0xa127af24a54c6974fa2a0e1e23ce4313c6f41cb1,30795500,30.795500
0xbe74bf893512bf82e19ac7aa9c73e2c3a3e153f1,30787731,30.787731
0x825483c3e50568dc4722627e6d390c2061e2eb52,30787622,30.787622
0x2beaf7d6b07da1f56628ce274eff30feeafd48b6,30777897,30.777897
0x8e92cf27d4bf71c456f51b3e44c9962eb8fd6536,30729853,30.729853
0x1adba155041cdad3dbeb78fa73c32ed626d9032f,30728723,30.728723
0xbf8634c77c65f27d9447a8e362350e20806e85da,30718044,30.718044
0x0cc00f8752a3ba21629e639a3f01abfc9ef48c8c,30644947,30.644947
0x07288994acde079446c461ad09a9f94c2e9ee266,30641749,30.641749
0xe2f516e9cff2c84b0f1211c666741e40566b510f,30609829,30.609829
0x159fa017f5a1316f46a03500b93b42b2d22944e1,30549966,30.549966
0xf5dd4fd37a79452e97e3ecdc92058b249dd27d23,30473642,30.473642
0xaebf5d177f99fb120c6ba0d2db816d612fb5b720,30409695,30.409695
0x1bbc33879ad6058ac4f874527963472177c04121,30372732,30.372732
0x0c98b20eceb6d543c728cd0dda58dfa130b10e2b,30364993,30.364993
0xc8a0e1cac046803e17da842cc790f36affc108ef,30355269,30.355269
0xff48c199a7ddb0c073802532bc8c341a1b480a84,30350102,30.350102
0x132e55dc6cd26f5eb3233928edf0f682d8abffb4,30270191,30.270191
0x091ff5ff1fbeb093f538146bf78018826822d2b3,30252075,30.252075
0xa4aaaf352d2b9efc06def2bcb0817083c05ba40b,30237216,30.237216
0xe430c31dbab1ac5fbda29986f21f8c0686f8d90e,30223084,30.223084
0x6a00b6fb59809e2515612af627ea0757f622bebd,30150611,30.150611
0x88b675e2a46c085b7eea1474fdcd17e930caa40d,30106306,30.106306
0xf2ece5d067fae46c136c5f8164fab8b7cb03bccf,30098890,30.098890
0x7b78d883354ce2572f7d583545baf787898cc5d7,30093448,30.093448
0x204d6447eaca18f5940825cb75e57a667e081ace,30017629,30.017629
0xe739cca198f280a061c6a1d5b17c1c3ae89cb070,29972900,29.972900
0xc24ceb49ae784fc95302c1152ecc8353e37e9ec9,29958715,29.958715
0x9896cdde5ea9c7e5b774dbe2611c40db79479620,29915208,29.915208
0xe3cc3b1d182d9f044ed8646614864a3bd1560615,29870379,29.870379
0x9698d626669d09929a7ef0fc013ba269e64026a0,29840868,29.840868
0x11d0b2228e56ea468fcbff3fb37ac66c9c2b2692,29809372,29.809372
0xd676e9fa38ea38834c0a0594f2dce9f77079aa29,29794903,29.794903
0x6468cd9e790bcb0b9420e747b017fcdb8ee2e207,29746182,29.746182
0xefdea60c8007af031f4faf404b69fc1a0fbd576a,29698423,29.698423
0xd113e00039d6fc9536b2c7c796efe019b4b19739,29695300,29.695300
0x942254758ae7fd1269343f12b9d5a4613c13ed15,29693470,29.693470
0xc6eeadf321fa3d1c2a15f650a6995ea0496de394,29664113,29.664113
0x8009602af66c50ecabc5d3c2094a3429dc62d828,29658024,29.658024
0x4fea22774ecae6a54d85386a1a3cd3bcc59b4a30,29654948,29.654948
0x9777daabf322d38af7a49a66dc55f3086127baea,29653123,29.653123
0x49236ce2eb4b67618513b37f09c101183e7367f6,29610348,29.610348
0x6538bff5c90422db8e60db815a14184a59e087d5,29525933,29.525933
0xc81a849a8d9487bcc343d581f799075ac341c5f9,29510473,29.510473
0x30363bcc31b5ad74f5cf4a523c3640eb25433289,29488897,29.488897
0x7818f7db405ed73d247f6dcbc8aba69d15614a97,29475911,29.475911
0x7cc4b591fb3953584fa9d3e93632f72a5d1ba751,29475911,29.475911
0x9ee4ca177d4c499e4640a9439de7174594b1cd9e,29451824,29.451824
0xbbf3f297a988009177f8d5e9771d1dfcb1f37a37,29403395,29.403395
0x0a06f85c8bbd02578ad22c463f8d17276eb4987f,29384672,29.384672
0xc0d55d297beb81f85a2b0cdb2500d9014e500d72,29360003,29.360003
0xb7d8c49945144ec82605ed877a5e0dc4bfbb7f63,29353773,29.353773
0xee6eb2ae43efaf284763d15146834eb66641de46,29296967,29.296967
0xf34a9dbc619c55d8efd29dc62341403430a1c364,29267561,29.267561
0x81d39e7b7b80b147ce2f584ceef0293fbb5c47a5,29263379,29.263379
0xb063eab5da66e4745473cc33c9434217756586d3,29217126,29.217126
0xe60c3eea31fcfff227624e47354b3da1b39073c4,29215297,29.215297
0x1f4e65ded886dc708a278f05ea107244a8161bf7,29183393,29.183393
0x268e8ef615670b275418d2787521ad27a4c9c310,28889668,28.889668
0x070330e027a3e4327ba69f0c8a1885df4b545837,28879242,28.879242
0x8621b4739877a9233555ad515c3b4f2f76455509,28875511,28.875511
0x7a7e5d6963bfc8d6055be42e6b114f34c03f7d45,28852016,28.852016
0xbb9e0f930069b15b26218e379562819fbeaeee45,28846115,28.846115
0x98ee235244a99fde7aadafb0c0fc77845d9e055a,28842655,28.842655
0x244af11464e98145a39125db49876dac29953059,28770004,28.770004
0x0850cccb682d4842c1e0968e0d3d7c7e4f07b3bc,28766337,28.766337
0xd03b252b2a7e263fa9752f7e7abeb8f15e177cf9,28744505,28.744505
0x3fa01a2d592536bec7dc60b1172bebb88df2fc58,28735565,28.735565
0x8e81dd41face67bb7d6415b982352413a05a4d27,28668290,28.668290
0x06f8b4e0ed05e53c05876122c624fb122db6f565,28659502,28.659502
0xb1d415affbcf018f0a39d996fb9da210fa7b6124,28591294,28.591294
0x34d53e73f4e612893b8ad1adea1f6180ac476241,28567930,28.567930
0x3873aa8b03c5fbcac1325705e611ac98fe402e78,28506305,28.506305
0x9a7751ed3560d9a0ed0a33d6993a95d873023d8d,28457895,28.457895
0xb0b851bf44499edec30795bef7ac4d5f9dd632d0,28451676,28.451676
0xe042fa4fe111faaf2b213b1e247bf5814c19a718,28423701,28.423701
0xf029b760b3a11b015ea9bb43ba506aac1f6e47cd,28419450,28.419450
0x347ee2748673403a535f5101df9fc171df2e5542,28417821,28.417821
0xb6c73911480aa79d9ec9966f71af56d55a37b70d,28393881,28.393881
0x837cf85699b8300985472e16483f4e9a1a175c77,28374208,28.374208
0x2d0bd794e4656a8405cbe02da5696edb5da3e486,28234085,28.234085
0x365fe9d48606c613dc852b214cefe4f533938172,28219184,28.219184
0x5d2ca9c220f66a5f181e53bac510fe1e1a0ba268,28196519,28.196519
0x9c962f6385ee9d9ef9aa7be5af2e7bcca569eda2,28188940,28.188940
0x66fec300e824a3820be545bbf8dd4253740f66c4,28175121,28.175121
0x74bfb8fdac59f4ee2eb28d02c8defb6d3e0f5a5e,28155757,28.155757
0x900d014598ca25a6aac0ed623ca4b5542b6c4369,28141705,28.141705
0x5b7bb5402974a672f20577261360c5b5fcba71f8,28135671,28.135671
0x0e48957bef136a15d4615caac51fbe5081470c71,28134504,28.134504
0xcaaeae16dc4a7f2709fd5e57b6ccd36115833bc7,28120626,28.120626
0xd15ace00c0f9581ceeab362b81a70d09f1f112fc,28105047,28.105047
0xbb8694519bc68b337663f0bdbe79847b49000b6b,28078590,28.078590
0x089e18b78861fb83314a33f6366f4d4e26563582,28025502,28.025502
0xf3bf86a1a3faaa019d611c0ce9378c67ef316347,28009289,28.009289
0x7cb7335ff741c33904bc0badf69d460c8ea545f2,27985302,27.985302
0x35a1c9b1ed12332be6b1ad5f232c6071acff2185,27974497,27.974497
0xd6b715b0a595df406e59b1bb05f4c7b9e97f7ac7,27965219,27.965219
0x2dc80281db559821882714294f77517bd44413eb,27947649,27.947649
0x5aa6a1d420bf8fa45d141af73e9230e1e8c3dc16,27931315,27.931315
0x8ff58dfaff8f3230077a739f0c6b4da938c6c64d,27909147,27.909147
0x88366efa29326b48c7f769adb206007889178438,27889955,27.889955
0x68ecb5bd0476ecf7303b2737cba1d8ad5476e366,27854648,27.854648
0x9d6949cfb82266da146daf32c52994e2224a8b38,27831100,27.831100
0x168fb9ffceaf175a4279c809b139459c4c4b70f5,27811153,27.811153
0x7ce4dbb342c214aab44b542aad9ea7982f16a590,27801611,27.801611
0x5a6ce91681707ae888dc9eee04a99f703d98ce95,27701313,27.701313
0xf01b155008a0d6123da3a8889e595f46d0076ed0,27678297,27.678297
0x6a106120b6d0a6774642d2f3e22fae13449dc7db,27637004,27.637004
0x364f6c2fbe138dfcde921a21b234c9ef09560138,27575081,27.575081
0xcda20b73b4faf0b30cfaac9882d1eb4d1d42895e,27573669,27.573669
0x4e331da3a462b70d165eb2055f6d5027944f6085,27520627,27.520627
0x3c048bf546c07d29c644495fdbbee494d2589f8e,27503490,27.503490
0x24edd1ad303cfcede430664e40a2ce107e4abf48,27463706,27.463706
0xbdc338f3ca019e6db3818d04d21660f685bb80e8,27429302,27.429302
0xca07e3db1c99a93af39fafe973645f7381f1841a,27367315,27.367315
0xe1e04d0651b12fe06126f944e2f5819720b11e67,27331649,27.331649
0x0fb131dcc43c63c0182e3246e022ce3bfe6d033d,27313770,27.313770
0x0545ca382fe8889dd6d1bda9b7f699830d222465,27304876,27.304876
0xb04f4e2187a0a4da75a80d6e4572a54d4fa5a02a,27283345,27.283345
0x1addd14414513f8abe91ba0ce1666ac1a0ca8757,27237452,27.237452
0x178f3ad9a08e9fd2fd95fb34633390a15a68003c,27230218,27.230218
0x2870a23279bc6b1847dd70593aa58a1120456aae,27214263,27.214263
0x70dfbf4813899a72208c6400e121672b7e831889,27207027,27.207027
0xaca3f06100f998a89b52d785ba89a827fdf04085,27193335,27.193335
0x869c93faf1bd2776827ec488107aa0bd7d39258d,27164696,27.164696
0x97b9ec58e24dfea5b47f719462dd01a7ec5b69b4,27151752,27.151752
0xdd621f5c25555442384c6196427da57039e8922d,27106653,27.106653
0x9363f24d3122c46447ba816d49d9326d91f5e964,27090222,27.090222
0x13a5ac721ab0eb9e04ece993f7460cf94a85d43e,27075604,27.075604
0xad63e4d4be2229b080d20311c1402a2e45cf7e75,27040177,27.040177
0x04378357e570f05781376df3c170e83580453b61,26995366,26.995366
0x2193ed5e46874a48c04f3f7adb9943fe42153541,26975288,26.975288
0x53eb86f6d4d65d0325142844b4dac80ccf92404f,26929906,26.929906
0xe28d88495ddc9d2be61c549753ca0894104fcd83,26905371,26.905371
0x8021b073c882278898aaab71c79b802ceed84929,26894331,26.894331
0x4e8609c9c96bd149d4b7703acf0d514a08157b50,26857471,26.857471
0x4c1c6122b839cadbd99a9593e849f970408a1004,26851898,26.851898
0x3ba046cf78786f433316e0794bf1ae91ab9bec00,26839595,26.839595
0x89b65da9b579e6c559ca0f7bfa9311b4f5e557d8,26813353,26.813353
0x3a35cf1cb43e8a6ea0a29a51e28fbbc76091ccf7,26802605,26.802605
0x3ac892a09165516d98ec9c02b95ff840ab4badae,26799806,26.799806
0xcefb93c8a45514da5b8259aaca1d27ecf38fb8c0,26782556,26.782556
0x097e3725a78fe52a803da00e827bb60a99509483,26742469,26.742469
0x7cae6f05b8945ad42eb8a07209c893ae41b4f276,26701992,26.701992
0x97f66b645196ca1c34335401f614097b62577097,26671510,26.671510
0x810acdbdce83783a8178fcadc3d6d32ecb3e79ed,26671155,26.671155
0xf445d68096cada209bda6c1c1e9de70c1d915cb5,26650550,26.650550
0x848ede53bc5f1482150c952bd71126d7623bfced,26598443,26.598443
0xf6249583075c40fa621d7f309ac7f971fd9ac007,26581473,26.581473
0x2daec070a6c13db0cf60425b16dab0735db5b274,26539184,26.539184
0x170a85b6b2a23e2f829ee71b83a3494baef335f5,26533047,26.533047
0xf8a3db410668e79e1179fd54dfec9e78269694c0,26474641,26.474641
0x3875f97b3c1a6ddf1d97850472c158697c93b5e4,26473362,26.473362
0xe8ed0790f051e52ea0ce4a3d248459e0adb9ba49,26431465,26.431465
0x6c6b74b3b68c6a363e16cbb468cac2b486ce1058,26396892,26.396892
0x5784ff641c2aeee1339c4c32da28d2e2e975bd3f,26381298,26.381298
0x7426ed9341f877ba3f4cfd122c78a4d31ab499c8,26377892,26.377892
0xf486d56cce70c481b3455af901fcc4f03fee8107,26359626,26.359626
0x2ac58b9be409c03a00753968cf40440bb08e604d,26337049,26.337049
0x4add52b7b5c73541dc80de2ab00461b82cd64028,26323529,26.323529
0x07a3157d3bfb421273d6870a051af5d9f349548e,26320451,26.320451
0xc8f0d67bbebf2c411c199ffac175fcef5e2f1e37,26269394,26.269394
0x9048422d6414bd53eafd61599e3fc51341d8bfdf,26266457,26.266457
0xd4ce8ea54db851f0d50aa758958a97fa0d05fc6a,26232027,26.232027
0x0ffd1dc2e313a3f10ac9e1b0916bb3752f400091,26208775,26.208775
0xf02ef7d05a54ce1326a5f8ef49cc6359f7246c6d,26194099,26.194099
0xbc16683cd50ce7a6fd06be6911aedc207c62fddf,26173269,26.173269
0x8ec2bda7f5481057ccb0b741858e1e116b93626d,26143178,26.143178
0x3ad4a9d46565d8bbc1a01451d47787071bf205b8,26141086,26.141086
0xb49ce783e7572ffe985c0eeced326b621201ffda,26129976,26.129976
0x6a5768aa223f48a07de0f55261db18ba192d4ce9,26110979,26.110979
0xd3dbdda24c37eb951142a42412fc401f6601cde2,26089908,26.089908
0x552be2cd9190c8a3e65dc93be5f88d37ada17a76,26067123,26.067123
0xafd9ce9e4fbbe0c9868602c5e9744d694b9592ba,26059717,26.059717
0x9d7732e846958372c57ceb44f0d04ed1ec04d7b3,26026782,26.026782
0x76527ddd67da9e59d4841f50b0cb25c6d00baa5a,26021714,26.021714
0x6b7525be0de2347df0ee1925ab0dca7565cdc6af,25998896,25.998896
0x8a9a82cf8eb9d3492b609e75e1329ffa177f14d1,25995863,25.995863
0x36881e45a0d6941b38913222d8f5abf5e5df323a,25986211,25.986211
0x51d0a5cbe5666ad3eee303f0d16fcde9c5cd3009,25958470,25.958470
0x8bce57b7b84218397ffb6cefae99f4792ee8161d,25957229,25.957229
0x14873676ee63b4bf6c1c927da879e5f6a8af1d03,25954156,25.954156
0xf1267cdc0dacdeb085c33bed0e8c3d2e5381e693,25925688,25.925688
0x0bd31a4285f1caefda8ddaec90c12a65bb69022a,25883084,25.883084
0x9d9f62c4b4d478333df95d558b5608dc9f16c9cf,25881127,25.881127
0xb0b0d02d246dadb22f40133c2fb0fcf738b3337c,25874006,25.874006
0x4b632a9b809419caf0cf7718982dafc62dafacdb,25861608,25.861608
0x3ab167d7da0384674da9532604ff70ab5ae11ad9,25858237,25.858237
0x2d456ad944f1384fd255d969da54603d65cff723,25846982,25.846982
0x766c64d809056fbb492fdb410a6b4857c015619a,25821735,25.821735
0xc5c30e594d6c79fed019ba181b53d667bd535eb4,25811530,25.811530
0x1c494f1919c1512ebe74a5dcc17dac9a64069023,25712690,25.712690
0xb5353ca999b428cbae26b3161b32b7521fb3d8c1,25708902,25.708902
0x56a41164c4edda9536f3c797aecfcf5688dda1bc,25706702,25.706702
0x5ea4d5e8138be939cbae8864a4ff1a5c2eaf54de,25626515,25.626515
0xfe1f30af119d8ebd98c76f2ce78f16a1a0b14bb8,25563339,25.563339
0xa45c3f9f39ac7278c9d709a5d8e5b1a650f9f381,25560797,25.560797
0xf9302723313accd4daec3f3348548ea25ad7ae21,25530352,25.530352
0x02535f81854b731a185a765286f7196c6c2b63a4,25529563,25.529563
0x9864033da44ace332d392195a1a49bc10cbd8ad8,25522265,25.522265
0xd217ca5b0ca2d43c8e232d9dd551daa4834817c1,25502919,25.502919
0xd17a6fc58f7a40b63ea2d5b4aa0c0b9dada8c6ad,25500552,25.500552
0xcd313c5dacbb197ada1cdf948be3e1361a81c9ea,25496591,25.496591
0xfa6b692e61f9a0a2e37ba479fdc83984061bd0f0,25493703,25.493703
0xe2c0877309466bc11db2bd4ab9d3ce4c92d6f584,25492647,25.492647
0xcaed59f6740723d1998e3bbba464ce8bd9c16702,25484232,25.484232
0x2d3f0d2e6baacbc95d4a3cf3563224fc6bfeb216,25466062,25.466062
0x6e868846b2182235c16fd122fcd44739e55a58e4,25456693,25.456693
0xc6c86e890a7a1f0bb0d5ba2888207f2b6f72fae5,25449403,25.449403
0xc15f7f5f8bb6ae5c5873797e1a84a16a80e1f6fe,25439316,25.439316
0x9b3e84714e7b8501648b50e2fc002f8f3dec5ad5,25396729,25.396729
0x714d7baf5067855eba892296b6c6d94a09857010,25372035,25.372035
0x779bd7cf9584ed2ea383819a31935bdd71998d62,25367835,25.367835
0x2692653b23fac3b8c3cfcb98b9155f7ac641e1dc,25364578,25.364578
0x8171d58d7901123aa5944b912199382676833702,25355768,25.355768
0xf88af32e21f8eda747760ea7ccdbb64c6bb0b3f8,25335320,25.335320
0xd58aea8015789d8bac69fa550c0940b25ae66128,25327648,25.327648
0xfc4cbdcda2cc581962f081378b7f9e270f1bcb24,25281133,25.281133
0x3d0d7f8720a02cfc9fee5dc7dc08181303a6ed86,25278188,25.278188
0xd39faf088e6f5481c393d16a5010678e96a20d2e,25258647,25.258647
0xa8b25d8be26d33465cda34d30b210893e0c4e554,25249919,25.249919
0x5615f1c48cce7728bd0c74d5f8c5019745b77389,25239042,25.239042
0xf6fba9b30a0e90eb666ce59e8900d2a47d17ff99,25191027,25.191027
0x6f8deda24e409a35a4bb3b6e651a8f4de806c783,25179851,25.179851
0x1ce2304369d957fc1f0dd32c983f445e449f4c7a,25175421,25.175421
0xfb528e55474073e45dd7301bb0b1e083211d7f82,25145867,25.145867
0x9cbddd3a8320583bfa7fa78c02a7f7226805f7ab,25128663,25.128663
0x69b646bf133280e9a390e1b593de5e366749cb44,25124560,25.124560
0xca69acc9d3cbc5ea252aab92845f04977646a1fa,25121105,25.121105
0x99d3c91d7ab1e622de429d01572bd072bf75ec87,25103692,25.103692
0x71e7905b14639657a3028987ca0238497dde8004,25048178,25.048178
0xecd03daf3685eeddf1c9944bf084e5343f32b372,25039455,25.039455
0xaf5bb76f9ff1cef92acef42a0446e28df0ac3ecb,25032549,25.032549
0xfff5dae2d363dd2e69cce281bd6991bcedb46ae1,25032312,25.032312
0xa32fe07eeac064a2847fba1c0e626fead3de6c9f,25032280,25.032280
0x68b97c20818bd5a02003180e4ce1e1b53a1ea315,25010923,25.010923
0xfdfb4e41dab6b74205d4c15eb77c7b3148e935d6,24987700,24.987700
0x2d814ed77caf027209efa93f0f4a1010ff985b75,24984743,24.984743
0x9feef5f51fdb694374e3d7bb3a8330631d298bfa,24982727,24.982727
0x9fbce20a4230efb6d5006ad80cd438e3575585bd,24952837,24.952837
0x0864d2da932ef1912a45c513e2bb21e740777dcb,24941194,24.941194
0x30d0f8d968312e536ef53da0e5dd6b64844b9c1f,24940996,24.940996
0xc55371e75b17495785c27e59a150409f97887279,24926613,24.926613
0xff1d4a0939f88e744b83321368f4400d7981dc68,24925848,24.925848
0xf87492a184755475c31fb1b0cfe52daa561803e7,24923936,24.923936
0x2173071ca9196734687adcbab9ad4037ee888f81,24911392,24.911392
0x84d0055bbf95e74369fe913531d537dafc65c8e2,24901506,24.901506
0x4714efb0a03b5f78cc7bab887494ba1f0b89fc11,24893545,24.893545
0xeac52c518688110a5d45c4d886188f56029bb6e0,24890623,24.890623
0x86f60e8b8b4283e4d435b694b25c0c163940246f,24875734,24.875734
0xfeb9b0c7dfac12336a34f0e807c8ff862fc71360,24859464,24.859464
0xfb49cb80bd0f9f1579486ed4dc3dd3723325e61c,24858386,24.858386
0x0ecddcf41754360ab129d7ca4c8abf220f9c32bd,24857442,24.857442
0x178143c4465a621e250deede144a56687f975698,24833780,24.833780
0x849fc8d14979b3525f00d022dd1a600ed45fed23,24818778,24.818778
0xd2513cb74476937c1f46bb8204f3cc2a6a901217,24801206,24.801206
0x0759e5ee85d18dce5a77d2d89b75fc10ba774c45,24785991,24.785991
0xcf5ebe07b64bb6b7ff66ba390b0a2c6eb2dedacf,24759762,24.759762
0x4a4f0bf61a08e379d23031f6f7ff8271eb7ccee3,24743691,24.743691
0xffca33bc4ea8c3b2cf820f70e108626bdb31e614,24727769,24.727769
0x4c82abab52beffab95491c21f85a70139a2da91f,24701547,24.701547
0xe5c978c86211ddb0a84e710ba6423c966ce33c98,24687887,24.687887
0xabb937635b824cb95eeee1863b2a879afcc62976,24681661,24.681661
0x25d84afdf493372c861325abdbaeb67c075f4f74,24664285,24.664285
0x45dbca28ed2ec01fcb47b5e2b92b64aa86a2f298,24659427,24.659427
0x4c2a911983e43b41299a50fd5c9b680256cb9eb7,24652413,24.652413
0x4e6ff0ecb647bb5c49ba5be891fde2d482fa9d03,24629893,24.629893
0x7482eef1cfa116e69f7cc8fb9fa7f0d6256cd8bf,24618984,24.618984
0x91675e2e78c3a80b2465f97259b356b9af664c84,24613024,24.613024
0x95472ad33d8c987b10763f38a8134df87b9874fe,24602767,24.602767
0x23674af8e6955d90ac410b51d12156c9ab0e43b6,24590579,24.590579
0x7f1f9faf46ec6bf268e28e89bc5a214a217fe160,24587662,24.587662
0x6d6b754efa0c0572b01343719c7b73dc5d76bd04,24574144,24.574144
0x306248f8b7da9f35514067a12c59be0ef39166e6,24569637,24.569637
0xb38715858d1087f5fba4579d674d7d73b448376c,24566650,24.566650
0x7369e5c97db67c30f64ae2924728c952848713b6,24518709,24.518709
0xcd6031bbda0fe028bbe4e569f81c2285d604964b,24512409,24.512409
0x329567bf27c6d06d0acf96d6bf0093cd6b4878b4,24499932,24.499932
0x9e1ffb23c975bb183420a175d84453a90ade92d7,24475719,24.475719
0x4924f904c380a266ad712796fb61e53b3fa5ef77,24473513,24.473513
0xa75cadeab9826e7d855573ee8a36ab3b8c63e1d4,24467032,24.467032
0xf232a4929942decde4ab59c779f6b4393e64359c,24444637,24.444637
0xcb32f146901db5adbf2459b1c6d3b0d0fb90d922,24436825,24.436825
0xa2cd720d8fbf33daba81ec356bf2270be5b42a3b,24427473,24.427473
0x76e69832cced34e4d801fb758bdf3d0ffd54320d,24413081,24.413081
0xe13ff6ef64959b3287613fcffdf413363cda9c70,24388216,24.388216
0xa56f28178ebf94de89de70fb35c3455c234d8aa2,24368497,24.368497
0x2df19f94c0550e00d74425e86175d8183b25575d,24346640,24.346640
0x07d5967aeca74403d6e516aa9945730623e2a04a,24344553,24.344553
0x1ad989ca0511caa74f2eb26f8654d7e00356a286,24342050,24.342050
0x83fad94eaa0fa69df6a9f13f7c3577be6180b3bb,24276275,24.276275
0x236547ab40103ee2da88643652985771e14b21b4,24265707,24.265707
0x5e082036baf5f109fe322ca80eb51eb50cc3993b,24263823,24.263823
0x2b96d2a3bc8237aeaf392f1af39e70b230f4ee48,24242879,24.242879
0x93ec5e252779888d9b2ea036c9fcb13cce65a17d,24224970,24.224970
0x70af8f0b836448799844b062f489b02a47d93fcd,24178601,24.178601
0x376909947c9dec7589f1ff2ba2ab2351cc918d3b,24172867,24.172867
0x7a4109ee95743cbfab0898805cff7ea28ae8b855,24170630,24.170630
0x370c2a638aa430745cefeb7d5d13b49130fc752c,24098792,24.098792
0x2e87d9aebe834a3c5c16af9afc23ada9b988329b,24049622,24.049622
0xfd52a171223f26222aaa926d8427f7753da2f86e,24037542,24.037542
0xae4cc02eef25f4144809e824bf5eeb89d40a24df,24034061,24.034061
0x40f92fe8e16ee804960a1a53d5a4aae0e9a3337b,24029323,24.029323
0x205e0e7dd92a057fb8890bd65f1fd6bd21dffbda,24025788,24.025788
0x2a25ea7f6f6e82957e7ca223f229a3b4516a8579,24023330,24.023330
0xc040c7e5ba06e3f1ab5d1f45cc57ad3f997cd0a4,24000421,24.000421
0x4a4ea9e5e13d33db6c214cd85eb205fe0600ca85,23944001,23.944001
0x2ff9c6963ed7dcdc1a42b03271a9fb9dcfbbdddd,23871255,23.871255
0x7afb99d002866bddcbb971ea843b86ea03a93c32,23820788,23.820788
0x586b65610b4f2ebcc5d2a8ed5f2f683af762c849,23797561,23.797561
0x67865c3eaf2e6a745a6b85cee169c7b74abe97d4,23794396,23.794396
0x8a34297ec868d13f455d1c4359bc4c4c5f1affe3,23770418,23.770418
0x9f1e7f58da5d6a0a95db6839e97fd1f1ec113e68,23744770,23.744770
0x835affefb2f4a8380df4669124ba8ade94b404d3,23742719,23.742719
0x42c7ccd96601b0bfee5849d7d60fedbb9efeb6d6,23724599,23.724599
0x051650190c3a27c5187c537d55bac90553286294,23721424,23.721424
0xcf0db1b6b91097d462db5dd817336d703005315a,23703367,23.703367
0x10e73a5943626a1b0a265f527173c6a718aaf624,23675504,23.675504
0x024a5a021a96089d3247ba901c7adf9632ffa8d9,23658967,23.658967
0xa5bd145bc0a3ab30129241cf29a2fbd876dace66,23651463,23.651463
0x3ce0125654602cc66aefcbd449b9b200a9d46007,23628301,23.628301
0x0458da55da92eb5b42470ab829fa5dad15b33df5,23614853,23.614853
0x186bd8e9f5bde45d996b8b3afe5411aedbc8a40f,23604150,23.604150
0x64a5b407b4242f95871b27f0bef085f5f75edd05,23579428,23.579428
0x687c121cc556038a1d44fd6ffcad6eb32245e54b,23529809,23.529809
0xd2546dcb135051987a12cfc8eb76a146eadd8965,23511600,23.511600
0x111ce8d46cd445f5ab1ce3545d97b45071dfecc0,23506598,23.506598
0x01279e5243bd9745be0b2d39779d639f92716bce,23477984,23.477984
0x5b871058512ccd11995d099682bdceca0ae2d41c,23456621,23.456621
0xcf4ffc6f39be769989db8ef35062ff706f4be26e,23419096,23.419096
0x934c44b813dc4c9ca08d5fd0d5190447dcadeb51,23411798,23.411798
0xa070416a5bd2c46c10e6e74ebf71f31750aa9092,23407824,23.407824
0x544e93c8cc446d4fd761d47c0ffcb1495fd86fc4,23377523,23.377523
0x058faeec19be27990230dc52316e97906c11d6bf,23363678,23.363678
0x8a161fe1ab1ceabc12feedc7d2e9685ed75f5660,23359633,23.359633
0x968c2ee7565e3c506f9478a67c41a4799852fd5c,23346230,23.346230
0x3d59e54445a719ee5d6d73822d798453dfa8e188,23346230,23.346230
0x1a75df33521ec22e5adf3bb2c1e8531b2a756b69,23345595,23.345595
0xd93939c5cd996c56349d32c62671e15621bada2b,23337096,23.337096
0x0217442b17eb0dad82b55d966ac407f12fb8d10e,23321832,23.321832
0x44eda39d3cbcb04c90acd211aa20f8aa0cb99b58,23317591,23.317591
0xb11ad90f2170d7d7bebb046b3811cc7e18e05ad8,23314584,23.314584
0x7d27d2b98a7fe734f67c49ecc4b8c652fd699c05,23300271,23.300271
0xf0f58c6cec2f58bf0fac6067b4cd54c09d79c927,23290057,23.290057
0x7a869e79b3772fd4d1bde39cba3d00e22e9639ca,23266202,23.266202
0xf9567f184de6b1fcf617850de093f78f6c78b0f6,23240233,23.240233
0x55aad92db82a7cd81ea3b35ca8fbc85bed1f0152,23230132,23.230132
0xfbcee43b15711433e0dc49ffb7e8e02f8f69051b,23205553,23.205553
0x15275fbab0feb5d9358d558ace36d85268d708f9,23179565,23.179565
0x492e527b7040b471044d84b9040160cbfd272dc4,23152572,23.152572
0x971d64725ae072ab2268336fec23b3de73e634e1,23150690,23.150690
0xfb95f00c0cabe0d53b243b6fdcd3ae23fc7b37db,23142033,23.142033
0x4358ff059f5ff35e8676e9331be5d736c6532114,23120945,23.120945
0x397382acb7b201b83f8b4833a01094ef8f319c10,23111736,23.111736
0x9db80ce6f14a72db4b7e0eac8bb38b1bf8b5a844,23101797,23.101797
0x219e5f35a97415c7a2c9e69033026e821a21869d,23095140,23.095140
0xf07a9bb60f3811d2c919087499479305b2f4c451,23090794,23.090794
0x792830a05b12527a5d60c3f67ff059d07ee6827a,23079076,23.079076
0xee2bb8598725445b532bdb14f522a99e04e84b38,23060366,23.060366
0xe2c2bbac29a8991c21d50cfb76d56ef455d85157,23036216,23.036216
0x40d9e33d89f9405a94c60ab210d3cfbdd2cedf9d,23028134,23.028134
0x736dde3e0f5c588ddc53ad7f0f65667c0cca2801,23027971,23.027971
0x1efa0d654d2ceaf84e14c60b3971f572ba169253,23026753,23.026753
0xe6d72f08174f584c2fd0d72001a920516c6b9afc,23009302,23.009302
0x52f3c566c547296e534ad8972820f8b26d94be43,23001899,23.001899
0xfcfea781e5652b5cee1c0693429b246885227f83,22998752,22.998752
0x3b82b31bbe0dc3fe0f13d17f9a4d0455ef562e06,22990281,22.990281
0xbf1085c6e74367eb376f6f942e2c3a0814502a52,22941371,22.941371
0xc5a752a4b8d751859d29af9069486b5b48fa9499,22933930,22.933930
0x6719a70e3b9652d0cd3d4cd28a93556497e2bf96,22933139,22.933139
0xb9539a082fca454f5c5677850b80a10d42e7f80a,22915026,22.915026
0xf091da25978000673de3d9cfbc6536b293146e2b,22905634,22.905634
0x8d614ae26fb01947944cbfae6f21d1624a092161,22900162,22.900162
0x4c9f073c6fe57138347b0c2c39d91e494e8699a0,22889323,22.889323
0x33b15ac83ddb2d13ead0e90834630007108b0f5c,22885779,22.885779
0x0dc00b18d09d0556871ba6d6329099c581f02267,22883385,22.883385
0x4dc76ea92de0d40aa29318d4b389f0ad6b1c24c8,22877242,22.877242
0x98801b4e58a415000c301740a8cb91c650c66b3a,22877242,22.877242
0x10c2b25ce3c206397e25f999fdbb7943824a3e3c,22877242,22.877242
0x70ae8578328876cb54ee946ae16716b357f6ec45,22864019,22.864019
0x0933bbcd4d29ab4e8b8f01d023def76be6fa08df,22859602,22.859602
0xd6c515bd1cc5111a6f689634bc056a64655b1cc7,22826134,22.826134
0x27dcbbd06c19f692e2e5e8ac1f201e911d1c66a1,22814171,22.814171
0xeb2a38ec02b44218d371982d51ec961bd2b17321,22803750,22.803750
0x79dd098dcdd2e0432fb64dc38f921e6c40ce268e,22787054,22.787054
0x94c63ef85c9489b79bb33c4523b613f85ab3484f,22764023,22.764023
0x3e92fa09e668dc147e8458cb54e6bd9b275c934b,22729096,22.729096
0xf07e860a4f03f2df6a62b899f3ec7b5a45b678ad,22696694,22.696694
0x9ca1558d4a749cee312528e87c7d0cbb2216cd3b,22682728,22.682728
0x589a9fe80722b56e5910b1587a5f7e0f1a71d356,22660840,22.660840
0xfacf44a9616bb9a65be38cdd7d3b789acae29c3a,22651991,22.651991
0x518201899e316bf98c957c73e1326b77672fe52b,22649708,22.649708
0xb3ad5adc6aee45e95c2a2d27b8a8888915caa8d6,22646214,22.646214
0x9601176a90ec816bae39f12c5aa32e600a04d87b,22629385,22.629385
0x8135f3359826ced38d9dc27100a2b46af6e1fa87,22621945,22.621945
0x52713267fe99e268a3ce0b1a84c3d3dbc7c47f21,22619297,22.619297
0x785f8fb235e15405fe0ee4b31e485031b13bf689,22614250,22.614250
0x73a933ea8f818b2438627f220a5fc1b3d51c9dec,22601814,22.601814
0xdeaa067e429ad097465d8f3b50ca306f13061038,22598784,22.598784
0x507754c52312c289709667ef917a84439472fdbd,22561182,22.561182
0x635681e0b420198f03cbcc4026efa66af3f5fb40,22533109,22.533109
0xd9c3415bf8600f007a1b4199df967c25a3e00eea,22530681,22.530681
0x616ea1bd67c8b7c5755a720b7f9ad44881a6baa2,22530251,22.530251
0x24affd3ba3b0db23639bba0fc9081df7f902084d,22526632,22.526632
0x5bcbaba9704f625bdb7eb1d8a3c305737916e6ff,22518290,22.518290
0x959f8c10f1858c47344dcaca1f9850128fdce825,22503990,22.503990
0x2852fb2e85f00138f2cd556961bbd815a317dd3e,22463039,22.463039
0xf8e3d237b45de0635b9bfb9dbd85db961c810ea2,22457804,22.457804
0xb969ee46bcc94b0b1818109e429432cdc346622b,22455673,22.455673
0x006c63dd3200cddec32d53d70241c38adc59aeab,22447353,22.447353
0x6451110b1075bb4ef9e8e681b273fa655e425260,22438859,22.438859
0x125bccc47e024f23ab82c63b265e8a4efa3e2723,22436308,22.436308
0xcb7d9cb4c1144db98f3390273bfbc1c0ff69d335,22432153,22.432153
0xb19f8d7b086e08ec0e074b0d53a398391c352280,22422075,22.422075
0x34be775b18201b6b836c3b8972062f74eca84d2e,22417120,22.417120
0xe320b8e4d5a20d9e2f3b4a6232df348c96115831,22400816,22.400816
0x5e9ce0a73f295bf8c648c2a1563ceff06e6bda79,22397839,22.397839
0x80aeee6fcf529edf84f57e2bc29e720be705eaff,22380326,22.380326
0x448f96d566988f375162d38a40bd0fd2d63dc520,22373913,22.373913
0x07738338bfd37d15a1ba8848fb225344d0fff4b0,22373703,22.373703
0x1bcd717a911e1cee1c9c67a2d14b13842cfb2a42,22366667,22.366667
0x39409ed96ec77e14ea30bf7e0a484cc8dcee0b90,22365150,22.365150
0xde1aae3e605259ecfce4f6165d70f161fedcb721,22350087,22.350087
0xcdf917bcf3c89615d5b0b69ec8ff7ae8ad8410e3,22340363,22.340363
0x231b405c333db6d81adeaadf4c6ff3940ea5db21,22326243,22.326243
0xd92e044b01a079940634f9a3704a7c3382e77498,22281368,22.281368
0xa2b9c5c0b544aa161624b6767744d4106a1e32c1,22222276,22.222276
0xfb6944e38f0b3e7b8ad8d76c9da1f025dc2aa84a,22208143,22.208143
0xef823ef0305dd5236fd5b355b2b9a7e5014b58f7,22205107,22.205107
0xa4a4d61f63d909421679738f0262b52534dfc467,22173279,22.173279
0xa4011b7e3ead336095e302f53da13e6536328067,22171439,22.171439
0x8ebd43064793bf9936d58a23c72da2b8f3d84972,22167002,22.167002
0xa83a4320d675d445bdace0ae09f39081b2414544,22166497,22.166497
0x842a7a919b28e2de35caa29c89a8304ae8f1d3d7,22132131,22.132131
0xc67e112a4a039dd02501b742db1be69dcc2586d2,22105682,22.105682
0x253e8efdcbc1fc8acc47366e8bdf45b66954d0d1,22098835,22.098835
0x12ac3ee0f494ad195c74950d77c40d792ce7de44,22087095,22.087095
0x43ce45127b92d08d078d1c7643cb45f4a21c9ae2,22081823,22.081823
0xb72bba204791ad98711cdf9e1d2a992a4d206104,22075215,22.075215
0x0778a8831af0f6ae36f67224c59036cd29d162e2,22062255,22.062255
0x10fca77012b74ede8ae3cff6d42a7c264f1492bd,22060770,22.060770
0xf60025a7f7ee5b69adb776e2302db2112e4efabc,22048126,22.048126
0x3efa4e85a0f4df63a2f2ae005c5e4e82f14b7d7c,22019034,22.019034
0x3dd2a596124fc00616861ad56ba4c3e3364e7ec6,21989004,21.989004
0x6ae2f4b0620bbb38d11b2256056aa46f2747536d,21958488,21.958488
0xec02c79aa5b3708f7d44d4c4a5f77d034382c25b,21940007,21.940007
0x3c20b2c68b2038d3ac07a486e189165bf9b7e27d,21939254,21.939254
0x231b922737b803805ef882d036708081932d6161,21939254,21.939254
0xda501cac6827525b6287128b86c3476b059b9122,21936340,21.936340
0x1ee24ee7a5d608a76a462c211093f7f11a62dade,21933208,21.933208
0x2967302305b687f01e9110aabdbf94681e9bec71,21930077,21.930077
0xd2b9f9d1e6734f241b2a6eb64ef7f6e63af0a97d,21897079,21.897079
0xfa18d8154448fa59103dd8aa15bc8799dedba450,21879421,21.879421
0x0f85dc605a9f22cd29e61fd98b33e5577b16eff0,21876432,21.876432
0x03ceaecdf2f65c817107049ea4c2f3077541f182,21875053,21.875053
0x065862280e1b66db9049f3156a55ef9cfff5f091,21853012,21.853012
0xb8a7daf78b80463e80b1a352e8b524ec7b7b4364,21844978,21.844978
0x03e336513e074b8595e1d1c70f0800a772d3c006,21842744,21.842744
0x5d6de05d3608caeb9bd19235c70dd3fb1490a7b9,21839307,21.839307
0x4838f0e6e93dfd14f8c25a49656457af208a225c,21813585,21.813585
0x1b07a11fc43460698e3c8663352b0d8d8dd750d4,21783819,21.783819
0xfcdbdb752ba553b61df416539fa77b93382ebe0f,21782531,21.782531
0x4c643243f6bba20ce0d3784b834e9834f3a6b309,21781444,21.781444
0x3d8ef995a36965f17b4461848a8fbe92789a18db,21771870,21.771870
0x05e8d8ba2c4f8192a24f0dc2cf7e1bc7dd304c40,21770688,21.770688
0x96be275ea2714b72b06e621e48c4bcb967478d59,21710199,21.710199
0x4fe40ba6f73874437be87ee6e4051b94d867dc03,21693012,21.693012
0x824b486c701e8be00dcfe8a9eede5f052a600fa1,21672899,21.672899
0x1957a03cfe91ee25395e404a78a35ad77995ceb8,21666773,21.666773
0x28c24141ec700667099bf1369bf1befd1faf1d03,21648958,21.648958
0x7b772c2e367607c6a9f21c3e792b63be1dbc0eb6,21631308,21.631308
0xe857dfe449e795e0ad88d67cb8ddafed30091b20,21618637,21.618637
0xf14cbe2e3e9a938d1fcfc293ec8206367875f477,21612280,21.612280
0x15cd7d7a1fc0ca1b91f58d64a591da4f5c50ad7e,21608147,21.608147
0xfe4b04ade5478f3b649614221cdcc43ee31fa27e,21597732,21.597732
0x6d2259154e92cf71cac6286c99e528ee03f591e9,21574155,21.574155
0x74cce10d747714a79ff09b04d3cf4d7a6e430589,21570293,21.570293
0xdaa1c780fb2787c4169ed369827cd9c230d70048,21561671,21.561671
0xbeb187bc094cf89f9dc31a24e611efad15d9edce,21506495,21.506495
0x21e804bfe07e485621d338dacee3e6e0d935c800,21458225,21.458225
0x69d7ae5cf3855835dd039daf1fd844bca0349bdf,21457123,21.457123
0x3393d3f9c5e73eef8ead8ef20ebed0a8500d2209,21456565,21.456565
0xbd1cc8ee52d8f872e94712e80b9d079c8899c44a,21450895,21.450895
0xb5c24ba53cf6a2d77e426d9a1482e86046c5b9ce,21450558,21.450558
0xe212b0db48ae1820bf8b7a0509091398e9d9afb0,21438080,21.438080
0x48adbb3045da75e04826058b5ebdc42ad38b7a7b,21429608,21.429608
0x212098bf36f89f4b3aca7b0c532abde6181970e6,21411563,21.411563
0x9caf88f8d02ded06764ca2047e4c4d9fad5c59bd,21409328,21.409328
0x3783ee2bc1d1684bef867817e5170b2c81f96802,21408835,21.408835
0xfca95f2ff9dd685fa2cd8416ea3c7b9abafb5574,21399527,21.399527
0xfd97b4efda8d0e7fe38777b7d1b4b6aad0cb8a27,21392944,21.392944
0xe1262ec8b5a7faa47ed2f707603cad275f1c1aaa,21350471,21.350471
0xf770cae691f913b9dfbe637387772bc393a93b44,21348559,21.348559
0x8a2074d708e8de37a35fc30da508b2a6d06bb48d,21324694,21.324694
0x2512fd0b0ebcbc992da48f7a2f8cdbd5fbd2afce,21323521,21.323521
0xe8a3817da88bd37bab8c41d83d26eb5df3a3239e,21313399,21.313399
0x61e86c9106acc9beb06ca88df93cace5f94c93cc,21300804,21.300804
0x934d5e45985c35ac050b096be24ccc233e972162,21300655,21.300655
0xb5941e99be5cde779ca5f2ae2b09a560d0c6f585,21299131,21.299131
0x663d42bc36ec94ba4a268f208d80234eb69fdf34,21288101,21.288101
0xd3aaa3d60a97a27a1bccc9902e6948e72aaf3a45,21287228,21.287228
0x0efd0e43d3957f84f2ff801a2d11c9ca82a755a7,21271578,21.271578
0x74ef975b3128d631b778da3785df861b0578803d,21268551,21.268551
0xd4acec6d6dae5a1293ebe01940b8f6b72966585f,21265884,21.265884
0xca5f29ef25c15b0e6d7ef102702fb5cfea6d4dab,21258783,21.258783
0xb84b77e86b9c062a420145e06419bae4623788f7,21254472,21.254472
0x42061acc5da4af3b779aa7a275e72ad163308490,21239801,21.239801
0xf89b4e36976942781c7108bd61eac808bab5cc88,21239672,21.239672
0x920b81d91c5cead2c2c1253f84230e46a0aa9460,21235765,21.235765
0xc6cc154ca373357d58988201ab0ea9ac50649f09,21235765,21.235765
0xa1f667afc5a6f37674cb12ce4b4a1ab0a9df8a51,21225212,21.225212
0xc707f4c9ffb77b33f707957ba8888dd13d8e4481,21224224,21.224224
0x2ae0e97bd7bb4fc5b442181e7879f8dd8d56d163,21222064,21.222064
0xd24a2f1feae9d9af52fd7e0f85f20190e85a1fc1,21221877,21.221877
0x33d288c6f473cfc32a837e6717d276891dd5c9fc,21218794,21.218794
0x68ea15bdfb38e96c0236937dff5a613f0da64542,21214338,21.214338
0x584313319d0bfead2a9d98a7154f5dcb5a62887f,21204759,21.204759
0x75dd078a52d4d89753b405bf394b862e69bf6b4d,21196839,21.196839
0x33f584d7dcb7c6bd59c21a28df391da6a49df3ed,21171718,21.171718
0x98b69d0b81fb1966ebe0af76789425706e5afe7b,21169763,21.169763
0xf1aea742205c0d9363774071913e951443bf036e,21143874,21.143874
0xde0b3802af2c3169421d0d9555437140da7f04c5,21119050,21.119050
0xd66fb9a5872fe0dfd78bcf3ff2e1d17524e48a21,21111327,21.111327
0x87e82c219da230964087ebdc08e675eccae14b89,21106276,21.106276
0x67161dfe25fc3eb99a1a13a3c4f3c6a0e22a80a9,21098806,21.098806
0x0f66e03c6e12b8fcc52eb479ad8ed44aeac72e11,21088008,21.088008
0x72e2c3d797f374d7e4a2f133dd3547dc26126f8f,21086908,21.086908
0x21438493531dfd9ff94c9eee6786d5c22ec287cc,21043335,21.043335
0x65aff979d6e59af5aeafb4cc6e75d258d9dcb1d1,21030309,21.030309
0x8cf6ad30568142d4deee10fb73d8e03804f5bcba,20977670,20.977670
0x45858b3843264d6566c983f156255c441531b060,20973940,20.973940
0x0d4fbb2c0003afc1bf5dd6d80aed1b9962b1f0d2,20953157,20.953157
0x3f03427774e8b895c0e4294d1bce87bc129155fa,20928721,20.928721
0x0f972b74b3f7fe173cea4d7d9d27955b7d4ec69e,20916116,20.916116
0xaf5a5cd6da86838efac0ea91a712857d6aca53ac,20909715,20.909715
0xc77d249809ae5a118eef66227d1a01a3d62c82d4,20883071,20.883071
0xbeb3dabaa3b93b30cdec0a70308c0a5eba581f97,20881703,20.881703
0x1a23f6501c733e1017de6bf889216b73f2e609fb,20864361,20.864361
0xb60329e4620837d93890d06ff8318c3cad238a9c,20847737,20.847737
0x284aaeac2157c57dab8881dc60eefb39a9f5edb1,20797482,20.797482
0xbfda6c272b73979362d175ae1c03ca019bb5fe38,20766777,20.766777
0x512131335afce872deaf0f4ae872fe182c72e464,20766777,20.766777
0xb0f7551a4a2ac324668ba0ef9944fef543d1c140,20761235,20.761235
0xd6a64608fc9d0377f401a95c1f2736ae776b9a2b,20751624,20.751624
0xc79abb409db92eeb4bc67312221e09e66d0d3bda,20747693,20.747693
0xecc6feac3b2eb722c7ce76de6b9b35b6a8c647a0,20745220,20.745220
0x22019070ca9500f52a3cf6a5635f98df4d5818f7,20736707,20.736707
0x993abe3fe008e31834e6dc974f6c160dc7e3c166,20734966,20.734966
0x01c77f80c7d2765fbf94dadf5af4c95ed95586c8,20733915,20.733915
0xfc855def75598680cb1392e11d1713fbb1ffc5ee,20714333,20.714333
0xa2c029a5107d2d643b578d1c4a0ec486fa3c10cc,20691756,20.691756
0x4d8110d11f3c9df452a45c4867cf56562dc5a986,20683031,20.683031
0x5e907d999e040e3805f67016daee98695930f393,20682311,20.682311
0xab2671e0194d820a31229b33f12d49d8c4c23209,20672985,20.672985
0x4c12e2029207acd66d0e834cf7c3e7648ab8db03,20666837,20.666837
0x77bb41b3a80982e19daae2cfe94403afcc613489,20641177,20.641177
0xfd72b24b9730dff0b879d176b9a8fb3992281c21,20627605,20.627605
0x2b7cd84d0eb32d4789e545a84076936931c36e0b,20616424,20.616424
0xd68ed515fdcf74e3b5dbd8c30a79990621e3f476,20607666,20.607666
0x1795011ea0d47f3dbd757b77fdaa3f0366208237,20607216,20.607216
0x0250764421db92217ed476b1066d6e4b42325f8e,20600164,20.600164
0x23b4425f1398f742ff01bd7401d856b68c9668c8,20564916,20.564916
0xef532911656c39c6bc23fbabd05f816055949cf7,20562700,20.562700
0x575e47eb2159498bb9482797f9082dbf2121ebc7,20532280,20.532280
0x9cb4affd9921ddcc9a8679788e6a22cb9165d2cb,20522859,20.522859
0x493cc79ffd742b6bd2fa421facad146fca77e0d6,20506848,20.506848
0xc9833421e0f343241a333770e84e39100e353d1d,20482239,20.482239
0x9edf6eeddd0fd92463327fbe3d29beadbf8dfa5e,20472462,20.472462
0xefde8d90496823dc8c1ae720f74bd49150d47930,20472322,20.472322
0xaa15d7af36fc482120e1116e6cdc753feed808ad,20461934,20.461934
0x86cde9cff3b21b8bb8a87e0676b86424b03fcc00,20458983,20.458983
0xbb87b97cd47033dd47363f692b29298f574cf113,20446327,20.446327
0x7a01beaf8202db853f3c88e1c25d6100dcb92fa1,20441554,20.441554
0x54e41b1784fc5933ff9a1961a0da198fd656eb0c,20431346,20.431346
0xb2a993da57bdb6cd8b60b448426c633b43f2dd24,20426611,20.426611
0x774cc6855bc6c0cd4e2fd64f7c61782596d0e077,20391135,20.391135
0x135e0c56fdaf2d62b1f774d47e93f3279b851674,20389194,20.389194
0xaf91d2ee99b60ade734e87d83752d062f36dea0c,20389194,20.389194
0x6fe485a10563c2f5a68ec636608dc7935d4a9340,20389194,20.389194
0x8dcf2006e70d3eeb9b914dc37876aea914588be0,20389194,20.389194
0xc8110e2a2556baeed82b199eb1167cc46cf87ede,20389194,20.389194
0x34406ad9c1ad30bd5c1fc4701df58b5db133bc2a,20389194,20.389194
0x072e43563a4292805cfbdab20bad238da5a60eb7,20389194,20.389194
0xebbdb8d49a00a24bb2c6d0c63a4f3251c89d0d22,20389194,20.389194
0xe7d784cbfc015adb71f9133e236a244c00e05a61,20389194,20.389194
0xf812be89450fe19f12e79d42fb62914d02cdfabd,20389194,20.389194
0xafa7f1c822981c7a60651ad60040d81d38bec692,20381767,20.381767
0xbd805a08bdc683b80bc5e3e132e6212039a1defb,20376422,20.376422
0x6e148350f29951dda162993ab91d8089255b1741,20369453,20.369453
0x1aba978cf66d4bd8ce54ab5e3aaff177ab901fb6,20352218,20.352218
0xa8b577d27d7fc2535a6532d18f846dcd3ee42e9c,20351395,20.351395
0xc53f5a27021455293aa34da308280abc4cad210a,20324869,20.324869
0x1928c9dd36cf75fc3e448cc3244092ce2f4c0369,20320873,20.320873
0xb3add74308f3fca1e24781a80ce645f7ec18e8ef,20319646,20.319646
0x7841708ee45e96464bbd5ec53f2f0b5671e720c2,20308672,20.308672
0xb9581d8311cc3b9e677af6b0c55f1b93b69ad6f6,20304362,20.304362
0x15fcf6be80721a438ee968ef0a7dcad1af48d6de,20280993,20.280993
0x6408a0c485625ff3ad67d7c5fcfeeb8a294c8872,20268656,20.268656
0x0c2b4a9e76b736960be26842fb070a06e217ffb5,20265252,20.265252
0x630ce22f0048b3caaf4b256bc124f1373af36089,20263698,20.263698
0x04c4a90801d1ef5ae8576a0a5bdd8eeab362a644,20242413,20.242413
0xe2a83c8b495883daa94476cbc403b5841d5e6269,20238842,20.238842
0x5075da625f9a8b30789779bea99b915de4b0c0d0,20236008,20.236008
0x20647b7e6db0eae0d8883c421c49d3cbd0244208,20231523,20.231523
0xa83fefdf0e4d063fa6ecd8e65c38e999e975ec5c,20212634,20.212634
0xe8df26f40cab6f09b58d63f8bfe69f04d00721f7,20194729,20.194729
0xb4c064ccdff2b8962c0259f2bab1360274dde102,20191943,20.191943
0x75edf1eb29d616706db52006c45e85d7848e2f0e,20191392,20.191392
0x925708f27dae6821777124c244e1cbad65f324b7,20178091,20.178091
0xdeb937fa285fa7ce30704d1751277e4b6942fe18,20177756,20.177756
0x2908ab68794ce1ffb9cc801830412d366d748fbd,20167233,20.167233
0x25213095e8484eaa8d0031561d722f6e058278c3,20131993,20.131993
0xde40c47a1a52c0d5d40840922ea29d51df52d02c,20130487,20.130487
0x861e1e9906449148a3902d079d5103e2eeaf6b1f,20129775,20.129775
0x2d2e93e993c91e3a5ac336f400fa4a147629ad6e,20119751,20.119751
0x644be8a25be30a21e2dffeae4fc43937fbcf3efd,20110044,20.110044
0xf7a584c2973730973574e04f0a1cd42e87d28c4c,20106565,20.106565
0x6667eebc2e8a033f60f0db49ba30ffe7a06fd1fe,20096875,20.096875
0x4de6cbf07e0b2f7cd980fd6e575556b18f8dd69b,20096070,20.096070
0xe24dc0bb5754685f62b3b851116b16bed23ab82b,20096070,20.096070
0x49470601775819578e9bf33912f6eaa863c838cf,20081721,20.081721
0x6bf4a488db1501ce86c05bf8ceb2179c4639354c,20059723,20.059723
0xca0a72a8e3ca35e4a51a7903e4b30daaa3becf20,20055886,20.055886
0x07e916590dd050c4131cf02cacd14a3694983099,20049298,20.049298
0xdfff31b59abad56b5680d6e5d73ec492a1f24707,20048153,20.048153
0xd74a01dddb07a0035780accd73dca6c584458c02,20040825,20.040825
0x7642910498f9ff539e576a0917379cc235567687,20031933,20.031933
0x82c1e79afe4cfa5b29795e3de0e7f203c793e6c1,20018513,20.018513
0x88a5d841a6f3971c3f93939b9da486f6fb65c16b,20018245,20.018245
0xd8d3e8118e01f95ab9e3c2d6ee89a61850b6af5d,20015339,20.015339
0x87d64c4af9a93c428a16c3a8e535767461d8451f,20000988,20.000988
0xb2d33a2a50b13689281de120a8f20c86704075f5,19992438,19.992438
0x224c346fa930d63c049778201978cc3ed7110a6a,19990281,19.990281
0x79f45fee8abf4c4985c8c6784ebb8a3f7edaf4d7,19989149,19.989149
0x5252b296ceb062f26933a233e0678ea065abdfbc,19987716,19.987716
0x55c13b8a1ca1ecae783b3f854f1d14edff29cb79,19968609,19.968609
0x62c3eee7ea0326c191e0b73a25979aa9b23a4867,19965794,19.965794
0x5822d0f01fc2ee3f014163f1ba056ad9d3753ec8,19953505,19.953505
0xc650fdc12b2e9221ed1d6bc69c5e8b32b327e785,19947241,19.947241
0x0b0eb04568a64300293dbd1e268db89e92266261,19945971,19.945971
0xa7f5093b6baae7cfe4de35ac040582d6685895d3,19941365,19.941365
0x255376cd050ee032e28aaff9f66e903efb7ba56d,19935261,19.935261
0x8c9968250aa0ba1282e789575229f8575bef1ab3,19935002,19.935002
0x4e75ec3796da954c7f94d98f5c7808ee95281504,19928589,19.928589
0x862b5086c1a9c3bb31976bca3167cd508d526200,19927934,19.927934
0x1422438ec87787ce1068cbcc1b4e90a3212b731b,19911269,19.911269
0xbe88f63e025bda1b3fcce1025924da977217b418,19911149,19.911149
0xd6649265cd93342cd0912d3cb717ea44073c64ac,19884709,19.884709
0xf96b453acd15b5822a5c3a4ef4211ca58027c672,19876322,19.876322
0xe62b7d2e404950c1d60ea27a18ca6ab9acd16c70,19857788,19.857788
0x0bf43ee8af03fe150312842d017228515d3f3623,19851057,19.851057
0x5d10d6339b4b6c16bfd20a0bae2647133f65ab9c,19835030,19.835030
0x2c94cf71f1d91ef23f5ca58c18485e01864413cb,19828789,19.828789
0x0d8ea095e5f33533c41a88d1010c67d7a663e3e1,19828789,19.828789
0x1ad661a1feda108982c95c6adce31e3b2417fc3b,19826712,19.826712
0x1cad40d5c7302249f4cd76b8c6cdab1d059acff1,19826712,19.826712
0x98d67387ac0b737635481f579eb8f111f369e6eb,19826712,19.826712
0x154f6f349f08f23dcde12143888edefe06107a62,19823829,19.823829
0x502acb52412b86ddb31dcedd921fe9fd9dae7a66,19816829,19.816829
0x4c9044ce07e04d3a841015ee78dd661f8948bbd6,19815725,19.815725
0x829fbcd64dd47091f2369cc90943bc1b7e43e495,19815360,19.815360
0x51ca67aa1fd8c995d20cd0c2dadf5757fc2be5c1,19811400,19.811400
0x38cf985c258d15d8eacecf7687cd9f523bc080e6,19806772,19.806772
0x1ed45b56d52fcf2dcd5e7d7ef5c214c6f0ce5f04,19804861,19.804861
0x751549915bfa29ebd5b1e0490f0bc7a7e6bcb7ea,19802954,19.802954
0xbe8915d5794d2666fbcd494bd658997648c8dc5f,19802954,19.802954
0x4ec51932801cd67b553fccd00ebb97cdbbbaf0ce,19796381,19.796381
0xd22f0fbb63d88393d9043f189a161e4764c5c41e,19783342,19.783342
0xa4106a85b2897b808d3b17d70045c3761d3be374,19775052,19.775052
0xca0d467674fd6ce29693989a730c9c5345f24d44,19760871,19.760871
0x3c2cabc425742bcc2e46c0dea262c2ff7dbf4f8a,19755756,19.755756
0xe713794d7e3083687b93b64d5e5b15c84dc6dbd5,19754097,19.754097
0x9c11fec76e2e2d247a5e449549a3fb53bb0640a5,19746014,19.746014
0xef0636a744dbb0cb895dc452a9b7d534d0c7eb11,19743241,19.743241
0x6463dbd8ae7dfb08cfe903cdf98ea7558faf36e6,19732518,19.732518
0x0942086a607b12fe0dd5467620e6231c354ba175,19723491,19.723491
0x9a808940f61bfff0f61b434ccce31657ba2c71db,19700274,19.700274
0x33020b201f7242053e489edcb918099e2786ab6a,19687632,19.687632
0x4eda306dd8baf078200be6519ebd1a1a77675b3f,19686613,19.686613
0x462fca2b86aec0a404480a9eda074eae02147237,19656909,19.656909
0x07bd1f3c2197719fd8b439c01ed0e60164054e52,19654290,19.654290
0xfaf2702f09c52998ea6cff070595c2fa06419277,19644973,19.644973
0x8a598268228078e4d2c4f82a4a7db1c90e131255,19638806,19.638806
0xa961efee2b9313cdaa5eac1d83880dc7712dd920,19597505,19.597505
0x7969eba14fd3b42dd9a1f08bb28d58db2ac029c8,19585584,19.585584
0x06b2d84b6ac9d5fe319a77b9132d34b30276e6c5,19575023,19.575023
0xe2ba6d5ce1b8eb77b065d3ab618392147b7d21ef,19572689,19.572689
0x3a9bd9b8f65ebbf9c8fd244b0a01e6a2f9d1cd57,19550472,19.550472
0x3b0d075c38209faf8098b7fd87fc8cd4a9e97dda,19547200,19.547200
0x4a0697a48a4e2c7b9e2145c208e9b3564a716123,19523510,19.523510
0xd490fb07e3502a2284afb996f944e71e5b7b244e,19516877,19.516877
0x1de8441b304c1bec008b9c170948eda412762bf7,19509830,19.509830
0x4cd81af29be5d8d2935024a17853d7a4bac7d014,19509830,19.509830
0x5f2d6a9bb78c7fe2c108b2f234287bca31ca8c55,19509830,19.509830
0x67c81e5280098bf8e9697ef774615c750aef4e49,19509830,19.509830
0x193989c05eb725fbfd0268f2904b96cf0a9e0919,19509830,19.509830
0x679dbb793e64fb30bb2cbb2914d1c659d9805281,19509830,19.509830
0x58b0f2dbdcfb4a37fb92c11942ee39b721783332,19509830,19.509830
0x6b469f76f32d567932063182b41d76a1e0514e33,19509830,19.509830
0x828d34796b42f0f75821c256e6bda935dc02ef05,19509830,19.509830
0x53e3c5ac81b49532622b18624cdcac5402e0132e,19509830,19.509830
0xab0fafb365bd2cf93cb02bcaf2d8cbd60146637d,19509830,19.509830
0xaefdadf67877d3adf04d5fd1dfc5d534793f7ceb,19509830,19.509830
0xb74a3b66fb512f9367e8f591530de23c57c91c44,19509830,19.509830
0xbe4db8803c8d6ffd6d3ad587fdbfc5950e5c3257,19509830,19.509830
0x2400405c26b5788f73c0bef1955abfbf0c0dd5ff,19509830,19.509830
0x4737b438497ef4c2efb51ec19517365a8071535a,19509830,19.509830
0xb5ca43199a087b611f7a3c61d644492825f5351e,19509830,19.509830
0x2f4b7e48a5a42db3f171a77fd6a22bfb55e1804a,19509830,19.509830
0x6e63e60c7a18122ec1e95badde6ca1e15e40e0be,19509830,19.509830
0x350ff4a84bf7be913cc656b2695d733bd1e40466,19509830,19.509830
0x420698bb97e3be5bcaff5b8875da18c6105df6b9,19509830,19.509830
0x70bfcf3cf41683030d8d0f91daefe5f01bcc6656,19509830,19.509830
0x736766b9a41aceea10c89aa93468d93b1aae1907,19509830,19.509830
0xa458eec9149e44bf8a543e2c0bc9c848eb4c3cfb,19509830,19.509830
0x113a681327de2b5963ea2de209b1c8f6aa3a49b1,19509830,19.509830
0xe8f93742914a6631baeb3dce474b758851739b31,19509830,19.509830
0x9ddea6c0bfa53bdf244ade7ba5ed7e227f6e58b4,19509830,19.509830
0xe386da54b254114ceb737dcae594d6dd91027ec9,19509830,19.509830
0xd4b8652bfed2819af9e1a3f8ba08112f5243cb23,19509830,19.509830
0xf116b82178d9c7ac081ab2171427e58b0ee48bfe,19509830,19.509830
0xe84dd80b0e7da91b34f5b258cf874f19ee870d58,19509830,19.509830
0xfe1abd2b45cf9a279fd40f360cf11109e8a37482,19509830,19.509830
0x492ab5e7943b6ae0ee9f4f0901bcd440bc0b3840,19509830,19.509830
0x517efa8821c4528f38b538d9dbba9e142093dc6f,19506432,19.506432
0xd54da03af0fd56f57820f94f4245f51ed349493f,19505663,19.505663
0xf578475b51f9f77b2421c321d4c0d530942a5448,19505620,19.505620
0x6ee95046411e2568960b370661a9ac28389dac79,19503194,19.503194
0x22e3c19f8e2d72cf0365e0f36ebc70bb6234537d,19479923,19.479923
0x02e4761a659311ab5a05ec2be5e975b9a0d42977,19475310,19.475310
0x4a6f4136e3a1a8f54653da5aed9d723fc7872132,19475310,19.475310
0xe75a15614f645aa11a17558d8e0abe50c7db5d97,19475310,19.475310
0x129955a73aceb78a4c77dc2b968ce3f9f84db1c9,19435916,19.435916
0xc5efddc2d5501ab14bdc0e2bd2ad77822656a0ed,19408205,19.408205
0x1cfe8591fcda84759c32a8279c2a21cc078983bf,19404934,19.404934
0x1d0a4fee04892d90e2b8a4c1836598b081bb949f,19390440,19.390440
0xf7c23ee9d0e036147136ec9d0089b00d33d7532d,19377106,19.377106
0x4ffb72b66eba24521736924f87dfe10677d82286,19376086,19.376086
0x3f192470ed41c539d18aaf7022264a7406670cad,19371265,19.371265
0xf8f2b20a1ecbf962627b21b539c12b9463abf29c,19370585,19.370585
0x3a2efc3329bbb1e1031e65b76eb1e7c23932e8ff,19356542,19.356542
0x213c399847fe3d69bf45d5ef32cd26028ebeb652,19355090,19.355090
0x49d2db5f6c17a5a2894f52125048aaa988850009,19347802,19.347802
0x1a7f56a1c024a88f90f2f2321d7f8ff07655d339,19341431,19.341431
0x6d17fc2c58829df0f089dabd943683d2113edb85,19338446,19.338446
0x8366bc75c14c481c93aac21a11183807e1de0630,19311818,19.311818
0x7c1bb14e12568214ab2bb596bb2aac283d9f36ed,19306338,19.306338
0x570536c56f4ed8df9c4636bafae009f7c13734f6,19303840,19.303840
0x9baa6f6308f2acac772bb64084355614d6a54437,19289406,19.289406
0x9cbbb8367b819f715f52a027378c7926d100fa89,19280909,19.280909
0x560a2edd994f2ba4883cdf8e0d164558d8c803ac,19275715,19.275715
0xc28982c3ae84a939a48e5b80ac00fa00cf25b0ad,19271082,19.271082
0x5297c831c1a3d7a6f64977fd4ffeedce52915f88,19259985,19.259985
0x8ae34c44d6b1716d9db987e206b43e0b2b0a7482,19247869,19.247869
0xeb7aebe858c64450e3144512189a0ffebb838d59,19234883,19.234883
0x0c1b9933856e423ce3687c77534ed9a24a0a609c,19231007,19.231007
0xad9b767ec688b903a700247604cb75ff36c6f6f6,19223496,19.223496
0x114f0bbf1318ac34be7d75658c98ae5684809887,19222137,19.222137
0xa6e10bdf0f8e88a1a1ff858423881d2b606c9e42,19216709,19.216709
0x3ec6732676db7996c1b34e64b0503f941025cb63,19197457,19.197457
0x9109358674f1c9a1a945a1d9880fb7ef1ddc43a3,19196623,19.196623
0x10eb26fc97bf8b848c9198c6d45d6db6f4c1e68e,19187292,19.187292
0x531e51d54495a4049b7d0048720968c0fe49a388,19171382,19.171382
0xd8b1cf7e48cc8cbbb6679b05e3bddf21c9f8d1cd,19165133,19.165133
0x70c439e9a85ce4f412d90bdc1d4f5e4d0bbc084d,19127739,19.127739
0x0eb4d3b89f2f4dbe66ff048dace41ea49fbe256b,19120711,19.120711
0xc91ffd941916532d9441e015bb4a65478a388051,19107746,19.107746
0xf2eb632c32a9dd3637e7e1df43a4286a1e18929e,19077082,19.077082
0xa4253ed15109c4e1cc254bac179638a41a2a27e4,19063592,19.063592
0x801c25f1a96ca9ecdd8b6bab0ca9bc63f5367f27,19044010,19.044010
0x2af2b2e485e1854fd71590c7ffd104db0f66f8a6,19025572,19.025572
0x5fba9efeca143430dbf43fe967e10824f992c09b,19010832,19.010832
0xe97eef93283967b1979da639178868f9ae449bab,19009697,19.009697
0x95f47f78870073ad4ac1cb21d3b29038346884b4,18983282,18.983282
0x32953723b15b8b39a7c76565299a3b3e6f1b6845,18963643,18.963643
0x16951588e446a1414c19335a9ca673dd6330b458,18961051,18.961051
0x7af2eaee557e3cb8a22dcd903d512e77a046bd4c,18958321,18.958321
0x66819a1ad0bd3e0d2d0c8302f38c1f200f215e4f,18953281,18.953281
0x0f16df267f83e5c66a1116b3101b2d724296f5d3,18952645,18.952645
0x3382e1b20452c543d293d99095dcf8988627f1eb,18937021,18.937021
0x94fbd85ffd835672f068bd106842ef4267e06177,18934032,18.934032
0x9b15cbab38a0408e5dbab9636145c862bfa5ce53,18927290,18.927290
0xaa1997098a2c0589b56db93f30d5cda6c7a37392,18927290,18.927290
0x060409d7fad110464dac8429977d592565979664,18927290,18.927290
0x7fe88cb6c962c8ca6b083debd7fc5049f2817958,18908155,18.908155
0x5813b4cf206159546c7a77bd2424b8094e3c1eaa,18907498,18.907498
0x159162a97cbf388600ecb72a0597062510fe19ea,18901117,18.901117
0xef8cb5e8f3a52f331abe3a93e1747d9ff6a092ed,18895742,18.895742
0xb11d776f66cd65a8a76e625a8218a192a2c7a37d,18891231,18.891231
0xe396e364e6bd529f4f114be6bccd7f46c2cd0c64,18890807,18.890807
0x689c908710beb0bd595b86e0f10b5cc60920ad6b,18889418,18.889418
0x3235b8955decf42a2ff3d3aa4d8d854ee4fca26e,18882828,18.882828
0xa4d72ae0f96038b0018a25f9c539d107e4903d3b,18875987,18.875987
0xafa4c9429876337708240ddc5a0132d5455bdaa8,18873713,18.873713
0x258e0ae28f70ec728a9c0d84268ca3dd5c69fb3c,18865295,18.865295
0xf58e7d6c03ac83be7a0f8c0f46b64ee26b57e975,18845831,18.845831
0xcf4ad5772734f21f1aad968403dc5bba4dc1e78c,18843791,18.843791
0x864f9813675e4437e38af9b042f6ef0453ffcd3e,18838181,18.838181
0xcb0b3560d7bf5b98fc0e5eea7732541cf5c94515,18821993,18.821993
0x67401af65d375658dbdd57ac791026da80bf2c49,18819711,18.819711
0x0aa0ad5d303d99dd9e4be617311acb16d18274a6,18819257,18.819257
0x2b2f446e4a1a5fea319c55e4407bc827b99bb1e0,18815667,18.815667
0x784a7bb89af3e98f15e0274d49142b79fc1d8106,18815316,18.815316
0x843a681ff3cd3925cc1cf2f10e24c4882eefb14f,18805642,18.805642
0x0559a40c957e288f3fbd49deafe6ee96453b2079,18793143,18.793143
0x392ae4c105bd1ae95ffec05eefe645be3b6e6503,18788875,18.788875
0x0face413af82de5e9d27c6478ab91cd4d63bc3bb,18740770,18.740770
0x4af73da12278ff21bbe08ba4113559928fc6dc4b,18740770,18.740770
0x5a33d853395ad668c7f6cbc8270ce25ebef38bc4,18729437,18.729437
0xa4f3d88671abd19d40b6e99d2a1116d64563673f,18717477,18.717477
0x643dcbc92592a2b24d9cac834713f112ceb8ba60,18693631,18.693631
0x6fcb971439b2c430cf15a5e26f0fcc2e46a2c466,18685977,18.685977
0xc683fc649d385774918fb53a66ae3e06c74f17df,18676980,18.676980
0x82ea41f93181d079e400bebd5f6ac14e76c51fcc,18666524,18.666524
0x9125b2457479964540a0557e3b010681317b635e,18656311,18.656311
0xc16f7078f2472c650850531800bd6fa1ac565358,18643163,18.643163
0x23146a7907987ab0bdcebb3a3824072be077ea48,18630473,18.630473
0xc1491119314d67455f50ab9799d7bec54ea681da,18622827,18.622827
0xd146ed4d627a1925b98cbf28ebf10f08e84022d3,18619138,18.619138
0x39280d5305d90e58fae2cf65cd775296c03a49f7,18599405,18.599405
0xa6d821693855f34f7fd93a856e18474df729d44c,18595969,18.595969
0x023c638b2181be451030dee5b050eedb5a4a8ba7,18595829,18.595829
0xfb8f37fc8845ef982199f71f42597e0cbd1a0dc9,18589868,18.589868
0xdee3a0fb3e27a33f418cd9e20ca36db2dbc6c795,18570372,18.570372
0x750b33f8829e63f9293212aa3f6cddafa26189a9,18558280,18.558280
0x9cfa2455ab78fabe23651f10551705de03a60533,18534764,18.534764
0x81d2e878e9e943ce5759cfec071061594e1df7ff,18529400,18.529400
0x468f4c726c5da2f8fb97c483c56d7703c18545d6,18525175,18.525175
0xfe3fd57379b65ba4b0fe1e481e07e969153acae1,18496680,18.496680
0xb70e003cc9e9ee731fafbbeb5fe8d36fa97a2bbe,18496659,18.496659
0x86b8067083f04b2f53293525e825b34a7f07c07c,18488400,18.488400
0xe2d35bd72ba56b32ba433ad31ef38e9ab690639c,18479234,18.479234
0xd07e38535964e7e99fdd6b6de8381d785dd39c6d,18465196,18.465196
0xcf8fcb37b7e4af7e2f79a6ff813b4d899ae70bdc,18461851,18.461851
0x6f7c7a9597119372711e317a6f3caf945b3731d7,18458356,18.458356
0x3f66ba455894b56d6e7d098bd18f21e8305a4c30,18439868,18.439868
0xb736779fd614386ef116b75be5a520b61a6b510b,18429892,18.429892
0x3173ad52b506be9dc63ff409c5bca5ef4be01bde,18422770,18.422770
0x94a807038b39462275ecd7bd4721bb948321aa1e,18415740,18.415740
0x199546abe12c267958af9d9e738fe0dcc3e60395,18390032,18.390032
0x08a1467c6843647b816f6b3d64d3e0c2e7a50ef9,18376109,18.376109
0x5ef84c9204c2888db12fc2b93f9a352c7e597a37,18375738,18.375738
0xbc8744370bcb6d5abf5de8b4086ecfbb4c5629c3,18374273,18.374273
0xf7c861032d0a69baddb81e75711c65f59271946d,18351380,18.351380
0xe308529ac754465e992ad62d7a3e0abbec0ce7cf,18345181,18.345181
0xfb9a10e1ed0ac11eaf06bfa0156b1228b46dc256,18333867,18.333867
0x35e2d59a96226139714556a45a3299d5a141c8f7,18313847,18.313847
0x043ea395a61a7a541a43c0b6e8e4d3cd2b0b7fe6,18311803,18.311803
0xddb88f6f3eb1030df60d1f7712083e82e47ae97e,18306170,18.306170
0xbeca049615fe7a3dab1802afe6965bbad85c0b94,18304729,18.304729
0xa3f7fe5f82ea5db2e8f163afb99494b3f0c278a6,18299277,18.299277
0x0cfab25f87b5b2f22008e8859e8461e267e00b47,18293342,18.293342
0x53ce00518126d11092c7285dac7cb3a9f814b7bd,18289612,18.289612
0x50fefb456648d7d2ac43ea60de364e6db4e793a3,18283037,18.283037
0xf8a189da251aa4f664bef833f44afb9bdd5cde1f,18279997,18.279997
0xdbd91aad79aea9ce747ae478ea0bdc753803be05,18236630,18.236630
0x856f5a015ebcd71743476e37497b57a17c2849ef,18234138,18.234138
0x980072215e8c0ee6871c352a20056467f295306d,18227178,18.227178
0x34cdf14ba087397c2b3c69e8461b6010a67604f4,18226940,18.226940
0xd1a0b66835d830e9ada42eef436f3aa8005b20b5,18221290,18.221290
0xd2939e164048982469847a9ade28054f268224bd,18211121,18.211121
0x2febfba183b5ba9983627ca9de3df2964e1190a4,18208046,18.208046
0x3025dd3e3c8ad9d8fc717afc618f4d5c88d18832,18197771,18.197771
0xa9816ac65481dfc3abe65ad26a3aa8bab618e8d4,18196593,18.196593
0xb6c78b1a9957ad1c28b42ff723d3faf5bdcb7065,18192386,18.192386
0x7a08456bec200fb06a26f0c0f0fb7e1860d1b4f1,18191438,18.191438
0xfde6d11fe82b7715616e06368618eb62ad8fc5e3,18187857,18.187857
0x93b526569d8a5ff26d1e7639a40f8a8caf9dcfd1,18187389,18.187389
0x9f5dbd5d406550a9ce82e9caf70418ea8c2a0782,18186760,18.186760
0x1154ad78d651f1c949de5303eb48b69d4e19d78a,18184397,18.184397
0x83e977ddd912487389bad9e9331f7210293c3e5b,18179111,18.179111
0xff2ab75563779d3094de4962b48ff69adcffcc70,18163671,18.163671
0x0185c555216bbd14f138a92730682a8e9fbc9e00,18149059,18.149059
0xda38aff9d34ff382f12a1de111a10491566b9876,18146971,18.146971
0xa6e87cae82b8006bf308ce6ccf292d0392b4106c,18137187,18.137187
0xae48504c16df6dce4a2ae703fd657096d28605a6,18135084,18.135084
0x2795fb0006722744bb913c1089e050531990e3a4,18130161,18.130161
0x6de0f6e97e37ad92c0a12ec669d1ff0c220842cc,18130017,18.130017
0xc44102d2142448175e4b0aea9ccbc641d42ec886,18119228,18.119228
0x58d2c12c63d5284ce01c8540165990051f76ca88,18117701,18.117701
0x6109207c10b2ac192dd42aa45131ec9b60ef45b9,18085104,18.085104
0xb4367abe9d87c508eceb60c422cbbf8e34aa8dc9,18066467,18.066467
0x6decaef50cf902106b6d9626b016d8b2b38025de,18037286,18.037286
0x17c9dd4a4028cef016a72f642b63443380809e4f,18029828,18.029828
0x6643b75c3031173ae34cbce912804deced1f9834,18018769,18.018769
0xa9531d3b5483bef6fae3b4be62ccd83697ab92b1,18014817,18.014817
0xbc75a4937eba547de120840750765cac8e0f573e,18011617,18.011617
0xab3b5d30cbdd9494ac3c72f50a93baa4cb5ec5da,18008009,18.008009
0x9ea7693fd34ab3590f763c0342720930bcd20d8c,17969322,17.969322
0x30ba10157b608ba6c9da66dd7e952875b17d68d4,17968868,17.968868
0xd53864866c922d8e81aa951d36265bf45b2385a4,17960726,17.960726
0xd2106a3fd1b09e09ea35eba28de4e48244777577,17926523,17.926523
0xc2edf07f6823506a386e82aa595a2b5ebb9bdce6,17920927,17.920927
0x4ac4ff89b9d4b3daf54942e3df63751a4a54c735,17914988,17.914988
0xd545ba99e6e4c1a619c588f902b957c02a04d924,17913974,17.913974
0xa77908e470ec95712fc9650f2c43c4e88c489388,17903939,17.903939
0x5e7c62a8a79f766431e58caab25032d6437a9fa6,17884665,17.884665
0xa22433f78774fd4445b1bd4aa5ff6d62941c4402,17883375,17.883375
0x8a4ece6c976437d10e37db832ddad4293b6a1556,17861414,17.861414
0xa1bc0292191192b6f03fc0045a26592ce4719bba,17861165,17.861165
0x008d63fab8179ee0ae2082bb57c72ed0c61f990f,17851080,17.851080
0xef5eb2cfd092e44d740a5d0ba5858a009405b142,17851080,17.851080
0x2e1a9ad1b9298297f8ac2d1794e529a996d76ba8,17848574,17.848574
0xc221ecc6780a2701cc04cbe771a5831828ea51d9,17848569,17.848569
0x3267d9df6b33d2436b64560ddd3b096775ac538c,17847838,17.847838
0xdd6bc886f14e607254d6f1a24321ed38bf8e3f5e,17844934,17.844934
0x38a9bf79e717142f676d40c0988d58c8132ec0aa,17835157,17.835157
0xd5b12178161244cd1ac9ee4857b53f0b6e7c5a46,17828435,17.828435
0xaba334664a884fe667548f12e5c2ae9cc5864ba2,17795004,17.795004
0x4c3c696191ebd56ae7cd92c13660c46a944f0ed9,17777110,17.777110
0x2a42cf4e1cfc33850fd8d8da24f86cd89b82ad95,17772702,17.772702
0xbea99229e2989eb53aabda064c58f228b2e42b92,17750339,17.750339
0x50c47c45747badae9291caef22a840065267b44c,17748133,17.748133
0x7d8378d189831f25e184621a1cc026fc99f9c48c,17735538,17.735538
0x7bb7db1f30b3a70794ecccadc8c817ee5a39d6e0,17733048,17.733048
0x9137aed633df008339f251ead3f5e25b36ba29ed,17724589,17.724589
0x13ff1953964fca34e387be9340faca5912ce65fc,17711498,17.711498
0x89eba09bbff0cd6f750bcdb423a3cd1f09d876fd,17702928,17.702928
0xaa1cf6d154d97013edab4f506eb03bbdfba20f8f,17689116,17.689116
0x47b0bcc9d79bc35120cf9ebfb49bf96e6b952451,17680474,17.680474
0x19eb27508a8a54655aa34835f5e51b17242b313f,17657398,17.657398
0x2b70f940ed3bd151636c933ba8adfd0d29d746a1,17636588,17.636588
0x90ab12107a18d3a83bea1ffbc381f167742d842e,17629551,17.629551
0x4f6ebfe86ceefa768467be34b695370c04949973,17623406,17.623406
0xf0c83af2d95e139627f8be0e4e0fde99f5251f6c,17616230,17.616230
0x7c365c624c81f6c444ebbb5f35aa2d46d5130f6c,17608785,17.608785
0xdb8738166e0eaaddd2acbd50310298929c667261,17603492,17.603492
0xad0f6338aa1b374f0a435d57421721ec0ce62e1b,17586766,17.586766
0xd831c524f188efd04be0af3bfd41ab4c7f9c32da,17583709,17.583709
0x5eff1ce80b725c2850e103e3bf61b568a14e4465,17581291,17.581291
0xa4e057e58a11de90f6e63dc9b6c51025bd2c9646,17574593,17.574593
0xf5dd0f9fd80931f08fda648ca3ceded2930a2d9c,17572189,17.572189
0xe49195c5c568a503dc114e52f4a785ff582b89e3,17560370,17.560370
0x030cc7fdac6b9af24d8634a64b36a588ea359186,17556234,17.556234
0x5f1bf06ba6aeb4396f04745121f6c420bfa2a588,17548240,17.548240
0x793d6260fa382a26ac6ab5fb6f9aa96f1f95b23b,17547557,17.547557
0xd29413907c8d42c90ea3c01bdd398dae65ada446,17539766,17.539766
0x62e37004cf12dcc67a7c8dc98d336b1d192323d3,17530872,17.530872
0x22f8284631f2caabc359c5296099200231fc2461,17527779,17.527779
0x6231af60c43c8e898d2121abae2f3d569daa2852,17527658,17.527658
0x2a3b53e1ce8cb9f3290e9ba70033951f07c686f3,17526059,17.526059
0xfbe36d66b731b7a6002adda3bc7cee8113d76683,17521545,17.521545
0xeace03ee098cbf1b31bca427f0a0dc6d573c4d4f,17520852,17.520852
0x21a7b50cdb41b9cf837eeb5d0571043dc906ad2c,17520699,17.520699
0x1594b251df6b70ca9a01d4de0836ab4fd9811241,17519448,17.519448
0x75b9b236801b273003beb57f823b434ae49f1be8,17513843,17.513843
0x5f16a2bce940fdab9fb7a0e5b3234c4ccb0005da,17512378,17.512378
0x6d7755ae36ed196be5812299dc44b9c85a4ceb4f,17509671,17.509671
0x91f2160139d48edea449c62d8c06fee04c97f74e,17509671,17.509671
0x7d372b5dedb31009ebcb54affe2cc91e2cc0b1bb,17509671,17.509671
0x94d2546d5dbd7af328f8860570d2ec24751ca4fd,17509671,17.509671
0x0440d6c4fe2b87a9ab062ee821b823d0906b94a0,17509671,17.509671
0x4d4a220b82f7fe1365de6dc46dbdd13e225d9e8e,17500385,17.500385
0x75adb80126a98fe118a1c927e0f23951eec1d3de,17495824,17.495824
0xf51d5ff1c2205cbc2d3236dafad1c14fb2acea45,17483832,17.483832
0xdde05da1122494c9af1694b377adbb43b47582c9,17472806,17.472806
0xdd72aa01bbffbade64766018c406af7558f025ff,17457076,17.457076
0x9af991c12c185a688f05f62ed129134436610138,17450225,17.450225
0xa4bc8e38c4d5c547d3786a9460841515b3191da8,17449941,17.449941
0x4efe29c86cee4818295f58fc85fef78e09c0fcca,17449432,17.449432
0xcb38db24b51e21077e1b0e8e2ddb9f880540f43c,17447688,17.447688
0x9ca7d2b165dfff9f3bf7b2c4595ad66cee0b5ad0,17445859,17.445859
0x764833c6a00ad6ea05d78979ad7316938ceb32a9,17441115,17.441115
0xaa5247c5713c3455b5c139c944df43760c46b5d4,17436308,17.436308
0x0e615885275115afe8a92e4b8a36087d7808edb8,17430766,17.430766
0x11b3c6cbf264181d19302160f3090df685452886,17429755,17.429755
0xaa51d58bf9bb443a8d92f9f52f6f7addc8dcd278,17424941,17.424941
0x86d716c24fdb549bd32cecebc87bdc1745731342,17414450,17.414450
0x114caa24c1fc70b420f1074c4a82824a5c68e3a1,17408433,17.408433
0x3bdd703e4fd1bee79a0003194e961a4c9f7656c6,17403789,17.403789
0xc26080abb76b22537486e5bebb09537b541e37d1,17402923,17.402923
0x7b40660e9fca0e5493496a611c7737b7fe9d455b,17399379,17.399379
0x743d30589bd79917344a7e7abb56377cac22f143,17394599,17.394599
0xe151682d94baff0f4e009c5d140d00101f5bff59,17392028,17.392028
0x34daf5612bbeab05edb080eca2b29e7d7ef859db,17372002,17.372002
0x45bc0f914c6f9285f41920a2d7d8732743d40474,17369517,17.369517
0x75f6549fae99c1ef4cad9283e589d67a1ea7b777,17348354,17.348354
0x1e3b89056537a181280392cdc3d0d21e6895413f,17333801,17.333801
0xe37226f69ba30624313276005fe019a273b40d69,17333801,17.333801
0x71c3f7112407f7f7260368ad0ccfc4e2fe20798e,17330844,17.330844
0xe2e153d1b88a2f24722ba61b55c3779955bc034d,17327600,17.327600
0x263b0b05657267e2a8fe5b9e0c7b21101beb43d9,17327011,17.327011
0xe310eb5e932f53b278d6ce16aa0d2ca92973d965,17321213,17.321213
0x5bb1c0bc8c61fc58b34be2f032bfeff195d9fa87,17316949,17.316949
0x8a5125928ec63184ebdf2ecb5300d054085466b1,17315427,17.315427
0x1df42f501ead917fd4ca86c8883136f4f2a1f4c6,17315305,17.315305
0x3574beacb7f82fdc60e5ea3bd32900088a539830,17308408,17.308408
0x725ec06e2089ab2b97aed89d96617e23dac33c7d,17307767,17.307767
0x868ba614d830c4ee16899ac99be2c51dcb7c34ef,17301369,17.301369
0x78531b711cc4c44585a69c8de83a92d9550beec3,17290279,17.290279
0xe4dce7b3b731b205d972a5671c114a02452e58a4,17288390,17.288390
0x953c64f3fec00b489b94bbcc4b55f431c68c8ceb,17285621,17.285621
0x734c3b3e376257d5668aa804810e1ba6d5593baa,17281456,17.281456
0x33e844ea85b3591e962f377ff179121536fa79ed,17277266,17.277266
0x7fc2f9860457475491d8c3f5703f2f65f2b63ee0,17262200,17.262200
0x50fc36c704e3ded0c969b01fb936f193d0832c61,17249335,17.249335
0x68eec483fd63370e05aa04fc022ac9b5a2cba91a,17248372,17.248372
0x4780e1a7089087ea94d053de8b97f15bb5708b96,17246861,17.246861
0x424ca2ac3d4b3a85979b02ac4ed4ace51a6f5f6c,17233103,17.233103
0x87e790ae036ea07f217dcfd18cb7a6ede7f55167,17220896,17.220896
0x7929cdd05469227441cfe29aeff234653361b2fe,17191935,17.191935
0x0584eaf81999b9098ac052f081741c39824d1cc0,17174180,17.174180
0x59572fed0e223c027dd36fe613e8ed02fe5cfc18,17168648,17.168648
0x7ee93e28f2c7803a248903ed68468f30f3a18be6,17161210,17.161210
0x8d5b48934c0c408adc25f14174c7307922f6aa60,17159296,17.159296
0xbebb6d2894c78fb48f3ccf87db902bdd7579aa01,17158465,17.158465
0xda64a3e664a0cbd6f754ad0200f813a07c102e13,17130315,17.130315
0x4f4aab85be4176151e5f52d290cc179ab6938104,17122172,17.122172
0xb5a739a7fa930b5edf95d5b7463196ef9ac8fbd2,17119200,17.119200
0x3533f720bee26f4315a13174a1bc95b66cfcb83b,17116571,17.116571
0x44e6d9dbc41118f7ec7236345a3be6f89e5132f7,17090608,17.090608
0x856077d8fc22ff95b7a89c3053f7e53d85fe754b,17073410,17.073410
0x6f9751a44c9c8277a4c6d1ec455d05c32dbb0dd2,17073227,17.073227
0xaad32487dae36393cbc40fd2efd04a5d0209b49a,17041650,17.041650
0xc3324762e7ba42a3921e9c1d600ece2323913c7f,17014840,17.014840
0xc69918c752874cb0238e9e159157b34ebb94af23,17014840,17.014840
0x8f3a193c8308b874408d5f332723e3118760edbf,17014840,17.014840
0x5d37db3b6154a1621a6e41bb594f01aa06d7d344,17014840,17.014840
0x7dbcf0cb748d5e3f86aa0738e5651896defe5d40,17014840,17.014840
0xbf2e592120a5c78c7e11bbbeda88dfbafa084f9a,16982053,16.982053
0xa178c15dd95553da5b79c1ba0bde1659fa2e76c8,16970295,16.970295
0xb23a7f7c297c52648565803786533caa82a9f645,16968927,16.968927
0xae1d4653c1488e4601819975b0e7c7926f8a1b8f,16955047,16.955047
0x0045d48a149557c4bb823ec428a2d6db40110a91,16949377,16.949377
0xc3c68947ba6c8c908ad646c3ad8380812ee69afa,16947862,16.947862
0x19793a7abac3c002d5b7f61952cad915c5c16042,16939338,16.939338
0x3cc04ac5bfbe144dcbac0e853acdfaca01d220df,16909635,16.909635
0x4ee6bde60357bfaee6168f2285757048520fb618,16905621,16.905621
0xa68155bdfd156feaf7e856acf35d4786bb539d5f,16895877,16.895877
0x1739e2268d12416dbd9319a70aeeea7ac9606734,16889755,16.889755
0xb8da775980053add25ca944633525a6110b24927,16864246,16.864246
0x30323b9a4b7df07d29fa2f99d51015b586f146e4,16856366,16.856366
0x97878691e0d6ed06734aaef53b3ca72a07da0e67,16847359,16.847359
0x05c7b084a1e9490033fa29c16b0d6222e690c30f,16842933,16.842933
0x6e5c200a784ba062ab770e6d317637f2fc82e53d,16834576,16.834576
0xd927537dad6f6302be676c198bf716c5295524b5,16833119,16.833119
0xc27b7afb09b3751348949d91679ef69dd2d1da57,16831721,16.831721
0x3f9d06d42cb2b04ada2d9a8cdfbf63c5206d7deb,16818898,16.818898
0xfb04a01e62a1074f98411549d1bc7092d64f4c64,16806181,16.806181
0x29e950baa235b31bd6afaef74ee12e913d91293d,16801216,16.801216
0x09ee8f3bc7b33b6eb55227e4564ceae15c7bb668,16801012,16.801012
0xd3a4bd023d50e1c7db837c9cd42806494b775935,16793061,16.793061
0xb0f8349d5e5ec37d6cac09a5dc5c67d35beb896e,16788372,16.788372
0xc1c79c6378e5a72895c8ea15fc6dd59ffddc8dee,16778183,16.778183
0xe66e1e613f1128492b43e895596fd75b15ccbbe1,16762169,16.762169
0xea24f605ff7a7faff0ec68859e9d28b21228aea7,16747479,16.747479
0x7f75ef0dbe3c906fa406abbf3d0869bfe58421a1,16742646,16.742646
0x0c3d9e231d6a1caea012fde4eaa0d65c57abdf3a,16727541,16.727541
0x7d54d807e9132fc34acde66de49b36d4f37e8e0c,16726170,16.726170
0xa865b05c4e6d76ba21dfc1d8e7721f67c0034e0d,16725494,16.725494
0x349e7c22cd2a12d42073443c633d2478a419b578,16723784,16.723784
0x802c772a209e764455ab8bd09a3dc23102f61799,16719931,16.719931
0x14f03d5b38e91133a436139f2e1c36056a6f5c85,16704412,16.704412
0x4c4b46abe88f996d1b3b4a8fa41876535675ef1e,16704242,16.704242
0x2a84bf1b570186d6744e6431544a26059d0dbbf8,16695157,16.695157
0x5d3ef18515c2d8637872ca88097bd5eae3520f16,16689608,16.689608
0x3a04ddb87d7fd93d59d881ff0ce3349e4d81484e,16672970,16.672970
0x70b61be3225a6e40957a60cad58f4fdb6f5c6b7d,16646646,16.646646
0x377bd40c7bfef4627ca6fd0dc06eceaa667a28da,16644747,16.644747
0x3eb92b9fbde8ce98bd0a79a826a9d4dda350f41d,16617381,16.617381
0x1acb580874b0b00602a497b229b6f0bd7777c4f6,16597843,16.597843
0x4fdcd94c92799ba592d43d82a80253752df79551,16597493,16.597493
0xf80d187e1672b9709f9a8b622b610ffd951c5ffb,16596815,16.596815
0xae1f305425502580a686d58f8a7e2a2f95cf076c,16591939,16.591939
0xbd78c79411060c2b9225b9e7bc5f035152a273d5,16589277,16.589277
0x19cf5a3a71958282134e0503d896d4bbc5ae518c,16552240,16.552240
0x995e2f91632895b1f794ec2ba714feff21b3e6be,16548000,16.548000
0xdd92b77604e9eb359ed9498d8cd0eca9c783f9ab,16545847,16.545847
0x1af162f4e658dcc2d93430aa3e6804d7106459e7,16520535,16.520535
0x2ebd947294128488b2edd1a90a941c28b0fed8e5,16501918,16.501918
0x2d00785779be34759e742ffe02b4c80d3599229d,16498301,16.498301
0x96ad6be504d153a25d41a476d5202425e85135fb,16486331,16.486331
0x757f179e05c4c0dd8932e8ce12e59fd567130cff,16483089,16.483089
0xc64c35975ebeac01a71181049ec46bf798f5fa13,16480598,16.480598
0x2e97778b97db81b62eb64103813e019f353537cd,16476170,16.476170
0x0283401164bd0e32bb06328039d4a32afe0d22b8,16474196,16.474196
0x6fec38bd8c88da0041100f5338e79ebe01a37af7,16462230,16.462230
0x15c16d061f801f61f44f4a84161c8a81acd83b1f,16457715,16.457715
0x4c5a46275061b001b24457805e460a86eb0d0285,16439663,16.439663
0x9225b639b21d42dce7f608ddebc82ae18660c616,16437464,16.437464
0xe0e23de463aca77372fc889fb2b343684d9be85c,16433111,16.433111
0xf82a4bf5a573e6948cb2ab88c7c1a9a88c29aafd,16418188,16.418188
0x1ecb74d5d22f88958f8c8876e8f8b19b7703d868,16411574,16.411574
0x27286c989f5e8ae1ac15d9a19a44dda63ddd23e5,16407258,16.407258
0x7a7311580bb9783a54f4e3e7585080e327aec3dc,16404855,16.404855
0x64c0bace14a0610c4017e6524a76148b63a8ac27,16394425,16.394425
0x33f6ee932cea603fafd6854827259be172c91da4,16394158,16.394158
0x67ffb0c645f5843ff88a6ff0fc91fd1798974e57,16391841,16.391841
0xcad14ba5c391bff8bd6277d5c6ffe9583e7a0dcb,16388675,16.388675
0x4a2ff57467db1290cf32cf106c96987d5f4eca1a,16388255,16.388255
0x6d90ea91ebce8c005a0c4523048be120072efe11,16386864,16.386864
0x60865244d168f8adc2c5afe6be135094b19c5c77,16380986,16.380986
0x0d19f927028b8af2c9793204f6ed2126a6b847b4,16374136,16.374136
0xd4fdc51a88d83dda8a909991a85332314c5ca1ef,16370516,16.370516
0x5b73657693cf06d1599e8c58396f8d583fc156e7,16352897,16.352897
0x514c8600681cf53121c88418d5355a9d7d305db2,16349237,16.349237
0xa1909f656e11086902c23ce4bc2ee1b4950adaee,16348845,16.348845
0x421a3be19be32be8b8e29cd886da8b4cb59169c3,16333723,16.333723
0x9cdedca68131043f37710ae3d10d23d13434383f,16329001,16.329001
0xb4b6a076241c45e579246bbac2bad516ca3bf17f,16324111,16.324111
0xd6d1aea20a505f305af5b6f9432c016e080bab1c,16321323,16.321323
0x535b76436be15c70de947585672df01c25a6e966,16313228,16.313228
0x00f282c40b92bed05f1776cadf1c8b96b9fbaee3,16300462,16.300462
0xd0e5a3aa5b4363539b43bf12a833188e1fcc5bbe,16295930,16.295930
0x45d76915c5c1ea90b941ae4c9c55829a6bdb6d2b,16289016,16.289016
0x11b1785d9ac81480c03210e89f1508c8c115888e,16278207,16.278207
0xa4fdf3f5d5665bd37776d0b84bc4d0336617e604,16275571,16.275571
0xf6f64e9396f9ada9e149e990827afdf05b59fcb4,16268313,16.268313
0x3d1634e1638917f26cb207cc2dd3b481be6d5361,16255071,16.255071
0x5190888ba3e49dc77548b711be24c4412313c015,16252128,16.252128
0x616964aa4652812da73a8ca0cd9b1f0fac5b49e5,16240427,16.240427
0x05d26775a731f803f6cf5bf85067ce056d40e810,16238415,16.238415
0x5440f76b278009bfe5f7127c2cce5e89664d9121,16231970,16.231970
0x95da870ff4fc68701b6811d883371da8d0986c12,16204164,16.204164
0x08dbceee0a05c79e9cd93d456a94e982aa16fb93,16198543,16.198543
0x19a10c0d5dfa3005f5559b09ccec5f388be952a4,16198338,16.198338
0x098d3b9d61de50bd85059969d1b302047d0ac73a,16196373,16.196373
0x06ed1ab799ffe196c450d4f45fc881239232369a,16193885,16.193885
0x6f325223e17797eee66d2e1fe12a9286f32d29b4,16189086,16.189086
0xb31048f5097b009a315758f6dc2e0555d942de11,16188888,16.188888
0xe9f9a9777f2b88a538832b718bca94ea396bf868,16187018,16.187018
0x9e6cbbfd4da15983675de9f10f7c847d2d7bf451,16175046,16.175046
0x2e1c62353efb3743729e1af6c234b32cc4efaf85,16170525,16.170525
0x60c7b8f2615ea14b237eb7cac9caa776bcdc0cca,16162799,16.162799
0xc07d3f8278591400b2b69dbf611af699c7c9adcd,16159497,16.159497
0x5f10269c8e08b70b9aca31c12e7f12d8150d97b9,16152507,16.152507
0x3b223f5454de143a61723e04c7dd886cd2ec4fbc,16142202,16.142202
0xbd72008d301cb9c1c283c6abddd5d32bce6a2abc,16133519,16.133519
0x374aa474fc6bd37a4a85274ee885adab281fa502,16132201,16.132201
0xecea19ec07c553a15e4592c034e149847a69f76a,16124614,16.124614
0x4d29b2b39f4919eb5e58b8ddeb3aa253fb8b2575,16117620,16.117620
0x47d8917b8e5529fcd4cde793fcb7a11ef44e2eac,16114337,16.114337
0xc62198e82086622b811c9fd86b55558f8bfed586,16107393,16.107393
0x61916763c6798c6ef44b49dd5d318af846ff9032,16105445,16.105445
0x93c85936d901e55d92221ba04c7716e1801c6a3c,16094198,16.094198
0x58d93b7a1b959a272bed7896aa483de13e71c81d,16091982,16.091982
0x32371b624fad61fcc122813ac42ec6f8639f7fb4,16079418,16.079418
0x54d21516ec21230025dae685a4edea690457ebf3,16076851,16.076851
0x67846ced6221d8a3c1e4d64f16fd606d82b70a4a,16076851,16.076851
0x0d14ec08bbd93d919e1f4ee1ce9cf1c2f83fb60c,16076851,16.076851
0x383e7262151bacffeeba079d08c8988ae1280750,16076851,16.076851
0x824bca7f39de2f48cefccf306faf0cf8d6ea7587,16076851,16.076851
0x3c04b50fe522b1ba9b2bb1c5c0c94c1c7d62500b,16076851,16.076851
0x3fbc921bd2b54c7831f83cd405717bc0712394d4,16076851,16.076851
0x5343b903bac2a733167f2fb93fed06207c02a5af,16076851,16.076851
0x74f2437d9ecca905a50f96ceb4488e03734a75c0,16076851,16.076851
0x3a43616e184cb11355b17fd0ce56ce7f6e9ccee5,16076851,16.076851
0xc225410faec4a740d5e41e013a6e42dd07b0271a,16076851,16.076851
0xa4905abbf8a4359bd69b101038b09c8cee10d330,16076851,16.076851
0xf87fc759874deb083de704416e6aaad84e18d4f5,16076851,16.076851
0x9e13bb901ac7e547004fcd1e8fa34cb33a8056bf,16076851,16.076851
0xef957c3773215794ab15acff30c31e3c0cce659c,16076851,16.076851
0xc3d8beb4662dcfcabe95859cd5be08e9a29af83e,16000781,16.000781
0xafb4bce970b77222a74d240294bd67216114b8eb,15998062,15.998062
0x67e692111982a1fefd59c4e1108b5c47b4eb5463,15994921,15.994921
0x9a702d387bb32006002a2bde638ebd9615ec0e7f,15990413,15.990413
0x0a2a3d3c6d4f2d57d307da3e3e99ff8122077da5,15986581,15.986581
0x1520ca2d76f9cb8b0c9f45e2cf3ac508ad6ffb5d,15984592,15.984592
0xbb8eeb1b3494e123144ce38e1aac8f7b96b5efa5,15974317,15.974317
0xd8737092768c3be44ac64270adef3d45bfc12c5a,15962732,15.962732
0x3c42b7defb188b2611e3e197084b97ebfde5e7d9,15955537,15.955537
0x5a94360bc75f29804f9f7085d38fb91a134b22bc,15953185,15.953185
0x23a1341d8de99db97ef9bd7a6ec84014d49bf899,15945861,15.945861
0xda24f20806ceaccd183f13a90adec4fa4d4a968c,15939153,15.939153
0x68757f740e2fe68e38e9a2b690a3a26ac376c102,15926822,15.926822
0x16c9ebb3d96550e6dbc376f7d89410df93832c99,15926822,15.926822
0x9fc6f3949f69c5b2a20286297dbb86b3567038b6,15926822,15.926822
0xd9d602b5b14493b1b51e887ee0e0ea3c586a607b,15926822,15.926822
0xeefb032f508088b4e21cf8d3154edcc1771657da,15922957,15.922957
0xc7b669bbafe6be353f7bc11c0a223f8b693ada17,15922244,15.922244
0x23da7bb497f78c65eafae5ec0dc7dc5cdd7c0df4,15918578,15.918578
0x7ade2158d2c107a532d0c50be8701b6762b17380,15913075,15.913075
0xcf47f2443708c5bc515db19b5c433359cde25cfe,15910948,15.910948
0x3f596be1efc2f0813c3fb74689493fa07f8eda9a,15896277,15.896277
0x4b05e3117919027dadf5d5a23f7e235cfbadbd09,15855956,15.855956
0xbe2a5befd8748d9c5e96aa033d570d04df72fbf6,15850707,15.850707
0xbc1934f548417f79ab10138b57716fbc7c25c177,15842359,15.842359
0x9c7378a6f587226e5c8549fbbbea27e80abbcffa,15842359,15.842359
0x0f680b5176fe1d9f84a10c9fe63b01e99dda2d56,15842359,15.842359
0xd096acded41d38ab3238071206d2825a4b1e559e,15842359,15.842359
0x286f5789b1c961cf1e545dbc560c4a76e9130ec0,15827548,15.827548
0xf522f0672107333dc549a8acedf62746844b65ce,15817088,15.817088
0x8b77f4d1602c48a30d1ed10792f6c7fdbf498c8d,15803507,15.803507
0x792c68efa4f64c3289d96020e5a2ad5a2d0fecca,15793595,15.793595
0x085e34780157bcf34a49e667cf4820a9d69cf428,15786203,15.786203
0x35a13372de330c579a16de455f01e530e15a7910,15786166,15.786166
0x6c0e284daaf37905651820f6354f8014d8333bc6,15776206,15.776206
0x5c2260103ba960d23603a7b824c80a24eae159b9,15773569,15.773569
0xe73052aa21b655c70f4aaa1f947f793c4bf7a95d,15758603,15.758603
0x9364b8dc0a6b453f5825635a822630f6b03c420c,15750949,15.750949
0xd6af1d5e5599b967de1fa77307c5c765e2cba0ee,15750949,15.750949
0xf7fd71aabfb65be63580735152d9b28f16a70041,15750949,15.750949
0xc6973da08fb1fad633fc1b2413423d5179cd0e5e,15750949,15.750949
0xfa8d154d2c2f28caa1c59b673aec0ac55ed037fc,15750949,15.750949
0x1f7fde2e03ae43e260f604e60552a52c052c48cf,15746270,15.746270
0x2e63447e7f48d3fedcb4a30321366c4115048bb6,15742769,15.742769
0xe17e27bd4379c9f982be03b0df0a6e7bf5cddd45,15736392,15.736392
0x07b3103f8eceee53f233e58d6b4481edab2784a1,15726218,15.726218
0x0a90195b2b231015f125f6aff061db6703afc80f,15708291,15.708291
0x962bda7d57490820be1df1172af05b44009f482c,15706347,15.706347
0x9b6131eae892de5c96ddd3af52c74359cb99596e,15695356,15.695356
0x100417342cb70538abc22d70c6da258bc666b661,15692569,15.692569
0x144aa5fa6a2d93693c414a5e9c837089c6f29b4d,15691882,15.691882
0xf0ab5ed4e9508fa4274e26e3cf081abf49bf67a7,15685904,15.685904
0x8746968f409568811ee2aacf28c4a9c97a4a6341,15685768,15.685768
0x2bc12061c8912505978472c21d4a23db43af62aa,15681255,15.681255
0x863d6a6acd70b8ffa77c5869ec7f4720912c2d75,15672604,15.672604
0xe3c5f195efb34d723543d8bd5bf85a910a22852e,15671180,15.671180
0x91899e7b43c8b3956024b318f56d718507a74c13,15661190,15.661190
0x7256edf19c18a00824a50c2b10998fa0b65a5703,15645010,15.645010
0xf8502395e0eab3a8381f941a1e550e1e5478eaf5,15644613,15.644613
0xf4b5dfc9beb2fee17f9f3aa67d7d4fab3e6b8e74,15622164,15.622164
0x67d6140fda661346ad4785f35412aa43fa3224b1,15621288,15.621288
0x6f809a9b799697b4fdd656c29deac20ed55d330b,15615743,15.615743
0x36613eab0ed4c9d0f5abf7f8cfea819f84b9610c,15611332,15.611332
0x37c3c52d04e5f3b54bb16d5d264eecb3c2debeb1,15607862,15.607862
0x3db2cbcf33bc3de88fd4f3355c0ea3e54ae9ca55,15607862,15.607862
0x21d90e6f18f3848d9e45f34bdb4dfdde3fa09d1a,15607862,15.607862
0xc51f7bc0786b40d70a32f5a87cef638d8281e54c,15607862,15.607862
0x0fafb7281fbed425037314633e233cd13ffb9436,15607862,15.607862
0x66158bf6752fa6191e70ab06cfc345de0d9a0ba5,15607862,15.607862
0x52a38d66c4a4a586bf68341d0df3402d67d771cc,15607862,15.607862
0x365b19088cf4e52c1631e53d1fa34aaaa2891852,15607862,15.607862
0x4e8a511f117c80b97db153fd0adf77986078e175,15607862,15.607862
0x9ae8d8ed55aac2edbf8b94c5ed81c69f67e7e906,15607862,15.607862
0x75a6b3b01980bf4a78c7bdeca563d04f2dc60de2,15607862,15.607862
0x051bf22f9743d65643d9bf0020ac7060fc615827,15607862,15.607862
0x2050133df1a3e930959367d8071bd2267c24f81b,15607862,15.607862
0xd25e1b6bb02823658a4b3c0f6c689046a52e2b23,15607862,15.607862
0xf986678318fccf839f4b1fa3a522c84234fc4495,15595946,15.595946
0x794202f07e20f29fce5ad0e0cac4076f8cc1b6f4,15589717,15.589717
0x193641ea463c3b9244cf9f00b77ee5220d4154e9,15588794,15.588794
0x4a7ed26157874f98f69e533a5b3e01651b816fdf,15582166,15.582166
0xe33f1860eb6b335f0f961c95952e29941d09b5f7,15572339,15.572339
0xb23e32e08ee52d5176e3fe36150f369e1bf5e8a4,15565867,15.565867
0xbb98f1e33cf45e3201b292caa3f9f7d0c08bdf7f,15555087,15.555087
0xa9e741415904011b741a2e4fa0c1a86140e03d1f,15531859,15.531859
0xf2cfc3036d26fcbc39ba8558cf972b4c4fd39598,15521693,15.521693
0x5538793f0ed24fd4ea2fcd5225a40995a8f5ac3a,15521564,15.521564
0x7283cb711b480ed82335e5a4211140ae08c223a5,15497283,15.497283
0x16cb5a53fc1fad31539028f4e8ce7e162d83cdf9,15497135,15.497135
0xe5acffd9f4925aed3c14fb3aef65d489a6234c0b,15491584,15.491584
0xa333c4fd6b23ff189f561270b3e1692a7ad3cef9,15491017,15.491017
0xbbb966e2befd798ecadc3b181b09609cfe1cc599,15487038,15.487038
0x05e210e10beb566b06575848c1483980a948c396,15481813,15.481813
0xf1d17fbf7aaad0b418e06fd94918c3d9a1480bf8,15478786,15.478786
0x08a4f7c5b0021ca15d65e410b22825aadc84aba1,15476260,15.476260
0xce8e4dbdb2046a23d6d32092ce26690a13524e14,15476137,15.476137
0xd0537b400c33aa538a95e76d916bd3fc983cebb1,15471240,15.471240
0x9f56c8c3146fe954382c9706e94b0d826f1f5f3a,15470749,15.470749
0xe15c174a0a57747a9816f45d5dec9a1d6d56e980,15468334,15.468334
0xcbf878c15a011411c7ccabf68cc0fb19318b81d3,15460788,15.460788
0x87b1cba4a53bea414ad554d4ac2caf28f76225a5,15450146,15.450146
0xa9d813547686ddb7dc199ed0f567b3f8bc04179a,15446301,15.446301
0x44bce8d270495752de2a9371510b2f94566dd6cc,15438945,15.438945
0x59cc13667249c1aaf631c89a2ad2d664182e6476,15428527,15.428527
0x33ae689b96fa5c23af5def0c6dc3890f5d9f05b0,15409643,15.409643
0xbe116897c7c0f92891212c96e685c429383aaf88,15397718,15.397718
0xbb8b257486711a45f14e8eceb30378921665c5b3,15388558,15.388558
0x5ee5c1644811fb1914a4d733be926d54f4b61eb1,15388558,15.388558
0x697a3d495a27599cb23006a7099920f4f88412f4,15388558,15.388558
0x3fabf17555376568b20c8688b708b691553f339d,15387964,15.387964
0x0639374016986c76a8820c7baa5653710990b276,15386353,15.386353
0x92bcfd8132d58af96b40b15f349ed8c7665b4eb0,15376967,15.376967
0x572c9ee7df1ca5fc7362a4c5839ac45db8f04177,15366190,15.366190
0xb458cd07f4b79356b31c55564bda5b78e38cf3a9,15363007,15.363007
0xdab60b1981b8dd2aba91bad7e91a085025ca68d9,15358325,15.358325
0xe071308904e7e3c506ed00cde53c7a3e99abd30a,15357610,15.357610
0x0cfaafc1daa829f51307f9ddefa31f3335afcc47,15351179,15.351179
0x9efe15608c3f133d4991dc43ea798c2d978a39b7,15350895,15.350895
0x0c8cfb9e67bcd5ef0c6de6c7e7b93d82cdca7bca,15342692,15.342692
0xb97084625c0f4a3d23667f4ef13ac1faaf907159,15340747,15.340747
0x4201cc529ff3bfc5a80a29738fe8a5c0914dd8ef,15330054,15.330054
0xf19646ed960808558e1f6a10c3d4886e82113001,15318773,15.318773
0x1f452ea54d4d934afadc300c61ca0a3b1bbde958,15317002,15.317002
0xd1bf706bed8b812008802eefec16e6a5bc7f380a,15313484,15.313484
0x40e84785b0bb9833622acc497467e1059188ae5c,15313051,15.313051
0x6386e4a9fc80b3f69f2cdbf5ce3bf3777d7c1335,15299056,15.299056
0x45c0a2dacd38170e76c73915105ab6f45e188731,15295968,15.295968
0xa864f4aeb217c2241fd69eeadbf4edb95f697d65,15291376,15.291376
0x24865fa6f4d3a99fe96cba074ff42d9c0f3e5bac,15287980,15.287980
0x02081154734edffc31e8fba746343195a6cd0ffa,15287980,15.287980
0xe49a172495a4357ea561fe056f62b3dd6e3f3e1d,15287980,15.287980
0xf06c1a9ac34230190cbae214a66e3cd86cc0668c,15287980,15.287980
0x9cb1413d873205d5a478b52142af58a812766b44,15263532,15.263532
0x6198ebaf39633dbe41759df5d81f5d8391653263,15263205,15.263205
0xc13ece1fb21d95fb43a9a1ce025f6e57b37cb9dc,15254614,15.254614
0x7dd84adbe6eb2a8f062afcca533621985d5758e9,15252496,15.252496
0x0c9c7e55485da1a30b2b211de85e3d8fa9e74efb,15239315,15.239315
0x200913f7ebd9cdf773bddc70010debae6ae7de93,15217549,15.217549
0xffca58b51c0134674def2c520822bb9d0fd51982,15210193,15.210193
0xc4a82fcd2dd1e4201059a43f55bc9f0a144ca280,15209191,15.209191
0xa0b5802405fb44026d4947f69a6d3e51e9b4317c,15205515,15.205515
0xa31bb0202559fe4ee4be6d29f986e1c30fb7b049,15200518,15.200518
0x7c9c2a2deba2895684d637dc1ba05006c7ff5ceb,15195282,15.195282
0x2459c71386775cc30ff366aed6d6f4d9cd235025,15190550,15.190550
0x378565cf24dbb6411aa362e73c5349d08a27c909,15187404,15.187404
0x701386193b756f4931f68881f536724a808cdcba,15187146,15.187146
0xd9b4d5399aa5f782413c9db600d51bbfc49f8983,15184907,15.184907
0x9a80b66902b2053fee6d3afbef84d9cc0bd5c563,15179953,15.179953
0xeb432905497d9ed2f0a8a9aac9053a0108746c1a,15151131,15.151131
0xd5f671029ae21d8415fdfd7fe495de039e2d04cf,15144891,15.144891
0x72d4336d4d67ad87e8c415a427d883b0101bac47,15140655,15.140655
0xf1c42a5c4aaea9f5f79a5dd791833003a549b9e5,15128499,15.128499
0xdb66c8b55519ad12f9c93c354b1bbd6a035667ad,15128499,15.128499
0xe3881f30b0ac4027d96c42e71f2c5547c99bde8c,15119758,15.119758
0xc0842af507b88c321afe6a7de82d883898001778,15112714,15.112714
0x0c88f0f125c59cad35c704b8044107f2e51d28fe,15110437,15.110437
0x7555d8cb8b76397d8de8c726e3bc10adbca0f85f,15103605,15.103605
0x599e3102677910e15092517514f570e18f7669b4,15098751,15.098751
0x662b6116254b5e0d6f56cfb3e2d8a55a7495fe28,15085001,15.085001
0xf175846de880d076204156997f30e2ba24247890,15078817,15.078817
0x1cbca55eecfe17e340007e4321d4bd169b3734cb,15077990,15.077990
0xb91ca232e78dee74ac6e90dddd76aeca5490eb75,15071944,15.071944
0x83d08a43b815034a4e675fd729624bc2431a0616,15070744,15.070744
0x4b7da6906b74554c09e2d9f31c9e6ca63989a40c,15063001,15.063001
0xdb894986a8b20524d5a1e8ad6bc37d8799a47e34,15060091,15.060091
0x1ea6cf2470a41f2cec774c81ce893ae2f5ce6699,15055810,15.055810
0xb2a14e9a545078c742a484ded4b37fcecb6a6210,15050240,15.050240
0x15f2a0e6d94dc205e40f23c63657058ae1cb5f3a,15043484,15.043484
0xc145414460edba004827e34c9eec61eaccdce237,15042574,15.042574
0x540615ace7036247dc4c4b221384e09ad0229d1f,15042572,15.042572
0xe008c3b6fd49d8c936985b1eb38dc9319f311c5f,15036894,15.036894
0x01961cf278780e16ff5b18ae15f319742c576e26,15036442,15.036442
0xb719fdfae9f77ed399945eda42eb4c82398e31ed,15029233,15.029233
0xef0c0b3e91f8d7aa54b148e817818aa852b6e93b,15028702,15.028702
0xd7199ddec70ae891eab15a1963029c36da8b87ac,15022349,15.022349
0x446925b8fa3ce7072a6f389df46150978da748fb,15017600,15.017600
0x295ebc4db543a7c02e6003c7aa55ca3cc1517fae,15014596,15.014596
0x4afc6fafbe1cd2b4c074107b86d2fb95c4c76abf,15011319,15.011319
0xc8bc9455b275bccbfdb88b92b3013728978bad02,15007993,15.007993
0x5c208198db372c8800a39991373979f34dc31ab6,15001911,15.001911
0x6fc28800bc45568eb76953fa5a5921db1046f164,15000153,15.000153
0x01c68de2a7a84bf0a58797c53aa91f08cf2a6cbf,14998421,14.998421
0xd2d35f43ed710ba948a3cc506442828e4bba4787,14994902,14.994902
0xd3777b2068784983ef1e6208e9086e6c4979d579,14987603,14.987603
0xbda279be4620249b3cc74c27946730c7f76b9302,14973014,14.973014
0xf11d74935a9a15517a084805784b89fe7820c466,14964516,14.964516
0x5c12173a1b677c2fbb714b95eb052538eee723b6,14963680,14.963680
0xca40a383f9aa38bc846df28ba3f1ad17bb1951f9,14955395,14.955395
0xc3a898848a12c58a1d8385d2f2ec475e9cfe3a42,14949605,14.949605
0x3b9548359e9f9c225d5b447111026463a0e17e83,14934305,14.934305
0xe67eedf10c5eb6b61d0f3a6e1ddec15b5211a8ca,14932196,14.932196
0x306a4263cbbb9af69d2164a2a11fec7fce7b660f,14930602,14.930602
0xa48435decefcade2bb0bcf35b721784a2992931a,14928894,14.928894
0x2c793cd1f29469a2e33e33e62af96a32145440ba,14896375,14.896375
0xfff26a6dedd708113eeb2d64d2facb6f7365ea18,14892159,14.892159
0x4ec6d137bee9a643f1cf61952fdf9213db4b8c71,14889751,14.889751
0xdd72527cd9265013952ad33825b35ab66e93bf3b,14856300,14.856300
0x5656bb20e08793dc306522ef8697f1fc2d67a90d,14850782,14.850782
0x4c7f4cb013ebad4dcbcff1357de57c7bb2ef8233,14849557,14.849557
0xf0d028081a0fb6d655531722eaa2d48604361ddf,14841139,14.841139
0xb4b83511c2353b5cc54650535b3a9892d9058a78,14821276,14.821276
0xf50ce7f06d8e9f4e4006f38559fda912ebf23f66,14805900,14.805900
0x937ba66aa303fd63a81dc1074d9389254ce745a3,14794503,14.794503
0xe967f85850b54759fb8d8588a942d80e171d5dc3,14786814,14.786814
0x13f1385c50003481f090211692824f9f0a98532c,14781013,14.781013
0x0ded9b7a68b272822ef14a4a840c9c0b2b4d841c,14778057,14.778057
0x6ff85c6208ee8a3bc484f73a9b8f2d55b9b01c00,14759815,14.759815
0x0d94b6e4c2aa9383964986020b3534d34885f700,14759668,14.759668
0x4838f780f21e19d025f3b027392e0a0fe5ed4390,14734328,14.734328
0x280e67a5dc1d62c30efdad0df8f93bb5abcf3bae,14729370,14.729370
0x5b952d2005ff256638ca9f01f4f1e8741a3d5e90,14725133,14.725133
0x2306b8a5d741a0c415451c1750ad3a92c20b9921,14722400,14.722400
0xe4bb536bc3248b8eb97a6ceede4ede770e1dad09,14719104,14.719104
0x1c5be2f5542963bf4439f420e5b653adc1418845,14717807,14.717807
0xf4a733fcac1557346302309c54121ff4e521f28d,14711958,14.711958
0x0c470f23b09847fc99e20b63aa9b0c3db13bacf7,14710657,14.710657
0x5007d9961da171d3a8625ebacbb71d2f94403294,14708122,14.708122
0x30949864d08228037c9b097971d5fc12042d2172,14703857,14.703857
0xfd3263235722d153151167dd16c86f8474244065,14702342,14.702342
0xe39744ede37a7e197c73fdc65cd0fcf342558a41,14701655,14.701655
0xa83360de829b817d75db35308849bc919117d3e5,14687143,14.687143
0x72589cace6e4b35c1b42ec5408dbf48b33179ea4,14678508,14.678508
0x00503d8e7b713b199fbd5d58abd51d00df5cba2f,14670128,14.670128
0xe3053cde2124eaa6103ddde8e5c6bd36c66f716e,14669877,14.669877
0x939bf928d6fe547196cf761f0a0b4eeefe68d373,14665632,14.665632
0x7c3f06995c840ba138f9f42ab60b8e524f86c187,14655439,14.655439
0x1e567b7a92d3dc290f9ad3a82eacb8b9fa4201cb,14644956,14.644956
0xd94ea61f089e6ec2c97c16c33f6f262552b1c270,14643006,14.643006
0xdaba1f2ae7a499a5e64b1ba6c57c0c813092c481,14641429,14.641429
0x2bc99f6c868b14ea6bde976ce5310f6115dd1382,14630078,14.630078
0x91f2b988367d00226e55fcc73bd7d89b5e576925,14626409,14.626409
0xdba9648ff976995bd31d9ee9a76d2a95813d6b6b,14621073,14.621073
0xf6993523e1c7c22dd95a4451bc65b85d63dfa17d,14608265,14.608265
0xda39522a946f892b510a47335ea31fa2d7f2c528,14595802,14.595802
0xcfabfa57fc6246c6cad1884dfdbd08ae23873ca6,14592495,14.592495
0x590fe3ec839e31d9d21433296e733971a615d98d,14591586,14.591586
0x2e393415efe446a02bc1c8093c516d2691c95719,14589249,14.589249
0xaf9199686f085f2ed6c1660f5f62f5aa06eb32a4,14588574,14.588574
0x05606123d385deb2d7069421af2376603a326e2b,14585118,14.585118
0x9a215304d686fe6ab67c79c3c273856798f8696d,14584297,14.584297
0x10decdc06ef4e49757febbe692fce5478e381bcc,14583561,14.583561
0x7e8df87454a1a2da797d3aa0676dbfada7a6260a,14579794,14.579794
0x57181b7d1758b0e9931284290d00cc7854f72a27,14575271,14.575271
0xde0956addd505a144e77c0d64d71bb277fcaecdd,14574970,14.574970
0xd527947d7eb163946fb57d7cfbc86f43682850ad,14570521,14.570521
0xb2c5a5490b8c66568359d053e3162e2009c5ae47,14564051,14.564051
0x0db5d24b02c2be81b2437bfc00a42a33d98d94c5,14542580,14.542580
0x0cf48eedbbe411f4384c0001e777c9770a7076a4,14535672,14.535672
0xa8e237b36720f959b28b39ee3c506247fd2849ad,14524406,14.524406
0xd19790bf3498be7219629c02bcf6dd41f42efc7d,14522270,14.522270
0xf1ed8cca865c5b9511beaefe0e1f2c22c43a422b,14505157,14.505157
0x105e289cfdc0173f000f0d873773b1dc0c5441c2,14501836,14.501836
0xf49eda128765a3db7e85a5724a5b69e0a797ea00,14499211,14.499211
0x0936af335608698cf95c14600d792d133b3c5c49,14496457,14.496457
0xe90130c0aef0da6370bc168ed8c4404dfc5241f7,14490871,14.490871
0x64e14334a50ffd9ba61e782d37a07cb90f1ab579,14485677,14.485677
0x42fb9fcab02045fb3904e327fa47b408c059c6a7,14485677,14.485677
0xce0e2d1e591d42d38f16597dd3a0d8c885b825a1,14485677,14.485677
0x95059e0aa91bc6cbb760eb7fc94f033ce47dd98d,14485677,14.485677
0x8555a9241d07eabddc30e6e5623b507c1b3e7837,14485677,14.485677
0x045af284027ba4bedcc933f8407f2f94bd851223,14485515,14.485515
0x1ef6956cc42383f3ed47f7c5a5d6fd3886208a15,14471709,14.471709
0xbadbb10275799f00a11690be4bed8067e013aac9,14468848,14.468848
0xbfee5f987c7088456326cf7ffe29bef87134235a,14468690,14.468690
0x055a5f825cfaf545f0afec1abff8a5a272fd6b5c,14466797,14.466797
0xe86884217babe92f18078e1c4181dcfd870dc417,14464665,14.464665
0x9958b62b9227e273c672e75365425578d73ef077,14457074,14.457074
0xe5d2c49c3461000a9848eac522194ac0170b3ca5,14454902,14.454902
0x63dbdfbd48bda44ce3423c03d697b34640285fab,14444510,14.444510
0xc24d53b08a34a5c473915bc6dc78873732ae64f8,14437875,14.437875
0xb340d9f239d101d8791ebe3add34675ebc184941,14437223,14.437223
0x6c95d798b5555467be86e6afffee3216490d9ad6,14396254,14.396254
0x6227e34f24dcad92c3f18e6b32cbe0b8cc0d508d,14395012,14.395012
0x570fe5eb76758b6565b029d835368cfdd36c3b5a,14393758,14.393758
0x9f0696385adeae1916349a9e326fd71263715008,14388872,14.388872
0x2c5d4a0943e9cf4c597a76464396b0bf84c24c45,14387324,14.387324
0x85b3f50e9d3e902123fa6d3469511029be7c51f2,14380502,14.380502
0x235137dfa092e40807e0d3d646aacdd5197e27dd,14375402,14.375402
0x4d222e59d8965ae05f17c9f1cf5f264edaa566e5,14343309,14.343309
0x2bd6da5b31162e0fd53cdd3cf01b1057249d6811,14342040,14.342040
0x1510df863e38c2d7c37918f9d9412ea58d56576b,14328414,14.328414
0xaa98177dad812fdc8b37ec61d5f16a4bf890f2c0,14325366,14.325366
0x7dd5e787df09d37cd39bc442e7f934b63c049559,14321811,14.321811
0x21c9c3e992170a0c9b8642859146da526c31af0b,14318496,14.318496
0x71add64adbb965bafd01437295968502eb61145e,14317901,14.317901
0x3c2573b002cf51e64ab6d051814648eb3a305363,14316840,14.316840
0xd4c5fed6db39c6450648e49e86129910f65c2d0c,14300441,14.300441
0x623bb8a1f5dfe49a870aae499148b81fa5545ec7,14298270,14.298270
0xa6de502557dea7cd9d5c9c4ef6e8b73550b22088,14298270,14.298270
0xaa239b7e560f0292378cd85455b40d98824bba20,14296772,14.296772
0x216222ec646e764da7995ed3c02848568072cb58,14289713,14.289713
0xbc811301a230f88976eec9d91a1200d24a0870ae,14276642,14.276642
0x18b0db7dd392df04fc74b12aa0ca56439eb119c7,14268450,14.268450
0xb54d1e3056f65f0df6df4310559b0f41003495d1,14261885,14.261885
0xb6057d2bca85d5adeddd2a44baef9373366e8eaa,14259123,14.259123
0x1c750cbacea0d97dfa830014b927cc3d64b41b5c,14255334,14.255334
0xced254bf5b9cf7b9fa676563eab2c3fcca44a8a8,14247587,14.247587
0xe201c0676a98e35f49a3b4bbb6c79f1ee3a55431,14247071,14.247071
0x5aa071d5baf87699d2e6a31b7bc4e45104d57a4b,14245013,14.245013
0xc3ac31c2355f47f0794144b6ff0ec1b298a1f6ff,14239133,14.239133
0xf93cf1e5f6d342d9ff15da087eb551b556fa08f7,14236624,14.236624
0x945414f7adfb9296c35d9a2b60090e82b70b1467,14236274,14.236274
0x62f56981d431e68b5cab37ae3a242a72824d3ac7,14235389,14.235389
0x1dd2fa4e06658dfdfccc36a72d62b4469c0e45e5,14212173,14.212173
0x6cede84b6d255cb60d7cdb8cfec2532078e1d702,14207234,14.207234
0xa320348d513e790c322cbffcf8b27cff46889de9,14202271,14.202271
0xce1413afb827b85c4b236de020d0bca8603b7a3d,14201730,14.201730
0xae858f80b1088a1bd7836661e94e9fb1ba1ccf07,14189944,14.189944
0xc14ddd4058b40351305eb5654e4fb68be4dce2ba,14184309,14.184309
0x5cf24f62bcc2fafa056c8d1429bc799400e285ab,14182924,14.182924
0x203afa5a8250bde39f2c9f302087ca7e57d6a0c0,14177806,14.177806
0x610374f18034f0f51e57ada7cc40fd0c4f36dfd3,14177702,14.177702
0xf2d1fd0e9212c103f96fd237d7ccb853d9bb1de5,14162102,14.162102
0x1917f9cafc03e581045e218689c4c68db9f2e970,14158179,14.158179
0x08607c40e0fb089d370e818a182ea0831afb666c,14151709,14.151709
0xd82c1f7ea44f7a22d107b844a9fee94e70f3018c,14148431,14.148431
0x067018bacb704d9fb774fd00572d8eddb4adbbad,14144229,14.144229
0xa14caac876fdc3d796d23e7cb12c13ffec937497,14140838,14.140838
0x5e991b8a28ddedfd0afd9da1fdfa70a889bd74e3,14137616,14.137616
0x793535c87d363db1dc65b8e1404559b1b9929659,14131183,14.131183
0xca29be51e2b13848324b59f340e2f121f0204398,14129310,14.129310
0x168288b83e7da07fbd98716dfd0053a020bd93e9,14125114,14.125114
0x4332d1f7b610da1a49fe1a2224ddfc4b1f71a405,14122477,14.122477
0xb94975a7fd7be555f676e67af08b9b9f70009b28,14121232,14.121232
0x49d64ad862cec182576998bbc379b2e2a1ac7b3e,14114540,14.114540
0x22f925cc641f60dd8792f6c1dfc6a5198e626803,14105653,14.105653
0x4626f1e2b92cc48389aa936c3baa376bc49faf51,14104843,14.104843
0xfe490a7c9a57ff3918e313da23421a142baa10a7,14096050,14.096050
0x2a3c8c7a9891eac1792ef840e611b016b128a27c,14092117,14.092117
0xc0d3a8d939d8653f0fd8fe7a0646dd3884293466,14088230,14.088230
0xa2ce83a92bb014d296bd197c68adc8dac940095a,14067246,14.067246
0xf62de7221be9aeb07facf1e56e5809e8c4cca364,14053989,14.053989
0x1385e4677f193e5cc7651d462590feacea6a33cd,14053398,14.053398
0x820f5b2d94f1da639c2233b70b50f526ab10541e,14051704,14.051704
0x0923c0dd73a85fb694f9b2230808451709c2190f,14048497,14.048497
0xf0db361146670e749c3e72e41bc75e6b9fc6b2e9,14046065,14.046065
0x4ec9cab03edcc860073a7d6206a015112863885d,14040141,14.040141
0x78268b2538920f64291b8479a618f7c7f39cbf6c,14036908,14.036908
0x3784da540aefea2866ea1a755c321b02b531a343,14033817,14.033817
0x0fb7701e8f6bceef29f114873731121b55fb7903,14032102,14.032102
0x43f69c24eadbd09352c97aac7182eb6cf2f61c65,14028368,14.028368
0xf6ffc49dc2a192c14095ad3f887d8a209ccca941,14025906,14.025906
0x7160eb7ddf0ed36e7bc269ca08aebaab24419b28,14017569,14.017569
0x99cf4e59d184b2e1c23ada68fd3425e082c28c2d,14007734,14.007734
0xac6456e00ccce0a1344e99412b56f6a0a9515957,14004071,14.004071
0x4e151f37cc3355df367031d7c667d168555901d6,13995115,13.995115
0x918d77c6de0bf3047754d00e8f99e90fbb28c54e,13987041,13.987041
0xd17447f355d4fa57ae0772bd5c5901fa2c369c40,13984058,13.984058
0x32a86e9f4dfe78bebe5202c52d3e5efa984215b9,13981791,13.981791
0xa007ccf234d7e5306615035bba0d32b0f5d25bde,13966384,13.966384
0x1f6e027c6a14c23a3f8c4158e060f2cb8a8cf079,13965841,13.965841
0x8f59db520ddc28da1399522018651df74ebb7901,13965073,13.965073
0xd5614fdd3bb84df05d70667c68e25b52908483be,13962271,13.962271
0xcbe2cf71514c1c2abf3b9d049a8d71b9e7fc9afc,13959686,13.959686
0xd04d1efeef7846d5664d9e1f925db4e6ab855c44,13950451,13.950451
0x3e78678396b404e43d35b014c13e62c162b80af5,13948721,13.948721
0x4bca9e17a8326d283d1fc68a725b46b42c2d9146,13946737,13.946737
0x3d00127a68151318eb653b030fb9a05e7f844a29,13934147,13.934147
0x1aa92044fc962abda6c32992a516f52552603769,13932505,13.932505
0x3bc36e033ce4c5b0f161da55b32984efcfe8bc1e,13926607,13.926607
0x5d8e5a20424ae3c50542ced403d790af23eeb453,13925651,13.925651
0x6e7eaa393428adf0f2628ee7e2de465795f276aa,13908227,13.908227
0xaafaa0fd3bbd4338284bcf2e68ccc828116b98e9,13907882,13.907882
0x173ff4db38c3fcde0584f8ea7930c44969a29ba4,13905566,13.905566
0x20d677dda669efd7aebf5140b3556590fb811f8c,13905354,13.905354
0x0cb584c5cda6c048a4eb76bd114d6b8a128b0dde,13903908,13.903908
0x27af137aaef7bd85ae84be841fdd8cbb8e79d3f7,13897416,13.897416
0x8d1aade42646b715470b20485e7abe43ee35c1b9,13893492,13.893492
0x3827449821fc689e5f1b51294322a3b5f1558814,13887019,13.887019
0x0dbdd871f45c6b4e9b508e60e3af9c4044a12fe5,13886240,13.886240
0x634ec66a3794ee24d30490a722c5681bdbac3efe,13881541,13.881541
0x5ff461cacee6483fcf581127940fb282522d7591,13877881,13.877881
0x3ef60966a81e16592b6db1b440fc4eb3f4c96f9a,13874432,13.874432
0x1d99c4d5321bdec95858bea136efd0852d1f5fb6,13866774,13.866774
0x4f5fff35ec6fcf5ddb70aa2079a78d19e94d57c3,13863487,13.863487
0xf7b6e6ef3ddd6f0ae0286261da14569a0004259f,13844602,13.844602
0xcbf3f36a83b80c546c7e56abd7fbb547946b6ed4,13836220,13.836220
0x9c2e6aacbf9abf40f5112ef771de8b9315e37cb1,13835055,13.835055
0xac79954853c32f2053e02f91e32ae1a9ddab49ff,13828583,13.828583
0x4d6705e7abdccc50e6444c372df0982dadbf24e4,13812824,13.812824
0x9e2faaae64cc1f40e9eabd2f502811ffca2fd0ee,13812485,13.812485
0xa433a9e48318331e3c7af9ee4dc0e714e74033d9,13811938,13.811938
0x939766f7b8802aacbd200d43976bc56e11625fdd,13810312,13.810312
0x92c7fe27ee5a6e20777e53cd735388195f033062,13806409,13.806409
0x39704c8a91bba88aa618af56277b4d76d5ac0e36,13805381,13.805381
0x26acc2a67e5eaa63506a6cfd6d98f73dfb06f798,13803243,13.803243
0x9e77060f498acca6c99a4463b22fa1b5eeea1ddc,13803243,13.803243
0x24a5968322818846d1318b687c767edb1bb5445b,13803243,13.803243
0xbfc80468df050d2a73fe455d6b3e484caf00e12f,13800544,13.800544
0x83448a9cdcb456bb58577c141cd77e311244a156,13799892,13.799892
0xe8fec2c5cbb4f1f6db145125f7fef1b1a596cb10,13799559,13.799559
0x380886e656ce40bd145a9fb85ac7e3dc51d5ee8b,13790418,13.790418
0x0e024cdba8377acf2d83e23090e27f5f8f490497,13778059,13.778059
0x050ee024a0ffd8b9bd383271835b27dd66c3fec3,13777178,13.777178
0xb23ee4f6eb24e3f1fdf648c52682c8418fc20d71,13775811,13.775811
0xe3de117345f832f8c9c4a1fb070ee91234dff91f,13775798,13.775798
0xe855bdfcbdb38e8705d8d52b756da1028468b1bc,13773126,13.773126
0x7b178a047e6fabe2a42a6fc1693bc3c77ad2d22e,13771019,13.771019
0x55543e721a5278ec9940c0e4966759bd63f6f571,13759020,13.759020
0x2fbef4135041197bffb92ab28f6bcc15a3c7dfd6,13757902,13.757902
0x1cf1715d9b23cfe7b1fa37adb1afcbe28968cfb9,13746921,13.746921
0xc87d789c98162c21f4ce5020297ed0497a78f7cf,13739616,13.739616
0xd674d9dbea02b7457408ed2cd21051498ec8d13c,13738023,13.738023
0x7b8a98006dbac04f4413178de630ae63ff211eb9,13734089,13.734089
0x5ace64072c3b943d5901137543798cf2c6871b09,13732575,13.732575
0x8fffd8c7da2c631eb81d802296c142cef8a72007,13731016,13.731016
0x0e506d767b9aeeab749703d075633bd789bc16d0,13726337,13.726337
0xc3467ab0e9f19a09c704cb4894f939dc9c27af45,13726337,13.726337
0x0160cc5c51adc28ab56ad7f58e7b2fc33b5fdf5f,13726337,13.726337
0x4eb37f890e85368647b161b4641725204753021d,13722601,13.722601
0x9db9a11bd146e8f39dc61246c357aaa10f2f2170,13713535,13.713535
0xc35806304a7b6d0461a2cab0d46d6db3cb30effe,13713182,13.713182
0x87d68a46c7b28b408b632bfab41cab6bb1112347,13704197,13.704197
0x13b99d1aebfe8ec62ea9427caa42cd5de0070ec5,13690801,13.690801
0xa0c05de7198db655daa362ab71b2a63fc62e111f,13689231,13.689231
0xb947e80c9d47c91f26c9d91d98ff250b33437a03,13684996,13.684996
0xd254596275e3f92af6459a319dd56c3a63e15cbe,13678556,13.678556
0x16ff202a4fd3d8612c7b467612b194583d60ec24,13672473,13.672473
0x38b3349d3c1454754f12848621fe590f2163c427,13669172,13.669172
0xa5b337a0a448f9882fa0c42e77c4b9f86b8784ea,13665373,13.665373
0x005e01fe66f8ddb49f7fd52080fafd78269d3971,13665325,13.665325
0xbf97c2f9f756ad8823d8000ea76e3096d2f9f8d9,13659181,13.659181
0x8aa1290c05c9e7286afc3fd082e7031952411657,13651813,13.651813
0xd80267de5ed5de6f7d6c66986b17b138fe2e1220,13650823,13.650823
0x1ee03c14545582e7e660d2f950b5ab666ca8c27a,13646090,13.646090
0x48abdf3d56b2dff28704406eae3cc7e6d97f518b,13640680,13.640680
0xe20b1559441f5ec1b476088075ec87eb61e578e0,13638215,13.638215
0x78a6484f1f482129a389cb37b241b8f2600e1463,13634432,13.634432
0x537f83ea54e89c967cef5fc313c9160ed2a4ae5c,13630772,13.630772
0x8c0a8fbf4f61e561d3446a47a62645e0ff1dfcf1,13623801,13.623801
0x28d4eee28dc86fd9a05ce8808d2b1719f9f15332,13616944,13.616944
0x85286a6c169a0d9a90f6f30946af5fb209c7ab69,13611376,13.611376
0x4450e3362289813b9db295a7859f8ef7b8885c81,13607494,13.607494
0x15b7d2c57190d9ff71244a38df129616323f3f25,13603067,13.603067
0x510bd1a857df836c2ad57aa3a6fae396e011d958,13600804,13.600804
0xcf2e03786fbfe7dfdbe4f379e4e46363563f4b03,13599152,13.599152
0x1ea895b06db153752bc607aff6f70d7f0fce0f9a,13593949,13.593949
0x5dca2483280d9727c80b5518fac4556617fb194f,13593252,13.593252
0x78b430bd096d32600dd3eb1077400bcc4c2b3a85,13591556,13.591556
0xa69da9298a3905cb9ea3849f3fbf6a3b54b3520f,13591226,13.591226
0xbcb8b1f2765be1ebaf26204e204a7149814b5646,13590888,13.590888
0xd855281f02bb4f26b31b49481579eb8b451f8388,13583323,13.583323
0xc8482349cdf54ced45c752386e0d18e74019e3b5,13580662,13.580662
0x8b60669ca5813ddcc20b56b176a52da5843e3d9c,13573789,13.573789
0x5e8e7a1e4b919c4548085bc8e6a3e8ac254f14a9,13569652,13.569652
0x77b4c9590c486b0b8d32d526a7deb7c6364bd9bb,13565213,13.565213
0xb36f8628284638dfa103a8c2f426fdde289a4251,13560978,13.560978
0x9e7aa5b92f925163add7b0a9385f41b68e22390e,13549338,13.549338
0x5030170c5dddd73545419f5c86cc3853f7179599,13547221,13.547221
0x63eeba70536d2d0778c66abfa854e2023e9ac24e,13546013,13.546013
0x1a775079fde189642ec93829e298148813274bff,13539496,13.539496
0x1df737685cc6be920a39f1996d0a1a22a610eb7d,13535091,13.535091
0x9cd094bc19b831d371674a37772ab40989d1c673,13526381,13.526381
0x8196d33f1e5b86a504c50856599915a90dcf49de,13522755,13.522755
0x363928df2316feac783c89f305364fd7df138e95,13520440,13.520440
0x976aef812c9eca61c06f34c9f0b79d8d413779fb,13520353,13.520353
0x8ead7756188349ed5d6d3558dc56ef4b60f04152,13516014,13.516014
0x65c52e23568021edaf727d0d85a7d091a6c5479d,13510661,13.510661
0xe517d8459edeff1cbd4ba6f28cd147b61e16ec5d,13497320,13.497320
0x29e930e005751c03bf559cf01d17744588cea631,13496977,13.496977
0x2d784b0f4c67daf650ce5f493eb2cbc9bef84d5d,13496233,13.496233
0x02a89e6457ab9875c4958c5f784816faacfcfac3,13492822,13.492822
0x0a9002bdb732fc3fc537b36482da6c0915c55296,13490122,13.490122
0xaf9e33dbde7bfe83815f1b2cdb577f66af6bbf07,13489693,13.489693
0x29ed987e2bb899d952e1c4a16e0ada7725256607,13485284,13.485284
0x3ff1a1cfde2483a793edabc521c7921b60212e20,13485284,13.485284
0xd0ebafd43b37dc5ed2bcf4ae7fa43614a464fcaf,13485284,13.485284
0x9f2c84a792ed4c50656438aa9c78afdd44fed460,13485284,13.485284
0xa6adedd1adc8237ac8c5d3009cc5d4b90fc0a8cf,13481463,13.481463
0x016db59132959f23130047a0c74da6951b8e5039,13479899,13.479899
0x2e1bfb63fb937b0d8b5d48983c640677c5cd7eac,13476736,13.476736
0x97a1bdea88284f0702d5b503b23ab64685118430,13474795,13.474795
0x050e94766cbb5a06e88656c956208d0d040a5384,13463668,13.463668
0xc6aab28f488f18dc678804d83b9baffbe24f1c2d,13452343,13.452343
0xbd815a3e6e060dc604e0ab80160594d86e8138f6,13450459,13.450459
0x847204ea52fff332866748ae113856f61824a64b,13413951,13.413951
0xc60ad60ffb3d1a0a4e97af324983fc4088db3dc0,13409276,13.409276
0x56e7ba58c648e03e7bddf7c266a4fac52ee56104,13407575,13.407575
0x9081cd3f5a938c3cfa7869d36db6dc5e12ee1653,13404931,13.404931
0xfa21973b397c4f425aba7c404f6279fa96e8f91d,13395970,13.395970
0xc4ed1cacf39ae3c89833535804a7b9c62a6f4985,13387365,13.387365
0xa692b3102ce4275c89bf7f73c033707039024f54,13378143,13.378143
0xce5d8af5783afd34c71792280f0b53a67a2dacd9,13375332,13.375332
0xc28466bbd0f2f519829feaeba61470a381c5d07b,13368641,13.368641
0xecbd5c9c1e3ef761bbedcb9f4f08839bc8f22059,13364759,13.364759
0xa1cabfe3a2e28cdfa6b3aefa6444027ecbb72030,13364759,13.364759
0x7ec0505be6b0cb8d6a3a9ce95f51b5d82e96be7f,13363721,13.363721
0x4878b5496fda31ecf21f9e28e86e1ab80f23748e,13357218,13.357218
0x0812461e7b31e10df638dda3dd3b85b3fd67626f,13343163,13.343163
0x4a200760e862f72c3eae375e6e475848a27fd4e1,13336004,13.336004
0x3c3576a180f20ae408cef97059ab4e27c21107e8,13328384,13.328384
0xb632d2751f97298bcd9d1270e0d6506f4697ee96,13326956,13.326956
0x18b245a60fced158c925059597ac646c167a7d6a,13323183,13.323183
0x5cdb9341da5821a4717c811bf6b753a7acf236eb,13322811,13.322811
0xcb8ac75cdea825a81e8f49999a3354108d041c84,13320899,13.320899
0x1bfecdfab4787338f0998ddfee85e78dd25e06a4,13311981,13.311981
0x4e9055eefac570d688e00b6eab774efec11df271,13304244,13.304244
0x7261d91123af17d9e09073705d1f2a00691a475f,13289245,13.289245
0x69b20338ed441dfcf434dd38b00a487bf09d1aea,13289245,13.289245
0x516abfec13f94ba870e4fa586a275dbc427438cf,13285649,13.285649
0x36d7064f92b4e4ef3b63018fa5942ee87d00aa14,13282618,13.282618
0x0b0bcd11116b4a84e3b9d876f040fc0185a49f36,13281738,13.281738
0x3d59523704b91b97c950392b2d707176057d0ec3,13280591,13.280591
0x64001d225292867f661bb16621321bec483052cb,13277704,13.277704
0x6a5dbf2fb5206ec8192620810c3edb6d5e62b188,13275397,13.275397
0x99c360d19dc92b784a33fa17b56e76081204a382,13273149,13.273149
0xd22280fb5eff9541dbc21e6e0e1fb5b639fb4c13,13268766,13.268766
0xe7fbc7a8627d22723f60884bd41e80e8e3a94f41,13266679,13.266679
0x5ac1446a61c52720931048da5eed57eb497b0129,13261812,13.261812
0x3691c32dc1bbe08233d20a9e2a2f2d74d762dc51,13261375,13.261375
0x83ea4eed78f50cc59d580574d9f89531ff084dcd,13260182,13.260182
0x221ddbaa83d3c18f5ed16fa04a2ab150bb2ec010,13258545,13.258545
0x498401db746a8ad478e619d972acb4af957bd846,13250271,13.250271
0x607648493a195df3a61c5b9a19c2fc09a694c12c,13246701,13.246701
0xf0c9a493846f9490e7fdd6dc4be622f7233e39b3,13246619,13.246619
0x1aeff47c00224e2affc0301c22ae9212bbaa7453,13244524,13.244524
0x3d84c00a85f210ceaec7539ffccc1dd60b0913ba,13241647,13.241647
0xa53ba640e36a01b14c449a48b90d80bc344b6e5e,13239160,13.239160
0x00e7e8e3a78b3bdc3f26f4ce3bb3d430473d4832,13237631,13.237631
0x727a012d4b6aa4595aa48273f303b7e57e5d8287,13235020,13.235020
0x227d69418c80b25254ce5d1db1c1805b13072116,13234561,13.234561
0x1982bd37e91fd7a8c88805e9a7aa009fa804b1f9,13233599,13.233599
0xe95f55a3e9554cb041201e20ffe7638a762a2a67,13233055,13.233055
0x8cd0e99c9ed5d40ce84737bf9c9969c6b7c13a53,13229821,13.229821
0x163a5991e3bdfe576986943aad1371194ead812f,13227342,13.227342
0x79adb2e3ebb3dfc37375c18c8a09220df958a92c,13227342,13.227342
0x4cd0e6957b3321ad02b19e56cc2457e2a34deb7d,13227342,13.227342
0x114f5313ad0f9b212b82e1140ca54ccf7d112285,13227342,13.227342
0xc49cc7667f637b9df5b466399269c660adf874d3,13220737,13.220737
0x8529b3ffe3d8bdf50631892b500d4e170b0df6cb,13218873,13.218873
0xe74164e711534004b5f4bdc8dd37bbbb571c9ed0,13217601,13.217601
0x8ed51790e4879484fe8a8d7f999a43a73f00f814,13217442,13.217442
0x14a73047531286618b8033b77afc0c5e1abe9fec,13216718,13.216718
0xd57db1c635fef41822af2bc678e45c629fdd3d69,13215641,13.215641
0x492d963c05179762dc65dc99946b68ffa8606a87,13210886,13.210886
0xbeb1e2f135b77f7d45e48d1205f107bae3aa4f55,13210885,13.210885
0x8cbc89890a1404a377958b92df1935cceb146e0b,13207073,13.207073
0x8e9be41acea4af7a9f40979bfa6f5c216c1e8ad2,13203867,13.203867
0xa2fb59f1331428351867e6e262eeb5dfad725ef2,13202805,13.202805
0xa13bb257b3fc3f476ff2eaf28726363e2205a02e,13202546,13.202546
0xe4b7064c3c02bca40f874f362c445f8ce5ebd3e7,13200290,13.200290
0x40cdc151735b4e48befa23914bb85ad397b7663e,13193555,13.193555
0xa74ccb4443581fcaf2fbce591bb86ce921c868f0,13188447,13.188447
0x3d30f49081bb9086456488c492e8b544e116a112,13175757,13.175757
0xd4881bd540ecbb50a99b9b9c941de432401b1255,13173682,13.173682
0x36a050412491e75c0c15a0a12e12eb287ffc5a26,13172589,13.172589
0x681e19afe2d29f2344b9057bf893eab34ca6d98b,13170316,13.170316
0x54de3845f8e611bfdae4de69145859532606b0eb,13163546,13.163546
0x559486ff26f9abccb0c6db85a4b6d35991176701,13162067,13.162067
0x3520cdfe79fd986f19c16719ccc5850fdc571ffa,13160474,13.160474
0x6c568b173c88421d7a888049e8bb7b076f8d2265,13144923,13.144923
0x6258b77fdd30ab1212ea47382412b7199985380c,13140704,13.140704
0x6a79fdc762bd6889b7d4ab4aafa3b4cedf512a94,13140190,13.140190
0xefdd00edba950d679992c15b0aecca02a44a5dde,13138907,13.138907
0x4a7a7bb334d6044d202c2f8ffac21b770cfc536a,13134978,13.134978
0x5055b6a2526dddc04fa8db9876d720117454d376,13131999,13.131999
0xb0cb97365380444bc734395c68d52234e9b012ec,13121567,13.121567
0xcf63675a9211d835acae23478c2c988d1bca9f2e,13118538,13.118538
0x31c55f64cdd0dceb6a3ce2174044ad9350e2c337,13114501,13.114501
0x1913e4578c1ce0f5eb0c21f6be08a303f2d6bf53,13110604,13.110604
0x6b45b74295ed34948df617da9ab360cb6cad4045,13108819,13.108819
0x4c1d5fe6dba77e975d4a5aa702a5c7a6f3870711,13102501,13.102501
0x4eebc576cdc329c55fe0da96f2759f6191d9ee9f,13098368,13.098368
0x83d797a7037be9eb99f0d1c0e323d90e3d7e65f0,13098368,13.098368
0x930078b36c09efef2f6016fcad2b3f71bd8da441,13092465,13.092465
0x5318b851d96637823aef87df2c59ab6de37f599d,13087333,13.087333
0xda3ff115faab8467f4cb480433a3b473e3747402,13087297,13.087297
0x7b8b13d4c344185455df055f19343bfbab71edde,13084961,13.084961
0xd994e3e364da38f7960dc6fad9b70adeeb7b8af3,13083998,13.083998
0xdce62b21a8b1a9b39dd3ded27c876d416cc91b3e,13080086,13.080086
0x66f0be2d073840bf0eebec621caf21ab97a3c391,13072538,13.072538
0x6bdd846122eb546fccb3c362d9c8324affaddd5c,13069942,13.069942
0x04bc09aa6721cff9c37f4a951539bb51d80f2bfe,13068863,13.068863
0xdeebad7af8f5507a951828c00e50facc190a8fc1,13053392,13.053392
0x90040fdd83abc091e3af0b68756f1f3fcdb95351,13049080,13.049080
0xf5ad7e2b2d12438b7f276f255c43ad2ad2d52033,13048678,13.048678
0x07de9f19149a86da212b97d30131f4ce1c3f6c79,13041608,13.041608
0xc3acd1c9874b93d469e16c01852a198fc6d628fb,13039785,13.039785
0x875bb1794c822633fe734faf06dfa8f95420f783,13037795,13.037795
0xecba5c1b4e7ebed344ba8f4b6c95326882b43908,13030541,13.030541
0xef490a3877d1e3f985a21ba06ae0f5f2ded2273d,13028422,13.028422
0x528a6f3d3dcc2b36a468355d4afc1b3d521a217b,13025427,13.025427
0x44f17e6883e0ed1e711b4fab6a58fce66ab77a1d,13022847,13.022847
0x4ccb5ec25cc8ac09b6a45e7eb77233cdb5da497f,13022847,13.022847
0xa4349642b800b528ef38b6f9250ab949bff621de,13019420,13.019420
0x0fb59ac47ba26e973f2ea88975945d09a1efc3e6,13019264,13.019264
0x6be393577cc025a7b701023928e6945d743d2972,13019088,13.019088
0x35aa3f733958b7416669303945093c98819f77a6,13007323,13.007323
0x4f80964215e1c9f0fb12aaeb6d0e9a2aa1767912,13005553,13.005553
0xa8e75e4ed1411e384a9fe32ce0484cdc0aa62196,13004855,13.004855
0x0d7661a7b7a89b40b6db128900557e4f1d1b3789,12998084,12.998084
0xa71a0814f5fa7a4df86f33d4f8fd49eb6598cdf0,12995424,12.995424
0x11b197e2c61c2959ae84bc7f9db8e3fefe511043,12991921,12.991921
0xfcb33fbe33e1f0f066b41c24d91e994d8fd8e526,12991411,12.991411
0xa81f3e69f3c0389e6b707473c21b13fbe1d79586,12988908,12.988908
0x4801af178dd07390941931c7e6f82b61a4344a0b,12987265,12.987265
0x73d784b6963ff74b6ea1e5b7fd07bafbfda6ec52,12986257,12.986257
0x511131388f86328a663727039b7f61be69c34010,12982343,12.982343
0xc8bc54e450da8cb98660fee6d19f7ddc5c4eeee9,12979230,12.979230
0x1e898214714748faa2779b5d0b20f908b5ac2ef8,12974043,12.974043
0x432074e120ff63066021ad3674f55d8056db1c44,12971801,12.971801
0x4effba37e8c7e34fc4241995b3380f2b9033c99f,12971415,12.971415
0xe4318d1943661459f21ae3b7a2992b92a988af87,12970320,12.970320
0x68a5f47bb47bdd61cd4b60a95af2582859e060c2,12969746,12.969746
0x31f19c1dd261a7c751c380b053d8811a50c7b91f,12969392,12.969392
0x8f186dc2615d38874bcaafe8b6d1ead88edf3d81,12969392,12.969392
0xf5ac7d8d0ab759cddd507742a082612a37edbbbd,12969392,12.969392
0x4afa583655b4cdd714f0a5d93ccb58d29c2daf49,12969392,12.969392
0xd5dddbb12ff19ab62e021f5ce6ba1092176318bb,12967426,12.967426
0x3ed5bbc94a565f1c4cc7e76ed2b6421a66ba0091,12962841,12.962841
0x20d2032c755fe16c109746377cfb55e767f3309e,12962841,12.962841
0x26f3fd2a9942cefc2d4f846739eee33a562e38c9,12962841,12.962841
0x98e380b0a0a17c97a1f0880bbd27c5c5265259c0,12962841,12.962841
0xc9c1708d42de68cd3e9543fadaa3369fb2a6bcbe,12958469,12.958469
0x854ce16536cc41a0593a754f88a3eaf14eee9938,12957614,12.957614
0x49a04f346204147d3bde629c0477acedae6b95bc,12957150,12.957150
0x1440720626ca303bd0a6ee53eaed04260ce89a56,12953812,12.953812
0x9722543ee2ebaef7d59caf8e2225f89f7bebd715,12949751,12.949751
0x41955ab7d12f9f6c03de972b91d9b895d9c2eaf8,12948065,12.948065
0x90b0166f436801ac1638d38f144278a9acc40c23,12942565,12.942565
0x9f2741b3f73a489fd3c8960dbb81e39e72684475,12942353,12.942353
0xce9171afb7d44ae5ba531bee4bfd8dd4b3169b74,12938756,12.938756
0xe29a5dbddf7c94238584dc0cc12913efed5643ae,12931274,12.931274
0x680c1f71a490a1a6a90eb6e9ed36c388d64567cf,12925635,12.925635
0x735ed02655bca15ec46491c0de4946591135459b,12925239,12.925239
0x5bca4075dfc8065235cf75c6b15b410e62845fec,12924869,12.924869
0xb55d5418031ebccceb2d2c724b5dd4cadf22e76c,12922733,12.922733
0x0313611f7f4af674695dacddc92352ad5e3d9053,12915986,12.915986
0x144c94ad5bb9d7c8b59c60cc5f5b0b984ff71a53,12910484,12.910484
0x08e4840b0c66d9dbacda11ef94219665e52352e0,12905844,12.905844
0xe05bc0f8ce96b65dc319c855958e216b63cfdc72,12901550,12.901550
0xc175d0edecae21d11fb94f25bf944d12ede651ec,12891918,12.891918
0x2fc0b0031b1c40f43674151fad20404e02db0208,12890316,12.890316
0xf93b58f4e134df99f663d7d04b42b9a66a058638,12884737,12.884737
0x044147b20f6f3362a088358189f4e28e6dd0ed30,12882153,12.882153
0xe3678e7bdf338a07ffaa327ccc98ae0773d204ea,12881255,12.881255
0x1958117b7f081159306287408d1b67481e4663ee,12875902,12.875902
0x93b8e0577ebcc73ef66735504a43d66215e79325,12872315,12.872315
0x180615b5f71c9acb64fdef02a461b04ac28af8c4,12867729,12.867729
0xfd45c54c7e368b6e77a8dee7db187c90f42743b1,12861484,12.861484
0xc7c788635e904916c194fb7ee7859a1748561912,12860216,12.860216
0x8d1f25dff383a24c1c5127edb84998b75e381d7f,12857671,12.857671
0x3b49f620a66b8f0c6a94b7dc1fa67a06dc45a39c,12855623,12.855623
0x4a44c7a2b98e7ef8c28eaefe207c1ae3e335c414,12849244,12.849244
0xd914a19f0e1420ace988b01863cf68a85c4ae554,12847633,12.847633
0x31384c180b2934a2c4a56f85c7d6053fc4bbbb9d,12846200,12.846200
0x46401522efc75d69bcc0663b4a82d480518268a0,12845588,12.845588
0x959b6baaad87107886b31596e5c327e4ce3fbadd,12845588,12.845588
0x5a0fff32f4c17837b98a6c0b4128bdad735d27be,12840419,12.840419
0x57baff1c21ac5a1e9f9a0638596d009da1a2d2ef,12840419,12.840419
0x7f1569669247110a6bfaf0bfc55d4969da2f5407,12833050,12.833050
0x6ff5acf983292f805ced0210da748b832b124ed6,12826025,12.826025
0xb70d8d0c257dab865cb859f35eb10654020aa5aa,12824211,12.824211
0x094abec34648d26ec0ffb5db76b86b9cae9d6708,12824136,12.824136
0x5e2479632fa0c48e48576376bcb6adc28dbf3581,12816398,12.816398
0x1e0e1ac2d041097b06fade6bc3b2a136063c66c0,12815409,12.815409
0xf37f04b695a4cfa8cd26fedfc5993645beb0e515,12811248,12.811248
0xcf235aa3a3db9ebdb9ca6d42699217868324eeba,12811248,12.811248
0x6492531481937710079c6a439ab18a836fe5dc91,12806500,12.806500
0x02ef8147e2d0997cca48d99f01bad846d16558fa,12797154,12.797154
0x0ed94ddc597721a976d86a5d2be11d0d445dffb9,12790276,12.790276
0x8f5f266716a2bebbc5cd54b63852f831d2f75aee,12787596,12.787596
0x13eccc7ec8ef9c1a968136dd2d93b0ad4126aa70,12787406,12.787406
0x9b93ccace2c099c24ee57f50df4c9f8da423af12,12787225,12.787225
0xd3ac394d6d800024a9fafce0e8e5342970dda103,12784644,12.784644
0x215d67998dacd9da4118e4a4899bec60b79987a0,12783290,12.783290
0x8120b7a10040e5a9b222ee8b6188a4a1f6546309,12777166,12.777166
0x17581ee8cccd7db7de8d7a00dacff5eaeae00308,12775043,12.775043
0x26a74e056eb4e3607792dcd87070e468878d14e9,12772730,12.772730
0x6796e5c536057b3a0f148e3efa27b5f76be78499,12772275,12.772275
0x93d966fab86a46dc4407eceddcb06d6e345b440f,12764772,12.764772
0xdebf6e33d24637f83f43eb4e9fb5521a087fcbe1,12761128,12.761128
0xcd1b83c3d9efde1a891613d761f459a846534d54,12761128,12.761128
0x2abb275426e75903d3cd0c6cf26bde5185e5ce4d,12750972,12.750972
0x5124d116e949185b7145601e34931aafe0222602,12750385,12.750385
0x43260994621e508b5ca41d74b606d4000a46838e,12749898,12.749898
0xcf3c8e131ae0838d973bd0711e34f3199cfd2949,12749244,12.749244
0x159a09172bc52cf36bdbeaaac214a5a351b048b3,12748536,12.748536
0x519544cacec4ba0f32b623e4e70719d5a505cbf4,12743998,12.743998
0x269bd12bccc7ae2352449dbf6260d987f97a36c2,12741455,12.741455
0xfcc026f8b3047d46f92a202343d4ef441bddb0fc,12741455,12.741455
0xe0a784ce36a004ebd72997ad8b73aa2f697c649f,12731398,12.731398
0x649c92a98b8c163de6bba53effd55ad2d89553b7,12731119,12.731119
0x70e1b787a5d677a5906acccf0b4f387b8bb1b5c3,12728340,12.728340
0x6dcdd8165b32549d7742089d48c7a6661de05d26,12728340,12.728340
0x255be6d417d25d553414fb9608ef6303af9eb771,12728340,12.728340
0xeb18c95d461b49000084016a2ff5a07a735d1768,12724336,12.724336
0x51ea8b46cb7c78fc5ebf0413b1f35d4b450e938a,12722947,12.722947
0x19dadf5f9c0db84b8bfaf30f75125d7a3d32b8f5,12721323,12.721323
0x83af13f7d5823003284f534134839a3ad39f31b5,12718835,12.718835
0x40dd93562b869c1f89a13113289c8bba171ba955,12715886,12.715886
0x9cf6c837011d7049fee6beda1ca9b4e1e73d2418,12714083,12.714083
0x2c5663a86a0f9003aca065f01eaed6cbf4307222,12711446,12.711446
0x600a782c4d56961f8f72220d4c28b413b9cf3c87,12711446,12.711446
0x8f5368a5252a7fe651ce00ce5b308df501f04d62,12711446,12.711446
0x93e029d33955c190b775e08e6bc302096e035f2e,12711446,12.711446
0xf5d7fcb3843bd89f8844145bbf629f20d1920b1f,12711446,12.711446
0xe5645c20b23689530b92091b5a38a96c21dcb505,12711446,12.711446
0xbd819b297e4f42d595b17f3e565896ab31867488,12710389,12.710389
0x93f671fbf788391fdc7bf0f7f083f84f90e919cf,12704684,12.704684
0x6386430c19c4e3185d0392551d4c6a961a31ddce,12704406,12.704406
0xf22b71d1bb0a9cf753294b3df818e29a8fdecc8a,12702981,12.702981
0x051bc90a18d478ac95b4c725708f773717ee9dd2,12701684,12.701684
0x6865ab2aeb51fa7b80e815408de13ed1966db885,12700513,12.700513
0x60dfc5e2dc808dfd0bb518887d0943353cc89c93,12696862,12.696862
0x3c6aeb09b39dc9fddb509502cc245926342c1c9e,12696806,12.696806
0x68fb8d6fa04e9eb17d86fdedeb79f6b06fe2ffc9,12695887,12.695887
0xdc5189f2414158c600a3f932d12e32a70d6437cb,12690982,12.690982
0xb50a193ee0537d54a910f9e6ad3ff7eb438e57d9,12690897,12.690897
0xf3cd7261f2515c815d2bc0bc509ff38e45e05d6d,12684668,12.684668
0x0f4ad64bf31cdab55367a6639dce3c3017fd657f,12673883,12.673883
0x757f39e648d718dd4f93c665c83c7be582baad04,12670498,12.670498
0x747fe0e7b826585c1d4ba7dd64e33c4f4a612280,12664198,12.664198
0x748010fbe056562ef466901f1d38ce481f11b539,12661865,12.661865
0x63bd961414548499ddb9358566daa0a9ed967428,12660805,12.660805
0x6f0d30ee2bc8d381eefc23d5149fc9eee268321b,12658268,12.658268
0x19acba6f804fb743782b853dbb890f3b5a9e11a0,12658268,12.658268
0x35b4f59effc7b54ff185fa197f58fdd70ee1316e,12654913,12.654913
0xedcba6e9f21fc2213559b0ccc05b23fbe7bbcfdb,12652555,12.652555
0x195fbfd399c028ab43e58f98f4d18c58ebdc004b,12645118,12.645118
0x7734f2ffe28ac9d7ba2788bbfe18cac24a09d31b,12644360,12.644360
0xb481465614689230cd0863f8d9a9ac9439dfe79a,12641948,12.641948
0xeca386f6bc5f226cb3cb745108176c9c5aa4edb3,12641373,12.641373
0xc81db1fd05e00aabe4b2b03863e50e4d9d9e67d1,12638070,12.638070
0xe93dd9ce6d980aad6b079b2185fa4e1dd1a30c29,12637462,12.637462
0x81d1e895aacfe6e708877752072030bedacaefff,12635427,12.635427
0x3f9ed6abd69eb17908793f018f7be1b1daf31dde,12624931,12.624931
0xdc7f7efc7a22fa5b83fc188a8aef6ab2103639db,12624130,12.624130
0xa938cfa601d4d5021e79c8e613539c51a7a72865,12620328,12.620328
0xf3c7ccdcf397f323c045c2c513932e8a0a0a4c16,12618787,12.618787
0x0c2f1004ad19f2ff281de8015c39a23702fc523f,12617065,12.617065
0xcc62e77f040d05cbc8ae9c33d5f0633290e20104,12615065,12.615065
0x073a6e19d948c85394142b2d98035bdd87183ad0,12614662,12.614662
0x510b10184853d3999ab01cbce24eebf4e406829a,12611832,12.611832
0xedb49309368250af5159601278082846914f2031,12609573,12.609573
0x9e6a7521ee6bf10e47d16cbd2f679624bdf24bd8,12609054,12.609054
0xb6081fb764da386ba76dff0cfd58dde9d07c0125,12602832,12.602832
0xe00bf1ed0f7d7c8b298736b10da8c3185dd40d27,12601365,12.601365
0xb355df7a527f215f51af23396c69094955840e2c,12600759,12.600759
0x5184652f7fb6652d868828c6774ef32bb50d5985,12600759,12.600759
0x6149528be854755956248c043957e103602e81b2,12600759,12.600759
0xff03e4519e9775f0d5388ecb0bd2a8cd36d9a457,12600680,12.600680
0x950e5bbdadf252609f49b2cd45222cd3280f35d6,12599080,12.599080
0x0748c476c1f90db3fea8b37c52c8971e55e07384,12597718,12.597718
0xbad7cb56d8ce14d601ea0d342bece33e0c7b08bf,12589634,12.589634
0xa846b687c016da02e31e67f762bc17349e8c193d,12588129,12.588129
0x6e89216b6d5c8fbed5cdb21b7838b801b9a9ca52,12585253,12.585253
0x312e80bb497f5a399e01208c47360b531e34910b,12585253,12.585253
0x524e73ba4092afcaec3829f6f0c6e94800f78db6,12584151,12.584151
0x2f298e834f3b0ddce1ec379f95a822dc42d03ae1,12582478,12.582478
0x9b7ee85506ef305f625f895be4739c6c633a6293,12582478,12.582478
0xa3236ce0d9cfabb542a21f22f3ed66847cc985ba,12582478,12.582478
0x677574ccc8748e2140889b224540c384fbff7f5a,12582478,12.582478
0xfab190a6cff0f99a56187faca1cb98b2de1dce83,12581977,12.581977
0xc9e8fae93b4ac530f785f1842a1b54fd4acf3784,12579172,12.579172
0x15e6f12126d84dd1a817815b6763012b64fc167d,12576149,12.576149
0x250f03c30de1f25ce8431179c223ee357018914e,12574414,12.574414
0x5df6a2315ce5eeb3c8699a374f8e0b4213be3e67,12570064,12.570064
0x6b529063c47a2244fcdd6334c90ba348ccde2260,12567803,12.567803
0xbdfc087a5c32f6b6e425697c1a19a10e378136ee,12566686,12.566686
0xf19aeb0f2d0f53e6e2f015a7c531f6c271858ba4,12562290,12.562290
0xa686776e92aabf75bc30f38eeffdade29987640e,12558693,12.558693
0x53230db3a397c194a84da9a56a0ef1a90a55099e,12557660,12.557660
0x8e9915a968f983fb4df50306c7cb22edce0ea2d7,12549853,12.549853
0xd8696bbd8ce60804f0fc9fdbb73b517e72855f2c,12548611,12.548611
0x67cb7955612305d696df908f7ece5feb16e51720,12545176,12.545176
0x9bc781b79e06aa0b1f2c0238050bc89e8f46177f,12539249,12.539249
0xcee630294053d5c7dbb3bb9764eb35792df8141c,12535911,12.535911
0x7bc17f42367cfbe17f9c51d96a4a90f152735420,12532161,12.532161
0x2e56843c42bd166e37fc3f6e94de6d2c0ff7b89c,12530095,12.530095
0x9c670c73b8bf9513f436fe2aab0d57b2bda4fd06,12526242,12.526242
0xc7b9b1a605bdec44664e61603eb7e061ab94864a,12523581,12.523581
0x2fc830f54606aaace7514fe37347024ff41a403d,12521648,12.521648
0x242f84a869f77ff10c7e81b5e8dd5ff07cf2594b,12521019,12.521019
0x94c9479405297714ec153f84a44b7e9749035cc0,12520926,12.520926
0xb23324a8d6249d7ae7e75cecfea1d3c14651838a,12512480,12.512480
0xd1deeb313991dc81ca172f5c9e463d3de1c3875f,12507189,12.507189
0xa7a77da9925a07abcda38c81eb461fa257297598,12501620,12.501620
0xfa5aafa7a88c84a7d41d8e9495532cd37853c84d,12497873,12.497873
0x38a0a805057751df26e5bbe8d22c8a3214b31c7f,12497196,12.497196
0x4ff54b0422e429b36e4af292734b0c4230c6fa7e,12496490,12.496490
0xac749ef37797f963acc59146e1d2f4015e97dc79,12494594,12.494594
0x8293fdc6648dcd00b9194dfa0ab731b51e294f66,12494164,12.494164
0xbaeb80e3465c6830c26b7bc3c25a0318b613b4bb,12493842,12.493842
0x357f9e11cf8b03203de46f41ec8a305220fda086,12493842,12.493842
0x540d423e856e46ae30e357be2ddca43c086d92af,12493656,12.493656
0xdeefae7a7fe650e1c306a8414207783a7e714239,12491224,12.491224
0x01239dde37ec771d4fcd7c0d9a372c23d376d575,12484885,12.484885
0x309d470af25ee739fa915a34ffccfc8458e23e98,12483687,12.483687
0xa05f41baa27e105851a19ab43c6037d7cfdee104,12483198,12.483198
0xe7fe72667d2dbfea44008ef5134957451539ecaa,12474297,12.474297
0x05362551833af6b1700810415caadf35d431509a,12469363,12.469363
0x8ace749eca4f9bbb03f59317840d228a5ba11520,12468144,12.468144
0x778157d9945ad634f225aa8f93a82550f5fa5148,12463635,12.463635
0xf54a85b2a1fb6534e7e1401fed7ce7e0f22d53bc,12462611,12.462611
0x2cefa208c43469c355801007a793eb3cad68eaaf,12460786,12.460786
0x6c068fc28043599be8c0ba23b29bd39de080f857,12460670,12.460670
0xcb31f0becfc9d011676e7f84cbcd10fe4717f252,12453665,12.453665
0x46ea085f461bfdf3b5910771221a86d413e2414f,12453501,12.453501
0x3200b11857c457609e2acf48c06606b1ddfe838b,12453501,12.453501
0xa411ba6d7eba00f1f1bca68bc8a43124a272890c,12453501,12.453501
0x288b68376fb65d8939d216bda5a965c61f0ac78d,12451950,12.451950
0x5107e2bc8e0836762f329742158fa36588306612,12449993,12.449993
0xa32a7e05436ed27128fef9c07460ccf8c7e43ad5,12446432,12.446432
0x9f1365108ccd0cec0ab9a21c3c4a5f086c8008f0,12444444,12.444444
0x289a447163cb1778ba41cd210b6f8204a345493c,12440477,12.440477
0x29f0d0f900b6d595ebfc8c512ab807470f48ca9a,12439191,12.439191
0x9e652861c73572aa6eda1e2b1cd0f0d4f0e4bb8e,12437980,12.437980
0x8e16b6d0aecf50224bac809038e05718fbf94fd3,12434257,12.434257
0xae3956065c9e4fb22685932ea9274203038ad578,12425380,12.425380
0xd47fe94ed7bb7ea874ddc42de13c37c2cad0df74,12424774,12.424774
0xacf2a5f7f651b4ba48fe4558e29c75a1bb7bec1d,12417294,12.417294
0x7b32f8fb1ce20b228c1949d0139ff7ade86b12b5,12417294,12.417294
0xf3a9ca479480a3ffca54a54e426d75c99b1f3174,12417294,12.417294
0xde99b1b6d19374750727a27afce6429cb6728b3d,12413692,12.413692
0x0376cecb18d69245734edddf14f9e8a15246aa5d,12404186,12.404186
0x09c97dc455c6504e4f54f27fe360828ce79e5511,12399016,12.399016
0x28278023013a011d01ddffafa635e97880e79d73,12396795,12.396795
0x4f6414199f04013be1408eb6d3e1df2713a66093,12395102,12.395102
0x63cb807868986d76bb08f9be43bad2d727cee39c,12393242,12.393242
0x84e39518b9a8b298709604e8fd5525307d53a710,12393194,12.393194
0x2e54e5ba5f3a49861ccbecf958540a3945747757,12387236,12.387236
0x7aa0998922247601cfc55ebd2858abe9e2e33f1e,12381942,12.381942
0x20aaf4f551e5a48d87de383afe0aef08f9d3b040,12377885,12.377885
0x6f75070f110b1d5f9c8d3448ebe0600472664cc2,12377828,12.377828
0xe3f8becf8ae8d1895a4ee40b62bc3254be8ddda6,12377207,12.377207
0x87c524f48f9fb7621da5589ea4946371d458869c,12376597,12.376597
0x3460057382861338aa03d2d66fe3012e27d7e2f2,12376597,12.376597
0xdcac0ee047da0ab449f6beb08c8f79c00eabc67d,12376597,12.376597
0x09e539cd9d498c623581778217c9b907a2386302,12376433,12.376433
0x94a3c7c5e76bbb4f24d596014d294bf20739f01b,12376266,12.376266
0x9f01e3d183b2dc4f7c5d48012da2b9e546297d61,12374303,12.374303
0x399a0ab358cd880b7df71896cdc8cc233ec1134a,12372526,12.372526
0x786b201f4e0dbfbadd2f0ba89d8240591d25b2c7,12366485,12.366485
0x0937581c7f022545038629c59ea88deb12cbe1eb,12364431,12.364431
0x49b9a6b3646eba556af5a20915ed9cf8859a8583,12360845,12.360845
0xe011d52950b39474e3386728de9ccaed4c0f398a,12360564,12.360564
0xd5ef4738cd309852f37b999657dfad2c0ac7bcf7,12358796,12.358796
0x9418984098ce76041cee56694923393543bd7abe,12358285,12.358285
0xc898bfd859624967d24bb87ed2931601b3b12145,12347768,12.347768
0x50e1310b03eda95b919b7d0b564518d77804434c,12342174,12.342174
0x9a8845d90bfc8189da1a15fd13d7fdfde4f11628,12340288,12.340288
0x9b000a0b46bb102c80bf8995a7f4d06b29cd4846,12331764,12.331764
0xf4e01cbf18b7d2cab7a3305e7ef325321a15d70a,12326135,12.326135
0x02a512dbe6a6498fa90d41def566cae82266df76,12326070,12.326070
0x52c83614a0c898346bf4c758b5d1b15fced04e97,12314759,12.314759
0x990252fb2ded5002c92303f32901dc059a64d132,12314693,12.314693
0xba87625e35cc8f86be68f09c43c12deb0a705a3d,12309165,12.309165
0xb90fa81c89a993d5e2543e3eaf0c4435bc1f03f6,12306925,12.306925
0x1353cf1dd6e6e7517a163187b9b7b5d138d55350,12304690,12.304690
0x8f333754532271f895091a2e1012f5438c5f21e8,12303836,12.303836
0xd598e0ccbbc94714422d544f1caf162234c296ba,12298523,12.298523
0x37a6156e4a6e8b60b2415af040546cf5e91699bd,12292266,12.292266
0x1d54ee6c2e15b168f35a578ca2bcf49f6a46c473,12289334,12.289334
0x8af39f94390bee9f78797a2b4a79256fa9af4bcd,12285978,12.285978
0x16455cb35e680f60c92900287c680359512aec9e,12285978,12.285978
0x4914693b84be35030bfc58a3096ad7cb7e0b88d5,12285833,12.285833
0x4a5e200e870fa788321e3ecc776860a587f5cf23,12283939,12.283939
0xd1d3aef509094b8e6c5d0042daeebbcaf7616cd2,12278424,12.278424
0xb7c1a60c0fe85abafe1b82641339fc509bed2e5c,12274134,12.274134
0x5035344438b2e2633fe36169dbc3d6f3f27b1644,12274095,12.274095
0x1fd14811fee02e45994cc9781ba811d29f4aee8e,12270740,12.270740
0xca2ec01632b7604a33a29f70bf8494477c68d443,12270169,12.270169
0x542178f0addef219e01eded384ba4d8657fabd61,12267171,12.267171
0x9dd8061d5078697d8d66b49c7fe299e3b6cadad4,12263523,12.263523
0x6a029cc4a00f41ef8acb3f41108585254a8e315c,12263523,12.263523
0x4468dca9fce9f4c5b39851de46af225b7e24e11c,12259349,12.259349
0x9335012dac7bf9b3152f7d77ff5db1470cc2bd1e,12259349,12.259349
0x90322efb6d3ac81f5083cf89422a2909c3eb31ae,12259349,12.259349
0x032b552ef4bf4923167c897a493bcffc6caf2cbd,12259349,12.259349
0x1549e4f50199b278e4291e7411df6357f662cde8,12259349,12.259349
0x81cc011877154b0ac8079d8a476504686d32c11c,12259349,12.259349
0x59792d9d32717b209cf2edc05eae40b97d94b523,12254886,12.254886
0x04bada7af640675429fa57e81847107f08a6f56b,12250881,12.250881
0x04f5c2d2bd3962d31a424197fd685096dbec90a3,12244884,12.244884
0x2caf27200ca339d7a400f4bf94dbddbfd719468a,12237734,12.237734
0xa72ddf72537972804d644f144e8d203e57679599,12233510,12.233510
0x5106480a9e1f38d1f26a9f542309e9aa9235afb8,12233510,12.233510
0xeba4f85d1650a6e5772130731a50c77e4cab053b,12228949,12.228949
0x033102fc6147cfd2effd6721ae178a00f88a88fd,12223373,12.223373
0x3051c9bec67c1683cccae3cf32809706c8feaa1b,12219169,12.219169
0x9453b937e534fdc7a692dc62ebcb09a588beb1d8,12217046,12.217046
0x758091a94b7904d982ee5b6d85bae5ae4afde404,12215355,12.215355
0x8bea67d814ffb834dcd2fe4b1b1f35c70bcda420,12213434,12.213434
0x345a84515d7706b498a2dc44f9acd82f531e9775,12210250,12.210250
0xfb40932271fc9db9dbf048e80697e2da4aa57250,12208967,12.208967
0x5118d9f1f38916865bf15b4b808cd396b3087839,12200676,12.200676
0xba2f9caab7ecbdcf3005b785911af76e2e07698b,12200021,12.200021
0x159a3460f10b6933509de70cb323d61ffffc4b72,12200021,12.200021
0x5173df8e2d4340be5667c5c1fa6c74e5e4afdc21,12195556,12.195556
0xe21ca2663db765d0ac6b5d63ada5b429c8176e16,12194949,12.194949
0x9ad3111aad0dbd0a15c170b15babb2acafaf365a,12179579,12.179579
0xcf39d265d6e7feff696295582d9d03f52bc36636,12176583,12.176583
0x44baee5ebb2480281d00c4346de8fffa453720a5,12175179,12.175179
0x43403c78f4f00c51126e20be812aa74cbb3b876a,12169345,12.169345
0x4ef9c75a12da29c09c1f0f0be76559f7ee6aa256,12167448,12.167448
0xa629febcd1a0a8fdaaba8422bb769d133f180084,12163095,12.163095
0x5d32e91be8ef9fdf1ce926f63db341418093851e,12161042,12.161042
0x607a9e2523cd4885e4d3be8e049b57f0c8a8955a,12159298,12.159298
0x0a0ae914771ec0a5851049864ccc27b1baa8cd43,12158273,12.158273
0x708076d513768886463ca5a8756620391744280f,12152474,12.152474
0xd65c5b25de6f5431564ff829b081fe46959dbd96,12144771,12.144771
0xf56e55e35d2cca5a34f5ba568454974424aea0f4,12144293,12.144293
0xa7e1194aa2ed61e4e7d440b4308322e9fc6925a1,12144066,12.144066
0x96e714ef11de48282b4632db19144f15b95f343f,12143792,12.143792
0x80158b6c328ef10e22b920247c77a05fab314a6c,12142100,12.142100
0xae9155be72fd213dbf5ad46308c7eafc63a71b16,12142100,12.142100
0x084ea58e6ef8f76884e534a1ce8860ee5fc3a2c5,12142100,12.142100
0x56b5a259e46577f20c10113208bf2980aca7347f,12142100,12.142100
0xe8fbe51640b7737e6a25066cbc44ee9eed228a09,12137341,12.137341
0xac36266df49072b5a528fcf8ddd4fc847d310c09,12134025,12.134025
0x1af41a96bbaf348c3ca582b65193ab4d9108a22b,12129159,12.129159
0x26c16c275b0c6ca892502f0943463ddf745ab6cb,12128125,12.128125
0x97e47d7e02c61ce0ba0c91f2aada48e405b472b3,12124929,12.124929
0xcd3c7a0de6268923b0c47d2cf2137cdb1f5c1d78,12119926,12.119926
0xa1a8da4b50d26a9a80ee8772a70565de494c878f,12119354,12.119354
0x7b9c1807a853fc1ecc1bf4b86e190835d17cd71b,12119247,12.119247
0x4a9a3815060c3bd08fb4d44c9e74513874771b0c,12117334,12.117334
0xfcbed3ccfe693860b731536ab2b1eebc4432d829,12112471,12.112471
0xd18992db12494f18f0fd2e4a05c1596aced9131e,12112168,12.112168
0xd210a01936a901c79254de8fc693f743e5757f8f,12103585,12.103585
0x2c1dee549059c30186c205965ac30ed65be037e3,12100310,12.100310
0xf0540d326341743e068e4fd432f1bdd6e15963e4,12098246,12.098246
0x4a9adc3c8c5134ace5972cd5d8c2924979a2f2b4,12092345,12.092345
0x858bab63629f8b1ba4679adc7765a6dad91d5198,12082854,12.082854
0xa6cd575e6ae46e4ffb3f027580bd65cb9433da8b,12082422,12.082422
0x6f86663e53426568337ee84c40f4a2f0f2106577,12075725,12.075725
0x0045cb2b22bc2615a09a90bda866ff272c893906,12075725,12.075725
0x32bc41d9e5684693594056308f5bc88ac766da5e,12070069,12.070069
0x43c126264a5bc51e58770a30a97fe1cc8e0ad720,12066584,12.066584
0xe93cc01543aa0ae9664e108002ef6ae7ac031fdc,12066584,12.066584
0xffced349d9a2bdb5d678df471cbdf8e06864e433,12064443,12.064443
0x3e43dd6f9af52ff9a0fafbf9d28acb9a15f869dd,12061909,12.061909
0xa66858aef66050ad0df39efc869adcfd31facf86,12060142,12.060142
0xc9e056d8c41c824468fddbe32b42f4bd8cdd09e8,12059265,12.059265
0x73db29ab6ee3ee74ae6a421f81454e5908ac813a,12057638,12.057638
0x3aed734d7d2fea4969ffffc0ef3671363a509cdc,12057638,12.057638
0x616b8248a78ba31c04f769242060d0d16913c04d,12057638,12.057638
0xe27ecfe4cbfef2b52e2bcbbee9c17e08a66d1983,12057638,12.057638
0xec18003909c60651ed3de82c80f455b06c061743,12057246,12.057246
0x10b7dea91297773efb697664f47c1b1932908888,12051427,12.051427
0x42e86399bf7a083c3fd967d0853a1dac96854b14,12044722,12.044722
0x437e28e91046b1c03422dd80c15cc9271b4d3764,12041231,12.041231
0x678904309ee580adf92b393f78663bc4035b4c4f,12035753,12.035753
0x1bdc72bbef303c59316daeaaf36d2696b3c73470,12029704,12.029704
0x72b978aeadd5a76c5a8500c0baad5f9b42f49bc3,12026680,12.026680
0x7e8d2190dde46f666ec7e578611b5728dbeafc1a,12026680,12.026680
0xe99794e0a0fcc1e8d85a1e47da202d054b6b4f6a,12026680,12.026680
0x615a679920fe7cf65306fcd84d87356761a74c71,12025401,12.025401
0x352e9b643947e03d0abbdd7cae7e544cfebc6a17,12024909,12.024909
0x2dd76c2c25b1f129f2dd9f00af334d689427c5a3,12024854,12.024854
0xd208539fe2c7e663b84e380d3d0510d2d74e1023,12016566,12.016566
0x75c83ec6844e00099ab5cfb6c1c2b126a9090c2e,11988873,11.988873
0x1b6106355d943dff68e5f1006f6feb97c5d2645d,11987847,11.987847
0x24dd9326a2e8cacfdfd90276e6ce4c1189d7d1a8,11987036,11.987036
0x1709f800fc9d0b210b6c1f69a7cdc492899808b6,11985919,11.985919
0x3f48b62e129326c1235891fdebabe2f3451ddd2e,11984027,11.984027
0xaf02f27abf8337fe8c78e9dd22ab85b4661ff50d,11983140,11.983140
0x520e22bf675600cd02d499f44b1d61350af86aa2,11981620,11.981620
0xb9208a921c1848ad23eb30fc82e2719c531f18dc,11973993,11.973993
0x5113cdf16665b0e9272536fa04ea8625b99e6e24,11968718,11.968718
0x9aac2df3107f8f039bde60abc2e7b3f89b8d4a56,11956892,11.956892
0x1d1097a1b0159e5941aa0a77f255f44889504105,11954576,11.954576
0xcb8dd635fa89b38bbf7f995ff6bbe41d8a0e39ce,11951700,11.951700
0xa9fadace216481ff354b121ba5a61655fcbfa194,11951178,11.951178
0xddb1cd421d374bfd2a7d8969474dee555c31cede,11945455,11.945455
0xf00af8ac9ac62a6bbdf982037954a9044043f7aa,11940076,11.940076
0x4a118d79838e0909807ac8696d30785255a506b4,11937075,11.937075
0x24016d4ee452e6b46547ee3b8a1bfa362720eee8,11935787,11.935787
0xb2dea94f3ca8d9a9f3650f8640ef210e88219650,11934324,11.934324
0xa3e1987fb383fa1a31adbf56a603c1d59b845a7c,11931398,11.931398
0x777b35d784f89903badd03635421e294dedf79e2,11931182,11.931182
0x6c7f3cdd089fcff4f24c78157a92c488d011d91b,11922896,11.922896
0x05c9ec3750058af4855ecfd4fa25a56338d92cda,11915668,11.915668
0x9f2a275bcb38798e3ca4147d7410f28da1173ec0,11910594,11.910594
0x6c27da24643633b3aff68e7f72e38e2cf3edec90,11909559,11.909559
0x5849144c5cf1a6b4dae76573ed25f1a8d551d65c,11908259,11.908259
0x74c6f5f3b967117ebcde7c1ac7504615285afa43,11908259,11.908259
0x9942cc211c247c8a3c7badb45c680a04586e930b,11908259,11.908259
0xf22d4503b1a55d8c9c88400c7fa998b196e7ef83,11908259,11.908259
0xa697ca52893d9387c6af8d6342071a6b1878ad42,11907604,11.907604
0x5fb5de7e6f5901fa4b3601552b853104044b9b23,11907604,11.907604
0x8954b0f05149b05f82ec128872276d9b42e818ed,11907604,11.907604
0xadea7b89b0d9f9e3beb8cda22150c7a3ea9ac1a7,11907604,11.907604
0x1dbc9c6962a6b94aa105196be24c5b29be6c53e8,11907604,11.907604
0xaa047df9b5e6dbef1e4ea3f4bfecec90d949bb00,11907604,11.907604
0xeb65db51027b925cb6c9326798fbe4294da40ae4,11907169,11.907169
0xe9467fd631586144aa32e7eaa3ae20d9a68461c3,11906821,11.906821
0x1a10b109ff49cca2af8bdc356f0bcf794c7a8cb9,11901095,11.901095
0xfb1108b2b93e1cf84823a065f3d9507d8a34224a,11900125,11.900125
0xedc9de4d44b6be7ac8bd120aa2e859bc1a0123d4,11896581,11.896581
0x62806b5c12db3a95c9e37a59c1dea272568b9a8c,11887434,11.887434
0x679b83d2f489a78cdfc6e191bd097f356fe9a370,11883068,11.883068
0xd0fa2826d7b89ece644dd2911eda1ae2d5cd89ad,11881764,11.881764
0xed7b4ad625f813ec587ec20c565ab96beb3ef68b,11881661,11.881661
0x7efebae423e636eadb05786321d5d51467453fb2,11880024,11.880024
0x0110f0cc81194212d0452bf8ca774922bb32e3e6,11869873,11.869873
0x58e044477591d46f4c7d1b8ec1a15f308cf62e40,11865713,11.865713
0xc92bfb6a8a10937847b63cc1d2fc1a1ea0139389,11865543,11.865543
0x4b19446b7b72a4021211205f6d445b86af422724,11860463,11.860463
0xf1ec0d94ed815b702bb177b561ce4d7362ed3383,11860463,11.860463
0x5b236d19f680ff47e7bf2a9eb88fc5cc03d443a8,11857403,11.857403
0x8776d9c1aae452c32256f0709c9b9cfa3a1f9b07,11852827,11.852827
0x9394b7cc729ca9ac8a33ba8eaa6cbe9183a91d8c,11846869,11.846869
0xe9c1fb05a95d5c22d8f3d95f2ccd2d6818b6f210,11845805,11.845805
0xce9a4477e265af5abc6123be5024f032ccd03bf7,11841938,11.841938
0x58bfdd9459a2f07bcd204efcbc4595982ac92bb1,11839313,11.839313
0xa665d83457cb91c3b254b35a5d61143f66473be7,11833237,11.833237
0x56513aaa62d18a7186bdda906bb188d0cc5f8f54,11829864,11.829864
0x972545f265f110016104a9b4e29d8666a4deec9b,11825796,11.825796
0x8f727b4e97d55f0051fd993a2cdb03cb45d6981a,11824817,11.824817
0x0cbb58cc03ee691e80bef4b0c7a4df2f505448f5,11820139,11.820139
0x17ac06e433ae02dd9267bf542acd7a10b5b4dd7f,11817681,11.817681
0x79eedabdd1d50c2b3b6f97a5d2c89759c1b02355,11815801,11.815801
0x77ddfa434c94b2b81d51fdc83cec5e98800ac4a5,11808637,11.808637
0x42c975ddc7d7e9757f246ddae552f63a5b4429f7,11808637,11.808637
0x00136c48f4f33e66416fc7349550e66cac47e5f5,11802386,11.802386
0x1cd1e0d25ca6639f5424c8fbbd29548f37d25284,11790654,11.790654
0x5ac44ed0a1f64913455fd4a406f84db73757096b,11790357,11.790357
0x9eedf1d10e342043e237f9e09cbc44d9e1c27547,11790357,11.790357
0xaae3092149e89a6858111f594fe71d87c200b370,11790357,11.790357
0x917c136ba525aa8fb14e33fd20a367edc7a5df44,11790357,11.790357
0xb5b071a8a28fc6afed64444817f439b26769e835,11790357,11.790357
0x9fe65efa65123182a9c65fc23e14b6b409f4e89a,11790357,11.790357
0xff71fa2e0dbb065a3f9b6c00adf9f8cce059376c,11790357,11.790357
0xd27e2c7dbe412920a69b589c305d26af76736aa1,11790357,11.790357
0x56dcaaac1e06676b6844aeaa7dac920d2ed31b63,11790357,11.790357
0x569e648842571e517cfdf3aaafe60e47edea97f2,11790357,11.790357
0xf30f52f3cf5b90394e687d18b3541d7100587c04,11790343,11.790343
0x5be61c4d144771f5895cb2996fd3071b0714a2ef,11789841,11.789841
0xc0bee971e9113f700e034a837492fb59c6a56ab1,11789841,11.789841
0x2a7d1e38c8da2516db7c31d3461fe23415b0e495,11786980,11.786980
0xb0532587e4ff1df79331e36ca519a4589cc91e9b,11786869,11.786869
0x7457865ba58c4fe72fc43ec8fdf61c818caa93f4,11786250,11.786250
0x640ca49a5dda8742c847ae887f41dd6df6fef863,11785843,11.785843
0xb7d725753a300fed6d13f3951d890856ef0c6e30,11785843,11.785843
0x067753a1d65293af77c0074b2afd535d3cbc21ed,11784459,11.784459
0xa632f917bc8acf34b547372715e9d846af1a28b7,11783933,11.783933
0xe6204cc3192bcb7b58819c745cc87e181e847270,11783507,11.783507
0xd47f4e79f95f775c02992aff27ccffd2116cae1e,11778169,11.778169
0x173216d1fd08e76fd4f25710d2849091ce2fb026,11766113,11.766113
0x0477c6970231781ebea3c33a1c2ce3e313c75c56,11765609,11.765609
0xd54c812f6001eaeeba787bfd0eb5cf0216f506a1,11764325,11.764325
0x4a80b6f85441086a6fc1bf798489e866bb536f07,11762071,11.762071
0x5ce8ebb7cef96821c7cc4f1bdf79ca78d62d8b5d,11756941,11.756941
0x1d996b7afbce6f3748c0304e2ae3ac7b3671e49a,11756299,11.756299
0x4892db7037c4a4d1298fb58cce082008263a8416,11756245,11.756245
0x7075f5b527a8786799ab8165f4780e27bc4844c2,11754035,11.754035
0x03399f9e628b5d1f41794bc2e24c2ddbd73f43d6,11747456,11.747456
0xe9c67dd40b688a54349bb0380d621edec6d2d6cd,11747425,11.747425
0x548ea969d96eb5e26d106a013c0fb8f18b8d6e8f,11746956,11.746956
0x59d16da47a795a02e1f4e71224915c5112adfa36,11744041,11.744041
0x756fe13740241486359b6b16e7f2740989aafaf7,11735384,11.735384
0x628a0be92fb1e0f50afe624b7ee29da5166ab4cc,11732122,11.732122
0xcde2933c2017944b46b466ab9a0dfdfa36e4c35b,11730587,11.730587
0x2999b4c01da0f1131d8e32d8515d70259ef8cc69,11729010,11.729010
0xfb6d37f891064528e22f069ee9f8ab9742ee31bc,11723343,11.723343
0xf85ab682f589f7d728882e0f65ee438b032f75af,11723037,11.723037
0x2eef7dbc48248dfc9e664fe025f05046187c6371,11721279,11.721279
0xed80b758f8788cfd8af5d9d64c76911a68ec111d,11719254,11.719254
0x4c3b25ada4185d7bd6572c5a8f6d15ea8ae063e5,11719186,11.719186
0xb3dfdea360ae38779b8fd9645290a46f939caed0,11716674,11.716674
0x239c5068395797c2687d8f611d45c95d38e513c0,11715330,11.715330
0x94be34e92e61e78b6a8969deb9b0f61d25aeb134,11715330,11.715330
0xa914c8580352f1d95abcd3e63edeb2ed063e0e6a,11715330,11.715330
0x444bf88703f6f85f78a1dc35c5e826758a12ddfe,11715330,11.715330
0xaddde87340e9830b808c1c24e2203d57d942fa7b,11715330,11.715330
0x0c87df208af92a264eceb9ccefca385e558fff7d,11715330,11.715330
0xb15d055f16d0ab3456a40f5a86e87dc2721ce1d7,11715330,11.715330
0x27c94a5419e3734d63944926b7bbb95d92dcab15,11715330,11.715330
0x41df67f5afd9b3f9cf39df4db2c93b6deed004c8,11715330,11.715330
0x7ebea6efaddb86a56743b831b319a04b10fa2c67,11715330,11.715330
0xbf4209e0774c07ae6ab2ebbed8696e78a1af56ed,11715208,11.715208
0x11c8fa7e9f14721fe8b8c78516fa2498ffd5a393,11714504,11.714504
0x50512168bf0ba7d3799284eef087469e357b5d3c,11712206,11.712206
0x555e965c27ea2f3b7732b1e6b77ac6480a3faa55,11711388,11.711388
0x9051114d2d61ce6f8010ffc35e6097be97302a04,11706461,11.706461
0xab284dea32a842c24239d8da6683335d6d5596e5,11705893,11.705893
0x29ba3178d23a14e209f9695eee42bf3788edd58b,11705734,11.705734
0xd7d78f3fdf27003853a45ee0269217a236dbd3e6,11705364,11.705364
0xf55914186a692a3335ff44ae107fa724b1074ddc,11699981,11.699981
0x24bf21c742791848cb37d228afad72a5a273b181,11695628,11.695628
0xf424bdd89503d7138156f710ed5b45ef84db3870,11685766,11.685766
0xe286cf2d59e44803506242d9d057ea945914507a,11684651,11.684651
0x1f7f6406217926ab76db74680dde62321cc0bb5c,11682534,11.682534
0xd0001b4929809f8d812c6f5d0fca3eabae182418,11682380,11.682380
0x5f34966d2801181eb049bab1c41071f45285e7e0,11679666,11.679666
0xc4867a309dda380e732cc1c9e2153bd523d34d4b,11679666,11.679666
0x08913515803c69ee3c2b8bdff49cf53baa1694d6,11679666,11.679666
0x59c1df31f4cc740c4b7f2ca137212b43bc2011a9,11678145,11.678145
0x38a4312bb7007b4543647ef2d2fcf875c4af7ece,11673110,11.673110
0xaa14bdc2aea4888a4b452ad1ff7f6791db700f90,11673110,11.673110
0xdb52c99e108dcf8fe76cf9aec4a1353a1552a039,11673110,11.673110
0x1edcb931ec735417c79d523af863877651e864af,11671421,11.671421
0x9f5ff2b7de9c5b2d7a10a30e76d4f0141a0ee5b9,11671421,11.671421
0x8fe90e1618b97f30e043107ace36af91acd1a1a3,11671231,11.671231
0xafb0d9847e40286e8d09e2b33caca0d3b2921bd0,11669628,11.669628
0x3ecaf4aea0aadbddc1ae44d44e10c557369a4648,11667386,11.667386
0xcd5ae126fb2fb0b20a3154390c70ef61f50e775e,11667386,11.667386
0xeefb757b6742d7a1eb7cd32b8a460bdd3012de3b,11666921,11.666921
0x1f7da94f8ffb08ef04809e588a060224c4137877,11662710,11.662710
0x903435bb40a3955aba055488321d0016525f1c2b,11654826,11.654826
0x84649ab570f6a4e179a65fcc2f14aafd363680db,11654599,11.654599
0xfe6524ac5f0c01132785e56d518b77e89184a6ff,11653944,11.653944
0xa603da977f4da790d8f3d0ff42db79cacc6f6960,11653638,11.653638
0xb38fbb0c9bffb81314692d30d79400b05031c034,11650157,11.650157
0x905c1a4eb2a84cb864c6909499ba202a03f0aa17,11629389,11.629389
0xd0c34e1772aedede1315980ad63df8a3bebe391e,11629389,11.629389
0x9f69cb499e89c726f8c6358e054bbcdda2e5cb4b,11628546,11.628546
0xae4b27cbd7135dee5719626f30949d53abf0ecf9,11627801,11.627801
0xe2f6f93d45f2f70fe4f6639e20e2372dc11b97b6,11614838,11.614838
0xc34b99568cf213e6a67bfc1e73bbde9132d73ef5,11606342,11.606342
0x157ce643e4c1f1ece833860f16ab0258af660b77,11604471,11.604471
0x543dea2479bb8527c71bf4e52802b017212589e6,11597646,11.597646
0xdd825be155f45b118ace3802c2b0ca2146c27a71,11593937,11.593937
0x45372cce828e185bfb008942cfe42a4c5cc76a75,11590092,11.590092
0x8a944f535f5d50d0d5b9d39889df07317fea795c,11583150,11.583150
0x538ded4d0d461206ae8e0c021d5179d3a31d2b12,11580405,11.580405
0xa567803ced69350e8379c82c869ef5acf56e1193,11579921,11.579921
0x0bef56b30abde4558ef6e9cb41c8194f47da5839,11574520,11.574520
0x8ee6cdf80bc152e0369e6b8b7be2f2c95fd415b5,11560195,11.560195
0x772135ef80aabf447dfef847d87ccaaabe60c798,11557412,11.557412
0xb5dc4d0e9373a30231c6149428529b2f48b4514d,11555863,11.555863
0x3ab9f580da07a20f949f3db433c4cd839724e471,11555863,11.555863
0x1d5bb3e53a80b5d82ee6a28c4b959cd1e2d7d536,11555863,11.555863
0x221a141e00d79f8154ee743eb712642a78ddeb0f,11555863,11.555863
0x2b12a0eb9450fd08efcae7bd2e28443bfe8fa63c,11553001,11.553001
0xacca7ffa5a99051f5d0a140d72dc52fcb740e55f,11550692,11.550692
0xc191a29203a83eec8e846c26340f828c68835715,11550692,11.550692
0xc2a622b764878faf9ab9078ad31303b24fd4b707,11550692,11.550692
0x8839dba90d256a15ab84353452cc8ded968713de,11550692,11.550692
0x9083fed81f3ab2ddeb376db0e394c8ae565182c1,11549817,11.549817
0x30c98ab8fb66212634bf284f3c13b1e1fe61b3ce,11548868,11.548868
0x0bece026648778f367aa84941aba78c9c1776bea,11545951,11.545951
0x001418a3db539dcf91b6b427ca5b26977ad10489,11540243,11.540243
0xb30a363e2a921902c28bb0820654e57ac9bdc584,11539283,11.539283
0x5b570278f38db1ff16d62f4051adfeb65c86f92d,11536409,11.536409
0x642f7820a7f6a236d82cc1125b0ad92eaac48301,11525947,11.525947
0x827804b75ee9f958547000c137405dcdecac1bcb,11518511,11.518511
0xd41b116050770ae93886f331cd5cbd35f2115ff3,11518102,11.518102
0x586d8f3abfe7efd37fe02b9fbc8b389113d75561,11513828,11.513828
0xf7545d1856a1c1eab940cba82f8a4fab8294af5e,11509520,11.509520
0x4d3844743ac4fc5bfcc070c507ce96928123374b,11508423,11.508423
0xaf7ef4ea3007310fb433dac3ce60e8d0004e5f5a,11503515,11.503515
0x9706ac78503efac40e49ae7db0b586d1cf62d4a7,11501983,11.501983
0x6d14f9a8fa7126ce8e2abf781045ae5fdd268b74,11498992,11.498992
0x1ec83f24f016e6b455002f15e5a6933e9f199fcd,11495733,11.495733
0xfa37f311871374da5874261b70926a9e52cadee2,11490972,11.490972
0x87415604e043d6f688eb0e9d8e6b41809d3b8a61,11490854,11.490854
0x75aff0108f8c53f00d483e6e9acf16e9f154f893,11488886,11.488886
0x86ac79625b820a794b461a15cd94c258cb32dcd4,11486583,11.486583
0xff880508a44944dffa0e0433342b7e4b2c540a28,11486583,11.486583
0x145c18e1ec0c77f5ac846e11a78ff34af107af66,11482727,11.482727
0x43ed63322703ca6249ddd5a094d9bee0a3e8aaf7,11481272,11.481272
0x11677b36b15676740e6c07bb14f8662b613d86ea,11479088,11.479088
0x415ce2b1422e43090abfa317d95dce574d693c8c,11475426,11.475426
0x0317d839d42c67daf9b8bd4c76644aad3e8159b9,11470009,11.470009
0xc1c1d9b640a87a38b0c6dcaa045c747676d0e8e8,11465681,11.465681
0x6c720a9b1dfc8312c21d24a03c132c7a8e39b563,11457495,11.457495
0x0ef2763b9cfdf31cfa9118415f8ae425ad4adf2c,11453644,11.453644
0x27c1b8280b9b22bfe1bcf41d495fe0496906cc46,11453199,11.453199
0x0c2405c6475e0e6165a9a66d04a87e78fa0a79ff,11446861,11.446861
0x5bc0e3b06f9c71572abe2d8c81fa6e6d10675a7b,11446091,11.446091
0xba6b067a030e381ae796ab1cf5623e34646bb188,11442920,11.442920
0x3010b8ebdffcc76831574d923a1d80d1a203f11c,11438617,11.438617
0xc2d14c396822ba325aa8c8d0f6213828cb69d925,11438617,11.438617
0x1e6c02d4f25dff92b8355abbac1b9522e0a7e8e9,11438617,11.438617
0xa82f5d3c545004885cc46953dfc1addfb6e87231,11438617,11.438617
0xed86c3b9cf76904a8630eea67be4499bf6b94b0a,11438245,11.438245
0x5f1609ea53e865f5896ed4e4219bb8e907204598,11438155,11.438155
0xd8d5524409d27d84875f4cab561ec1c1fad7cb63,11438155,11.438155
0x961229159ffacae4aad99ddf02723c4620b588e6,11433807,11.433807
0x6740888dad1a16931a1dcdd16538c9edd8c5ade0,11433669,11.433669
0x2f7552dd5c8f2aa17aea87387a8667c7619f4c0f,11429234,11.429234
0x37749325c5f4847151c5f864ca8b377763a3a343,11425538,11.425538
0xcd04bfc0c566c7f7375f586249714f6538c83ec5,11424163,11.424163
0x369e8fec86bd1adb8fe9ea4c1a8db8cdf8360b01,11423612,11.423612
0x75a30917e94a222e09bfb069f059f58fc0da7ce2,11421722,11.421722
0x9b04d3d20b9e9d8b929f01711aeed34e3b0226bc,11421722,11.421722
0xe9b78fa57f71998ce536b588cd00ee25cf8fe053,11421722,11.421722
0x4f7211f0f31fefdf9172c5c564e57ad16c291346,11419474,11.419474
0xbf6eb47c2f3e3150d5cbe3a23dafe5adad58f6cb,11418022,11.418022
0x8370c496131456fd4bed6ee1e94757ed0eacefeb,11417942,11.417942
0xfb26397232d3fe044836a7390c3dc9af8565a465,11417942,11.417942
0xf65c7b060d7e50a2f101c4ce65c6065747f86563,11410113,11.410113
0xcdd0c27b5f27e2f3651cb6436183914693ebda02,11402738,11.402738
0xcc02b2ec6b9e1449087bcf4d65940974b0f68044,11396065,11.396065
0xfba1c821847909b1a246c2a0577754c33cfa5439,11395694,11.395694
0xb9938d250c714f0ea347ed591be197c6d02f714b,11394992,11.394992
0x924a32d688725b7e35c5f7b208c8e6ce9e4b2193,11394992,11.394992
0x748818a4aa6dc922cdb1eb914c3ee962fe91e3de,11388859,11.388859
0x7df990ce0c08cb7fbcb145dbf0e9beefed34b7cf,11388361,11.388361
0xa39e318f6995b80cdbc5dd2df031ef7ce4c07834,11386538,11.386538
0xd5d038cc82f38c24bb32a7abd9778d3d29318f6e,11379621,11.379621
0x39f690acb40c24a7360404ac7b0fd594d42cab4c,11376386,11.376386
0x7b160a9e457231963ad43cddbff1c6de6dd2e742,11371731,11.371731
0xaac47732a9617bd6e2881eb703c07f60f9a9a6fa,11369349,11.369349
0xe5130afbf0ed66cc1dfe68025b327d9c862789e9,11363616,11.363616
0xe49158694e24d6c790e0abc2cbdbe6db97375bc3,11362510,11.362510
0x80c521329bc52917172b9c3e2ea019a0805fd430,11360856,11.360856
0x6daaa667a33330c27b4dd070a4f9636ecd942780,11359693,11.359693
0x3031c710d4e228d322023a7d077647946f0b2e07,11359654,11.359654
0x4a8fad342af1db5317f909714382b478eb4d1846,11356768,11.356768
0x7a5d80415d312f7a6d3a8f011e65428d65b18ae9,11356447,11.356447
0x9017c2af5e55e1bc6b7e8b41bf732a8e8cbbab0f,11355294,11.355294
0xb8e2b8c308f02bb59a38edea6f8fc8119656f25f,11355167,11.355167
0x3d63af815bd9a1d5cbfc376333782399145e58ae,11355167,11.355167
0x5501960b0b3da6e06b8e0958a6b61a1e6de3b967,11350687,11.350687
0x0efc8b496d6455e9606247f7988b16378c85c7b5,11349985,11.349985
0x5ca7652f36099f34fefd7deb303ddb4855aa3330,11349260,11.349260
0xc100ea5ee8bd998f3e2c6b544c7e6f4174ac1d60,11343961,11.343961
0xd7cce8fece2c4b91e8b39bda24ada19124fec1ff,11342177,11.342177
0x78c6ccd14293a5c4657b70f97bc3d7de7c04445b,11341185,11.341185
0x75f19f4c80174bfb91bf7a3456a138802e27fc9b,11340682,11.340682
0xa6cf03a31d640a202d2d34edabb5640800c010b1,11334478,11.334478
0x52ddf67b6f53016fb11cc79ee31b6410fc4291a0,11333618,11.333618
0x0a8717bdd9a8681f8810e0d56ccc6101e2f0ad24,11328850,11.328850
0xd47512824be8f5b8b88d8bdcb7c31e8ffcf1de8f,11326690,11.326690
0x35837063a26d867e7dc481229d31f77b428da374,11325012,11.325012
0x3142575eb8239fe47f6f007da7eee06647167061,11321365,11.321365
0xd595710aedaba1d2e18bfdbab46ab796664c6d89,11321365,11.321365
0x676116439750ebcfa23f3408540853e39fb4bd59,11319909,11.319909
0x1ac1261d88afe5fe3b7564d45da0dd5caff28395,11319654,11.319654
0x3a7f8acd1de5cf0e5386259bbee774bebc89d1ed,11317876,11.317876
0x2edf23a7c774fa6c5e59c769abc946f14fbdc4a9,11307468,11.307468
0xe1d0aabdd03f4fd476ac4b1f6d444b2a52d3beb4,11303896,11.303896
0x53df2d70e4982d9b45a3fcb5cad07b9249211aaa,11303111,11.303111
0x51c696d94cc4b8a6d8d75452ce73b9f452232496,11301576,11.301576
0x81f1ba70399a9930dcb326db044afa110f581137,11300401,11.300401
0x715a2648effce53ecfee195fc2dd5f29bdd8fc0e,11298710,11.298710
0x9bd7f1c2784329d9b37d82a5d4c04e59663e1d78,11297539,11.297539
0xf73c9f338fed22511222fdc4fc5adc1b6fb33e40,11295726,11.295726
0x0d24969d26177f813771eca05f819fb3e00210f8,11292745,11.292745
0x207199a4ec04e534d882d08a934814beea09901c,11291231,11.291231
0x447795741fa53d86513dfb0a2ae69414c2d29453,11290316,11.290316
0x2779f37984a8d72f8f3623a36685bbfe64887c8f,11289133,11.289133
0xd0db7f650ebf84cae67e827dcffd839082a70f02,11282616,11.282616
0x56bc4e5245d33fc7834550b8b399914138ff69bb,11279377,11.279377
0x3ef6fe028c1ed8515c9a971872435254018ab9ef,11279040,11.279040
0xb9a7329e124edb947255e58df434d4b495def0e9,11278863,11.278863
0x3ba70b80f1d53a88e51bff2a209e23d950fd0c98,11271883,11.271883
0xbd8033510a694e77db90ea033520587c7f500e40,11271883,11.271883
0xb7ca6dcbffe3e53cd015f86ba7721d3912adf749,11267015,11.267015
0x72ac3fe64ba908f614c2e243a886bb044bc9f9b4,11265263,11.265263
0x0f95c70310a7f4a80bb602df72cac85e77390cec,11262269,11.262269
0xfd3020c0ecf03f798ecc3a47273a04d7dcf9da18,11260072,11.260072
0x76c492e12138a94eed8826daa9740f055efa7794,11253795,11.253795
0x67be3e929c7cc30fe674fa32ab609aa4a00a84ce,11253616,11.253616
0x158a24bc088b5ce0d6a001b225eaaf9dcbb6a445,11248329,11.248329
0x8886567678158654f8d664b5507bb112ccdd2017,11245000,11.245000
0x10a70f9b149551659358d5da2c75ffd5ab680707,11244459,11.244459
0xd820a79b82dc3a00f19408ecae526f5a27f64216,11242466,11.242466
0xa9436697137963798d10694b9970a2e37e7b962d,11242046,11.242046
0xc0c3a1383356d8a8ea5c0a16163301a1051e936c,11241689,11.241689
0x065c84641ee62d032ea5f20c49d59817c87a2747,11240139,11.240139
0xdcdea6e4e8944186fe43d7f493b70deff5a17e2a,11239898,11.239898
0x4cd575b1233c07674090a1c138ffca76df7771b7,11238693,11.238693
0x53d63286426a8051a707d5b7d17e28aaad10a411,11237657,11.237657
0xaf9b8f51802ed65f80f96d84ca6baae1b5f92e2f,11234163,11.234163
0xaa2248230f5184ac091058d5564fc509d94b2814,11231834,11.231834
0xc700e81764854f84876600f8d7f9a8b0dcca7573,11225986,11.225986
0x2ece70212ec19a17a1530b7c54af685e7c7f5d4d,11224881,11.224881
0xcc7af7cd4d46804163ae90a7345f9536364f16d2,11222455,11.222455
0xb0f6d51654f7a01203a6afbea5f9e6e8221a6bce,11219310,11.219310
0x95f2849428e80d3d6751ed92d0f30382a90de01a,11218459,11.218459
0xc0436894e6daabf2c77852d5e4fcb655d371b2f6,11218226,11.218226
0xf7dd34739863dacf8c1814cac4026f6496473b5f,11217043,11.217043
0xcd77e2c8d0aecb89af4e6c95ff9fc55734ef1d50,11216537,11.216537
0x201ae4aa8a838d5c11f024d6202598c62f579111,11209157,11.209157
0x085368a9232e9357395cdef5756f1ae93aef893e,11205385,11.205385
0x3d26d281e4a971a2e6ce7c9ffcb08cee6e85bddb,11197737,11.197737
0x0de5b2418a08f68565836642360c11866d005ad8,11197737,11.197737
0x2a03bbb620b0f0d6d2df692b5ee450c69a0dcee5,11190163,11.190163
0x6112926792e6de2342eebb17d882053bc469efb5,11189012,11.189012
0x6c348cc40cc6660f08e7e998dfef86741cd6f56a,11189012,11.189012
0x25e5fd18e791077c5c656d060d6314ab56cb9c33,11189012,11.189012
0x2fbc30f57f0bdfcff9a6fb435d3ff288efd506d0,11188530,11.188530
0x4d477f1aabcfc2fc3fc9b802e861c013e0123ad9,11186082,11.186082
0x0b4cb9b54a78a5911fa2258c6d2c9b87c80e1bba,11185640,11.185640
0x28723161c5d1f50a9acb947c1633678f899910f7,11182303,11.182303
0x8490814d1b4a1cb9b032929261a58234c4509f00,11180892,11.180892
0xe4d9188d21e9806b76dfcea2469ffc15212f7efd,11177947,11.177947
0x915f64f902b96c2527fd239fbd566bd6a0569de5,11177898,11.177898
0x9d994464eee741cbd75680f37870cd6fe9123adc,11173236,11.173236
0x36548e8dc8dda53b412556a7e575e49692198aeb,11171628,11.171628
0x16b8da65039cd77be93f43820e8dfc4822a94e17,11171249,11.171249
0xe05a16c31c042656950c50fda9906a5593349c79,11168897,11.168897
0x38d932bb88188111d7ab07c6f13efc11f7c46156,11168743,11.168743
0x059b8628b3b533b31bd62e67da7168c2b4c2a25f,11167708,11.167708
0xa7a98d3d3d61782d5f7b154f50ca9ef1440d3cb2,11167231,11.167231
0x24f753b004792120ca767ee4a722d94f9ed8ac57,11164530,11.164530
0x3ff32fe0b10d915fc5154d2a17f1b2a4209bc5c0,11164530,11.164530
0xba95afb55f28e07425185296f5e8a29e61e73d82,11164530,11.164530
0x95ff841ea9f1ef6fbe09099f15fbd37f15e752fa,11164530,11.164530
0xb3333484a05e254500a4d9bb9a14b4281a5ca49d,11164530,11.164530
0x86576dcb2cd1d9744caf8a94ccce330888b8aa45,11164530,11.164530
0xc9e705f89e7a60b9996fbf69c4028cbf27cfff99,11164530,11.164530
0x93c810062a6212dff031a1129c9dee5c20011d9c,11164530,11.164530
0x0afb73c76e465fa62195dfb29a59dae320104a97,11164530,11.164530
0xc21d568221ea279cd14036c15867fe023c8b1e29,11164530,11.164530
0x590225f1ea3be153fd5409230f292d52d3c7297e,11164530,11.164530
0xf01cf17e09fddc3c8db7c98d48eba7882e4b842a,11164530,11.164530
0xd51b14dd2e54b6d4a57bb504e2d65bca8d843215,11164530,11.164530
0xfe3883bd9fe204a6328822d66c42b80b181d3473,11164530,11.164530
0x118e80b5331afc26b232d33d1ba3e992cdf52598,11163773,11.163773
0x2dfd601e6a4b38e1d4c9c8790d994123dd40a832,11163773,11.163773
0xe4b070864ef9cda1dbfa782e7f2db31cbddd520d,11163773,11.163773
0x344651a2445484bd2928eb46d2610daac1b42a66,11160556,11.160556
0xddc0ea6aec1502bd45b0c4b608d428b521591632,11159527,11.159527
0x221dc7570952f93e0d7016fa3bf529dbbcbdcc51,11158091,11.158091
0xb6bd1b9b3e6e3512bb354789289f6d8fbc0f65bc,11156163,11.156163
0x33bb17fd9854328947cc4b9b54936a13149d7035,11148789,11.148789
0x1a795f09ecd57eed7e91bb5dc8df6b808219b23a,11148774,11.148774
0x73dc3b86474213e46bd55751df9ed4cfeefb08af,11148774,11.148774
0x468e7cf272f273ed2add1ae9a9cb0888aa5e8227,11148774,11.148774
0x5b5a46b008631d363b1d5b94f40a52791794e375,11148774,11.148774
0x9157b1a9f710499d97de1e9770c8a8dcdfb95dc8,11148774,11.148774
0xaaf1a42edadbcbcb51385307ac8e16ed8fccd772,11148774,11.148774
0x924f4928f46e4a96170450db1bcf926817adb7d7,11148774,11.148774
0xc07f20395b27401a4ddd845dc3fc06bd6fcd5e63,11148774,11.148774
0x00757f3d02542059ec8232291dd463406997efb8,11148774,11.148774
0xeb681c2ed9fdfe87d319ec98f0ffaf1cb5958e0f,11148774,11.148774
0xa449e3395d4d144e2e6aad161d37a42ba6377bec,11148774,11.148774
0xe7de76aa5201bff4b6212cf30840a8182801b909,11148774,11.148774
0x492b66f9ab898e2908f5298288dac77df402a673,11148774,11.148774
0x52842d566922b209a6e2ed16214497f2be80c473,11148774,11.148774
0xe0cc9854371614b6a68a8760567a01a118873fba,11148774,11.148774
0xdb6c25e412d69726bfb60835a2c2dfcf4d9bdd1f,11147159,11.147159
0x85c7d244c6057d42c770ad85ae198fc5f47957fc,11146480,11.146480
0xb0c72b8b8d1b6d185bd35f459a46ffa4efa50f3d,11146387,11.146387
0xcf09a7b5ed45ee1206bfb79a0a40003ed55e8573,11145616,11.145616
0x021b5757778155b73568c018dbebd33d71ba4bcd,11145086,11.145086
0x5526ec46670f3b1d94ed20757223fe7f0efe993a,11144593,11.144593
0xc2ecbf4172e6c893337ee7fa7768f3bb69b6d109,11143540,11.143540
0xd4f7c5b6d41b699b95feadcfcfd3b593f0931ed3,11139541,11.139541
0x5c810cadd00cfe93229e9f54d4dfc721e3b4b41b,11138976,11.138976
0x199bded7d6ea0ec6f949abd21128e6f4d82c51c0,11138653,11.138653
0x22589cf6d458af2eaee7ee7cb7be7baf0ffb0783,11130667,11.130667
0x2e6bfd13831aae9be99f16b15b1e6d4923e13b11,11129445,11.129445
0x1e916b3aae10771c9be46b817f0f7149206ca784,11125818,11.125818
0x06e3e1b6607ad34b7cc6fd7826eec0ff1592fc79,11125719,11.125719
0xaac49ece7888bba0b5b855e3fee215df7fda5585,11122988,11.122988
0x9442fa017320d844215f393595e99b785ba4a2e1,11121605,11.121605
0xde8a68d24c9542fc8c1ec6c7f881543d92404bde,11120105,11.120105
0x4cadc5969ee081d0e97a884bade538451419109b,11117680,11.117680
0xc40fc1c553737b2aa8572fdb036986510219f233,11113935,11.113935
0xfb7387cc1ff8bab5b80ae727435ffba014a8b078,11113820,11.113820
0x52dffb1ac83dc8bec88fa45b00b893823ce797f9,11113722,11.113722
0x64a1ca8b4f19571ebc7d92ec8eb8d04fa4d63e11,11111394,11.111394
0x22f769ee7384c0f35de835dbed7f46385a50097c,11110866,11.110866
0x7fbae3dee805503fde2d1c456d4f89a193e5b023,11106361,11.106361
0x12cc270bb2136c772b7e28868d7782aa62827229,11100753,11.100753
0x4a424f1feeac4183ba9fa3486bdd37c3653c3df6,11095621,11.095621
0xdf8c817d7078a3d26da371469173161c44790545,11095166,11.095166
0x00db854ed1366f73d28dd89a85c9e481ddd85328,11094359,11.094359
0x1d4537ad0802516db915248de63a6be18a67582e,11091023,11.091023
0x87bb150e07ca04ca038cfe70c3c67ef4fdab3a48,11086869,11.086869
0x309250cbd853981b8b166bb93d0bbf018b30e04e,11086869,11.086869
0x826ff02f8aaaedba0f79e793cc1458c0a6f937d8,11086869,11.086869
0xfc6baec34f21235c0475c92fae3c796a5a266e59,11086869,11.086869
0x035e23f81efbbef98d4c1b436736619d0b63ac3c,11083621,11.083621
0x08ea5804927b508057c7361ece58b9604a79da28,11081882,11.081882
0xb1e2194f43c3c0319b3b6fa560d47bc57632cc56,11080339,11.080339
0xb0034f14d5af8a76896ca2dba000f1ee3bb6beeb,11079318,11.079318
0xb0d11de0f31a33684fbdba3dbf008992ff418810,11079318,11.079318
0xbfd044ea96b5fe114dda8e19de4d18719144f562,11079318,11.079318
0x8e057b8f37a46fdb30b703f618c3610dd20dc2c1,11079318,11.079318
0x291ba8a8532850700636de34da56cd8034fe825c,11079318,11.079318
0xe4dc02b8e46aeb4796f7d097fd3bea2f61ac1d2f,11074362,11.074362
0x1122c7a6845fa7c0927d23d676719155d339aadd,11073802,11.073802
0x904e48884a43b6071308327b00717eb699f58944,11068343,11.068343
0xdf1c13b1fffa2ac5984516719cbdbfa22240efbb,11061967,11.061967
0x2d58e5e7380b801a0af9c133890981c5ede5f248,11058455,11.058455
0x908dc8d62546d16008c5672498ed389aea272118,11057286,11.057286
0x7ef449eee029a136bf7d43ba1e1ba2350252b1d4,11057176,11.057176
0x7b4199d7421e5cf2488c1429e9550c9bb3b8377e,11055183,11.055183
0xa1d59d8ec80d49c7583ab5370e54fd5a0832bfc7,11048612,11.048612
0xdc955f7f4ed2cd7df906e56f0984cea34a37d525,11047981,11.047981
0x642387183ffd57a826f0d6d63988d33322ec3ebe,11043480,11.043480
0x0b31212a12cc2f7577168c948587a8db4639e191,11042595,11.042595
0x70b23f315ee3f07b93f809885bdc0888613ef049,11042595,11.042595
0xc70f4055ee9731e8cfffdc371073a85a295c0ce0,11042595,11.042595
0xbedc7d6be35429298ee7565c084aa724ad1dd266,11041613,11.041613
0x24d00508ed6aa7c0bc44674a091d42d34cb2d02f,11040343,11.040343
0x9e04e02088c2d42b6fee0a4bf59e7876684f1d34,11039407,11.039407
0x668c807f4b66f38da34429448850de63f350760d,11037962,11.037962
0x2cc727c71962c407142f338d4aa6fa7e9aeb54b1,11035204,11.035204
0xad8554fcc00763d9c654c8eeb4f841b4c3f15283,11034803,11.034803
0xb4fe3175e95c862837e72befe95cb09599ec8a22,11034803,11.034803
0x528561197fcfa03afa92318cb60141498af07521,11034661,11.034661
0x5eb25b546599083a6c489cbeda818fb9dc3de4af,11025659,11.025659
0x59b50e32a967fe6f8df435b11794cbf56da609b2,11025659,11.025659
0x4a7db7b42e26dc80a7091f72e2389b6cc9deb60d,11025659,11.025659
0x7daec7872ad4bbeeb2a15fc618413067242491a6,11019092,11.019092
0xddc7f3d740b0027556497daf63a500706edbff0e,11018551,11.018551
0x8bebcc254dca2f70bd6279a048f8f62b89cdcdfb,11017888,11.017888
0x39f158df476085111fc212069ae6ded8f04f7485,11017888,11.017888
0xbf92620478dd964cac8e0d8d98bf3336727f4982,11017436,11.017436
0x93ce12274bcc1c6996eeb0c87ba3d56168bfa14e,11014238,11.014238
0xa5e3ce928211ff678818bab7510d2cb5ab5e0e7a,11007925,11.007925
0xb1148cc941cd49fa9e0008372f34e7b92cf9f1d0,11007709,11.007709
0xb91d1e3dc6f673330775888508fc9036dde2d5a6,11007128,11.007128
0xd05b9dd5a631b48dfa7bdfff7a3fb700f08aac82,11005306,11.005306
0x6a78a3fd2675039a30f3e5cc1f0abb619fa90a6f,11004654,11.004654
0xd8d27a482aebd26ab8406cffef5e87ee5d3c359a,10998735,10.998735
0x3149e634d632adb3cf9eb12a04178256197c6f87,10994930,10.994930
0xf1c3385b03a135ee96183543e6d09299513cfdc7,10994866,10.994866
0x80b53eb6d63067d4bbfa725b667f813bcde7a6dd,10994581,10.994581
0xe906cd2293cc0c903cc50033b4df876405e5933e,10993822,10.993822
0xeec7a2edbf638f1853de78cb9f808bf62b47caeb,10989272,10.989272
0xea4d2cf1c9babfdd6c5463f473081ff232730685,10987047,10.987047
0x03d0c10f8bdc400ffe6203e281650f1b4a9278e9,10981911,10.981911
0xb7795b89e8934547fb34aae9b4ef7fdcd50252a8,10981603,10.981603
0x71925f079c896f529252903b1bf738099786caa5,10978068,10.978068
0x799f768dfb8f3bbcd24fad9f1c98364b3883e785,10969621,10.969621
0x97c784559293628c8b3a38af7aa3a31d4e252858,10962739,10.962739
0x40b6a6321c52ad83631259a651283e4eaf942023,10962549,10.962549
0xbc4a9888cda0fab8f95f4b77f2d5b52c824bcb2b,10960897,10.960897
0xf16247eaec7517320ca3121619702c119039ede5,10957708,10.957708
0x397b427213abed7874358eb3bdf383bb8701f41f,10957596,10.957596
0xcf65c45e37e8d70e3ed62fb6e8fc14210fccb527,10957040,10.957040
0xe9548de676021a1085a28be7c4e9c8da623f52f8,10957040,10.957040
0xe396638a39e35b3038d59dd6f19a18c02a0b05a9,10956614,10.956614
0x5dc71b955f81e77b9925c818a469425564faea87,10951445,10.951445
0xea68d4a387bc3bc4ace8acccfea8182b2d02b5b8,10950573,10.950573
0x758d8661806a9c49206057b4e3932b6809038269,10950444,10.950444
0xdace834f865aa9dec56756567e59437557ecaf2a,10946292,10.946292
0xc4cb12bded3a3143b987909a6499ba3167b1ab84,10941995,10.941995
0x89c5b46113d8c7a3e70099714c37f76bb3ec38ed,10941861,10.941861
0x9d5440a4a6dd3fa035852c9a32471a8d12b43a29,10939923,10.939923
0x41c87d44040da48bdd31f23bf136d1fbec3cdc2f,10936414,10.936414
0xa84f397d51f1e654f8c5f6b0804f389c4c4d5ced,10936414,10.936414
0x25c8e87911745ee76a4880bec96947e588403ed7,10936414,10.936414
0xc029502214f9780090c454bba31e6bbe448984eb,10936414,10.936414
0xc765a5adb2bd0deaf5472c3536adee2a1e2fac1a,10936414,10.936414
0x356eed8a58e93020f33cad98d73e75cf32cc7097,10936414,10.936414
0x5c4ae44a5df7fdd61f551b8abd813b020ebe5716,10936414,10.936414
0x7fa936db5a30d5e5b63f71d62c6e68d5eb2967ba,10936414,10.936414
0xa3d7d203b0e567efa409e9e8ebdaf234fca64205,10936414,10.936414
0x6cbb4750a3cf42f7c36544ae7538969bda03b080,10936414,10.936414
0x892b1db32ebfb4feda5ac74ca46ee144cb418897,10936414,10.936414
0xb7d66723ab26067aa04a69d79907006e9d758198,10936414,10.936414
0x3c8538a97a48530ba2126ce90449809701498fcb,10936414,10.936414
0xc2e49b93a2bb8b7db1d095f8ccdf3eb79ab53679,10936414,10.936414
0x49248af5267fae1d15c95e690d212aa461f861f3,10936414,10.936414
0xe9f5e91ef20fd4174c8b010c3fe0662e96e7acdc,10936414,10.936414
0xd0b26e6a3b96f1fdfe4091bb1b8d317c6a16024c,10936414,10.936414
0xce097232043ad547d8f7b0f9fa49c6b56bc0783d,10936414,10.936414
0x97a33c4c04c5fac124ee815565f5e5bd2a030e6d,10931170,10.931170
0xb35d18baddf8912db885c2e95246abdf6d2a6e4d,10930980,10.930980
0xa4f0006824a877d4b31dbb797bae53af4cc7eddb,10926245,10.926245
0xf977bf5f5ccb1bfd868bd95d563294494f0d5d89,10925894,10.925894
0x469acec44f6f7e27c856c75d9d39ae6e3fde3e3d,10920656,10.920656
0x064929b9e0de0e81ea451f37549691c673d65390,10920253,10.920253
0x56ec762cc070a8b897b9f865f70b2a6881c5867e,10920253,10.920253
0xe8729c006e791d13538d7b3f9a1b05628c951a13,10920253,10.920253
0x973d6b30fcb1fea724a2cdf0a4a873be236acc13,10918748,10.918748
0x1831570e2145ce1048eb566edb9612ec867aa736,10916434,10.916434
0xe0ec274a64cb2f55453e81c9367bbba3c178ff09,10912933,10.912933
0x9586a5851538190218ca31614a46b1728de8394f,10911635,10.911635
0x9e77c738debee50f12cbb692043c752573f9ce55,10903299,10.903299
0x76c743184ed8f8b07762f1af98b1edad953cde6c,10902555,10.902555
0x459d533b422d65510c31b7bb849113c20c8524ed,10902555,10.902555
0xa3db5b5bbb7ce2aa96275837bca893c89aac569c,10902555,10.902555
0x17d098ed9421d6a365b1094ffd60e9664e0ee033,10900348,10.900348
0xeb1ac3f3ac0f9160dba9cdc5089eb981d679bba9,10900156,10.900156
0xe1d1c5f48f708aa038aa6a9976308cd1d19d951a,10898137,10.898137
0x4f143af94a02a1a8c694ba7066e67931e16751f0,10896008,10.896008
0xc2983c7d140a04b0fe017207177e19391e7fda7c,10893641,10.893641
0xdb2f9096ba692748d529a0fbf0b0f5dccb4c4002,10884354,10.884354
0x797e5a59fddd4b0f818833d78d0ce6224bd37121,10884345,10.884345
0x61f36b9c64f0ec015f2963299cdc76d46d83d2d8,10875499,10.875499
0x5bfa11c5688e404038d4d0446d364a15e2e1a03e,10874672,10.874672
0xf57edc0bca85e6f1dde4c07cb1c44d0709506f4b,10873788,10.873788
0xa726cc7fb443eb15ee8c512281887723b24a9073,10873657,10.873657
0x5e1c93534875286b5c2e44b95bea136b926a4e08,10872459,10.872459
0x3ac2a90f1a3701b495a91770a2cdef8094dcb52d,10863542,10.863542
0xe6ef67eb362220c08bb2b8ea6e227c2c776115b5,10862210,10.862210
0x860ec0e0ca68c05ca82f6b019920e4b12ed4648d,10861498,10.861498
0xdca80b92538927149747c531e2e8e6feab85790b,10861452,10.861452
0x37130086691ae900e7ba22936937c31c8164788f,10861033,10.861033
0xb43ada0a0c0e6a0265dff6d77f29134ab4b43212,10860119,10.860119
0xcdd8201a84c2339ef1055decdb687896cdc07de2,10852681,10.852681
0x6cc62fca85f7f8ef73fe4b1f51609275414ab73f,10852681,10.852681
0x4de5025afa40a7b13ef23b6e3a6bb99b8b580159,10852373,10.852373
0x320bfe5fa258b31437cd311fbe090a18fe688235,10852373,10.852373
0x3e1075ce6a9d2278427ee1ee76e7b82447913c98,10852373,10.852373
0x1138fae17b9a710d9ced12d64b51f0a9517b891d,10852373,10.852373
0x474dd6a4f6a8e80aaf461178483b341e49c34603,10852373,10.852373
0xa20d2b33b80e87f9d80526ecf5b3303865d2653f,10852373,10.852373
0xc3500ca509817553532d3992e414077fbc9a784d,10851874,10.851874
0x59960288bf674574a3f5f29a822aee46f58ee03b,10851874,10.851874
0xac6a59620298c4981d2501c6e2bd733edc98ba87,10850354,10.850354
0x2c45852de583533762df4d56c51cfe2e535ef765,10849654,10.849654
0xed813f0b9749d998322251c0cedbb31ee51f3b76,10848932,10.848932
0xef4d5dcee5f2fbf24575abe74fd37c029ba7df79,10847000,10.847000
0x71ddf9acf07d4b10d6e6318a913f2f9ea4a0353e,10844821,10.844821
0xac8cae68ad9c6db0539480fb1080678d352f0839,10844103,10.844103
0x2b446d3fc3d16c3fcc11abbbb8d431f7cab4689d,10843147,10.843147
0x8913241caae33be2e1aa12ec99b9bccbcce0a67e,10842479,10.842479
0xb4ae4070a56624a7c99b438664853d0f454be116,10842479,10.842479
0x721d300dd8f15d5e872ca06261ec76f18a84cf6d,10842479,10.842479
0x73c09cf891997a97608803661660df65bf8c962e,10842479,10.842479
0x6268a469e379e8ff1f44a5a71a1dc0ee2a1ac480,10842479,10.842479
0x4765fcd87025490bc8f650565474a7bd6a2179a3,10842479,10.842479
0xf729c0543cb551ba8b55b56abed0b3d26c727931,10842479,10.842479
0xce2197e72c1922c090a505b6764969a9037fe4b2,10842471,10.842471
0xd81bd5ca852f1caf838795fa0669eb761bfeba71,10842152,10.842152
0x8fd5a74f11c6d415dedef022fbc9148cebf03778,10841726,10.841726
0x75f3789ac06ca313c4f89bde98d98d94e756437e,10839056,10.839056
0x5db0bfe70b6d9e32213fc05c1fc22bd58bb005bd,10838289,10.838289
0xd235946959b9099b826596070f3efa0638e4b994,10838220,10.838220
0x54ec0f31378c8fef5abd9ff0be137f5a1fe765ae,10837644,10.837644
0xf5a5f9b3e2b0b581cd3a8856d8ea6eb5a969ff13,10831943,10.831943
0xb0750a5424f5a5b29f3646a854ea05badc7289f1,10830234,10.830234
0x609ec0675f67cbbab7a3f32c6a4d14401c711227,10830234,10.830234
0xdb2c80fac4e3e5b08493f440c58584ac813b147f,10830234,10.830234
0x53534c93b4d7b1c2d3dfa600dc2c6b687bf1a246,10830234,10.830234
0xb5679b9c560258f0be5afeaaddcdbbb7468de9fa,10829259,10.829259
0xd54c7a903779bfaff1711799499f17b71adfdfed,10827843,10.827843
0xe76d0d3c7af5fa2c0806f221cba88d7e044178aa,10827252,10.827252
0x4599d8e390252b1202962842ccdf707a28302086,10815671,10.815671
0x0f159802697b6b0c907dba1528aac17d9695309a,10815649,10.815649
0xb6ced8e0dade4f1e760b15c24eb75f5839fe76d8,10815649,10.815649
0x94536a7cffccb94f67aa8e4b25434d535defcdcd,10815649,10.815649
0xcb21dd698c266b73ee772cf78f0f74c191a14e0d,10815266,10.815266
0x28f5691b0199e84130f6ccb89f95f00cdf5d8b81,10814022,10.814022
0x6ef1a0041a316aef724a26e6c2bdd3ab71476932,10811535,10.811535
0xd674f529d2b994e84b53cec579a21a45f533874e,10810397,10.810397
0x4802ec64389118badac6151ac40d5443d0933ac4,10805760,10.805760
0xdb42e7ba13faca75434b7986726b6e426cfe8d11,10805346,10.805346
0xc2402ddb90e98a4e2fe8f485ec1e6c5b85aeb41d,10804301,10.804301
0x546911aa23511b9b023d4cfa2d97b82f4d423a71,10801590,10.801590
0x211f6a84aee392253d76407a4c59d0631ababe69,10796903,10.796903
0xfa680cd697e245868c352ae29a805e35b45592da,10794990,10.794990
0x22154ec3f542483b2c35d67cb5e75a905338c259,10791201,10.791201
0x46e95c7dbb46d6be7a5a86a35e0fdb2cf0d723f7,10788063,10.788063
0xe3236293fd7fa5fb79804df9476783786445a532,10787207,10.787207
0x13417330573374c60f56f4573e4f5a0fa5911614,10780831,10.780831
0x2c564983feef9db06602b00f13e2df329a7c97cd,10779440,10.779440
0x9dd2fff980a96934ca022f4fca2b6c2652bbbc4d,10779440,10.779440
0xed8381e8dc31869c293aebc334aff715a36eff66,10778943,10.778943
0x922468dc4909c20c86bac1d5cb174202db46e9a1,10778886,10.778886
0xd933ba95a1a3743ad926922ce6447a20924eab70,10778870,10.778870
0x8f29ac7bd8b1e522e9c6e834c57cd6f713a5204b,10763726,10.763726
0x20707bac45d246d282ab17c0baf95807345b7bdf,10761606,10.761606
0x36d870b095ec9cf514b6fed482cc45da5eb26730,10761424,10.761424
0x25950f980176941e146b8a4bf8cdf48b26314634,10756612,10.756612
0x549afa8eee6c933afb505bcfc3c5b3f4e72ea747,10754795,10.754795
0xc986b91033eb384f22da407de8e42e253a238266,10750621,10.750621
0x81398dd7fe6edf6791cd510f069954fb99fa339d,10748985,10.748985
0x9150d0a199882057c5b36fe9d09e9e845f14bc25,10748799,10.748799
0x7567896723a7484adb4f070cc9a05df688ccd6e8,10748411,10.748411
0xf088b87389291323ae6f802d288fb2779aa33c0c,10748328,10.748328
0xfffc372c52c95cf326afc2a5d3d19b568b0ecd16,10748328,10.748328
0xb882f7f56db63a579eb3bc19cdee6fea879d21a2,10747248,10.747248
0x09b12297ec38b028194e000ad16861968a39d2a6,10744183,10.744183
0xb8fa79d339b8dba0b2809b1a2e41887ed5806f9b,10744183,10.744183
0x50acf775c4a72206a658be9201bd1fc2a6560e07,10744183,10.744183
0x5f797ca3118cc8e3383b9425c7837ddb81a80ccc,10742510,10.742510
0x799b52584dfd2b60da090a543e4b06cd1da1c040,10742510,10.742510
0x3d6695b5b51393af61b73ae8a78808c069c00027,10735124,10.735124
0x3e9753e035dac9005e8589e12cb21aec2a4780f8,10735124,10.735124
0x783de2b232b6211c641ea88510279215e737803a,10735124,10.735124
0xc4b54b124e5ce1f71df681d5610669ddebf50db6,10735124,10.735124
0x96642f0b0f0ca076dc86b702a5142736cbf0ebb8,10735124,10.735124
0x2c57604088214c8a81bea4c706f483418c572934,10735124,10.735124
0x3872b9eb272ec11560be80d783db29f4e8a7e59c,10735124,10.735124
0x619a89f688ba642a39a4b48875ca8621caff9c8c,10735124,10.735124
0xb1e03d53f6be30c7154fdf5f125e7d713ecf722a,10735124,10.735124
0x04319ba51d055507c89ca0eeb726c66ef626859d,10735124,10.735124
0xe5eeedd08ebb2bed20446a347c440e24f66f12d4,10735124,10.735124
0xe78483c03249c1d5bb9687f3a95597f0c6360b84,10735124,10.735124
0xf7078a071a3894d2f9258915337c57edc89ca448,10735124,10.735124
0xc80a3538ed55d9a4513c1adab03388278eb278ed,10735124,10.735124
0xf2f1f5701ba09e1cb2259a657389261bc5b4f10a,10735124,10.735124
0xa5a30ad9a9a05ac8e3ba920dadd3f05820d50a36,10733618,10.733618
0x93e7a5f3764c43ceaf631dcb95ce1ac33e90fa02,10730593,10.730593
0x8151e4cc8ad14c6669d7651b1faca46b04cad490,10730251,10.730251
0x51a3ae53b422b6bf23393fa4c73081bd25d7f591,10730206,10.730206
0x75a044fe7503bf6f92c6b05cb22c0e71a44d437d,10729523,10.729523
0x55d82b654b71bd2dd2ff8975361379922f0e9b68,10724058,10.724058
0x977111160f89b83f43ad0ec11ac65f69810697e2,10724058,10.724058
0x0c798b5c389b68f011f4cf61984b8aa328ef9a16,10724058,10.724058
0xca8bdcde4c51940a72308873a7599dd2eb687851,10724058,10.724058
0x73c94caab7c045fb7dc2ee544cbc7ac1c016f269,10724058,10.724058
0x9717a237b18cad1917317a3487618f7332c5c4e4,10724058,10.724058
0xc818a54f7fa449f45c8e171ed5a5055dfd9dfdde,10724058,10.724058
0x12ed89f064a9d1b2a552d0ae6e039fd7007692ba,10724058,10.724058
0xfdaed79ab8411f6317f678783a473cbc6972821a,10724058,10.724058
0x98fe2c3141c25ca825fee503420d3fabab0272bd,10724058,10.724058
0xaef0e70b22820aa1226fad6d28e28f626f232dd1,10723783,10.723783
0x9b350f55826e71a00ca8ceb81752d3b006ff7aef,10720181,10.720181
0x45b479fc45ca9f63598f93b0826daa1e6218672e,10719811,10.719811
0xa5b46776692c9b867648e52b1c707c95993a438c,10717984,10.717984
0xc22e8b04b2b7720a73240d9387c5b529f874138d,10716171,10.716171
0xcfc5271971262a247efe5a3ed324c32d2c64caf7,10716171,10.716171
0x701c13627ff63bcaab21da818685d636338cdf6a,10714625,10.714625
0x8ddc004131bf9aa59dd14289d33495552bf02b28,10714317,10.714317
0xfdd92676aba20c33afb33a355c0126c1b6c2db9e,10713435,10.713435
0x8ab287f3b462c44961bd5228a11e7d1a32b532bb,10711239,10.711239
0x760fac980ff0163730e225ba712cf9b987e23620,10710641,10.710641
0xc2a08ff99df2dd45ca5cf5bc6636954f33294830,10710641,10.710641
0xc4ef9195428cdf0130544a738e861107b4e1520b,10710641,10.710641
0xfaf4b5991858246f13bfbf20af7ce9d22a48d5db,10710641,10.710641
0xf4eb8f9e6cc30454745a22fdb6c04b048d305d1c,10710641,10.710641
0xf7d4b6734385fc89ed0209de38988e3156ab0ea4,10709909,10.709909
0x05d400c20b4e2f5142fdfda8129f1d926729a216,10708128,10.708128
0x3fc1ff9fdb1a893b53870c993de55fee97bf4ddb,10705945,10.705945
0x354c3489d1da6a15993208aed0fc38a0d3d1d1b1,10704706,10.704706
0xd272a82973df9f1db254e6c85995227a6d3d065a,10701046,10.701046
0x4d877172ae64fb0816f7a26ba570847cb2495c2f,10697874,10.697874
0xba85e7b5fc623014ccd394bbca960b1d8455faee,10697448,10.697448
0xa3e0c90b1840a244429a51f600ba61b1fc5668c9,10697000,10.697000
0x388e6f3e449e9b731dcf29c69179dd3cb552d257,10695761,10.695761
0xac8e9cbcd6120f2a09eaa3a73d7e140995337346,10694883,10.694883
0xbd96475b02450a2ab70cfb3cee3ff242e969a516,10694883,10.694883
0x128fbcbea19d753231d9f037a19b13a7e5af2ec9,10694883,10.694883
0x2520dfa2a6b4ac42db6a94eac5dd0e6076d64ac4,10694622,10.694622
0x26d338151193267498b113d9bd77c29b3836ee01,10693845,10.693845
0x3eb8f88422dfd2aecd1969e24443281cda239acd,10693093,10.693093
0x2d0a614e63ee7482de59ccc136eb4bc83704ff67,10686568,10.686568
0xd129ed2bcaa973f2ef57652d9936695e48154fb3,10680634,10.680634
0xd6bf9d9079139dbb3a4fdb84b07efc75ea77838f,10679810,10.679810
0xf1a822557048f80624a7f77f0a15acd141c89a10,10679641,10.679641
0xf1ea4eaea0f6b0a12a4795b5e857ecda6dae21c6,10679623,10.679623
0xac5fcbed890eeeaabe00f1aa5a79e6ab252cc278,10677590,10.677590
0xdb668b5c11cbf68c51c499058577132b9859e1f9,10677590,10.677590
0xe2b814b2d31754bb50e04fe97e3d20a9d5a76b9f,10675561,10.675561
0x802cf9d16bab3f73000f1ce58f2c3c1a32c38f66,10675286,10.675286
0xd92896bf2ad8a702c6a5459ea943d24808a131a2,10671167,10.671167
0xb27f9c819bc636fd32c247d0db539270f9a97dad,10670966,10.670966
0xef4d425a44a6cc87869f2ac4350e5de3d0413a88,10667080,10.667080
0x7d5a42efb46742b76d89b9a3248f976bb1e3c705,10658407,10.658407
0xfccac0e0e0790ba9fece73eee205c6db386f5f9b,10656956,10.656956
0x618a758d7579240672eafa888964511ff965c3f4,10656332,10.656332
0x2f8aa2e28e4563c9a69912322cf3b6fb040d873c,10656332,10.656332
0x695073d1086f26ee7cfb68e47b57f5b988461bad,10655270,10.655270
0x31cf35f20126936c7be14a15b3655662fa524d2f,10653866,10.653866
0x55fb70bff92392c8637a92e99c213ddd591fd4a8,10653866,10.653866
0xd719f2a5431857166e96af321dd050b4e43c8df5,10653866,10.653866
0xee601841fc1b7daeae05c23551fd4f51ecc2388e,10653866,10.653866
0x3bf91d59c53c2772fc529abce9515a62f64e6190,10651838,10.651838
0x48d18a882b0be145606a11fce6f8a301256b93fa,10650551,10.650551
0xe1fb5f841798e567c9eb1a12c25c37ddabb1088c,10648826,10.648826
0xeb18c644c019fda5a9bbfee1a1544ad897ca24e4,10648562,10.648562
0x819f5d1e307b92531100cb8e01b003167f5f70fc,10647884,10.647884
0x6d453508fbba06372b01c72bfafd7fa842585d9a,10647098,10.647098
0x541fdc88d228dc50336908d5b2b6c4012098b1b0,10643980,10.643980
0x162afbe91def7b2c312a95e9780387ce86ba7156,10643976,10.643976
0x7f7fb92038405a03808a3f0314c71314eeaae338,10643745,10.643745
0xb506c02f6b5b84e630e21b56347f2ec1a293b29f,10642370,10.642370
0xa7f48ca84a8e90603da074484605deb3b9463d93,10639874,10.639874
0xac69a7cc7872fdb987b73c9e10118c40e042fbe5,10634748,10.634748
0x2a2b5ee4240bd0d7cc6b42248576609196536e3e,10634748,10.634748
0xe54eb99f14d8abeddb78c329c2d9014e0d410110,10634641,10.634641
0xd4fe31e0005cf3be991868d43cb8bb61a6207a50,10633222,10.633222
0x308611007ad69b20ee25bf2a6f3c5f81e94f336e,10628735,10.628735
0x621543ac405c9be40739fe72d26214bcf34f80b6,10625937,10.625937
0x7080320bed0ca0d46585aa8a81ba66880650b720,10623178,10.623178
0x15c93595407279195d50b3cd09c8f3fbde58d730,10621487,10.621487
0x642d6cd563e83a892ce9cef838038021b966bd5d,10617877,10.617877
0x27427924107edfbd7e9cb4eeee2f3d6f6e7f1a92,10617877,10.617877
0x2d875cc734f116dd13c27b24e00890fd499014b5,10617877,10.617877
0xbabd208716f9d3cee5f8eaca4d9ca1b536a0d42f,10617877,10.617877
0x1fdbfe970971ec1e94aaf012e12915cb8cd9fa0b,10617877,10.617877
0x4166205758e79d3b2a169f4c9a301e1813d89668,10617877,10.617877
0x392ecb42588452118c770aeadda6753f1c3bcdef,10617877,10.617877
0xbc2beda5feabcf6d491a6c00497cdec240c47645,10617877,10.617877
0xa6384141b8c3a5c635d6f4aa0b34c379d6a0af97,10617877,10.617877
0x08e219155ca2121e626adc7608e61a0100a8d4fe,10617877,10.617877
0x0a269666362819ccc2801640acdaa696b16d0d5c,10617877,10.617877
0x153e593445adee99423f9624c81c3dae7bb4dd9d,10617877,10.617877
0xc6586614e873fa3dedc365a6f2d98400e9539618,10617877,10.617877
0xf3e0f808fd8e340fa01d27019777db0434a7fa8f,10617877,10.617877
0xffd17fec44c4e755d8e1fb04039e8f01bc16460b,10617877,10.617877
0xe45c6109251e0d2685480a1f9b2084ae5aceecb6,10617877,10.617877
0xf45b05ed16227f5b5fbd8740dafb53599a28e2c4,10617877,10.617877
0xa238645570ffc2088332270d8af561affbfced0f,10617877,10.617877
0x276cc272d68b11e3dacaf5040123a97f6da27888,10614391,10.614391
0x9f33cca5dd6d96f91a0fec8570e9b218409e6209,10612130,10.612130
0x25f190c56741b1fe6a3723bbfd600631585dd61f,10611214,10.611214
0x36d48ebd2dac635f30b3ca76f970346e27519766,10609739,10.609739
0xe7c70a341660c0b90e977a7a52ca016c77a28f24,10609113,10.609113
0xae7249da7851fc8eacb919504a67c2384b0aed41,10608711,10.608711
0x461e90d9ac0cea1688d21498b226ffd68b2054f5,10606778,10.606778
0x241d0009cb902c6694339b8582ee6e364292b476,10605637,10.605637
0x5197259ee4620c018397e197f7411163b078d02c,10605637,10.605637
0xc16035410cb13a87597dff593f389256b9d183fb,10605637,10.605637
0x608972868362504b4820fc26aa60787f45159913,10605637,10.605637
0x998cdf4248b722f5f16719312aefea27b6824228,10605637,10.605637
0xae45f13a721c64adf4b19c50591600a1c6bfd46c,10605637,10.605637
0x3f631bb3f665902a1168f26439774aaf51ffaa99,10605637,10.605637
0x65e8f1ec3a8568d644b149494427f25a56e5b1a7,10605637,10.605637
0x082d6b14d2610f2149aad64eae496c63ea362180,10605637,10.605637
0x0edae1f4808fe6e676a8e9f92ebff75408771479,10605637,10.605637
0x365996695b3b90d156a952e5cc4f9f6e9d7f7720,10605637,10.605637
0x4303fa2c7b719c6b1c70fe80a1a6bb5e5ff831b6,10605637,10.605637
0x90b674227c1cb42c6d5a4fa99c2d310712e4f170,10605637,10.605637
0x9c0f3b6e0eb1657036d3c565578aeebb1d7ebd11,10605637,10.605637
0xa5aa373dc1a32ba84a98b4c6fc1ad6522bbee477,10605637,10.605637
0xb40318d363fbda606a100e679ea31927197ce0d0,10605637,10.605637
0x1d6b0cd7008e23c44f0642cc06fd21c1b68ab158,10605637,10.605637
0x259096fbc5dbc4207faefd6620da37c4ab6a9216,10605637,10.605637
0x607e080c53f38cf73f3b9a2990f268e7b1eea8fe,10605637,10.605637
0xbadb109f9930d292a3efa6f8fc56e2bc359a1833,10605637,10.605637
0x00c66079520d8474fd5317a37a1069c7cc993ac7,10605637,10.605637
0x0304506a22c66cdcd33376e962a5ed6e017ec51f,10605637,10.605637
0x04f7376843281aba18b1258e3835e8cbcba805ef,10605637,10.605637
0x107510bb192f1b6f33dcc5df84cd51120e5f6a72,10605637,10.605637
0x162be42f97b5394be5a42987f6768670a2cee974,10605637,10.605637
0xd43737a52d33f7484fc27619e02a2f8b81fe73fd,10605637,10.605637
0xd8133212c4be39eb42482fa89ff320ada35df77b,10605637,10.605637
0x541351d2e4ac4244de65b13fd02735bc335a6741,10605637,10.605637
0x565c0fcd7dc395ffa8fffdc4a0d4f33ae5ca1ddd,10605637,10.605637
0xd7237074d9c503648b9aabe8b40ce41b87a36f99,10605637,10.605637
0xf12f77dea97b3704ba750799567b034deb19c340,10605637,10.605637
0xf818ef9408eecf34d8f1f2b94fa4e6837149c777,10605637,10.605637
0xd6c945f7f7f59566e268f7974b0cfbafad22fc2a,10605637,10.605637
0xd876c4a9f59e7b30896293dfd42dbf54439e962b,10605637,10.605637
0xd99d7e31ce320530687ef0c3ffdfd532effea79e,10605637,10.605637
0xf20bdf859113f7834aca64549a18809ac57c0ee5,10605637,10.605637
0xf0ef7104b896d8bc9412ec103d66859c8d9d656d,10605637,10.605637
0x672d214fe4db218defae698085a3ccefc773dfa9,10598974,10.598974
0x1e7325e7b65cdff90805f70d8130eaa4104ee37a,10592671,10.592671
0xaa877932fd0adcfcdee35ba676145f6f3447d1de,10591049,10.591049
0x61e2299a65ddbfc54209ce8ab16c713e46f46780,10590932,10.590932
0x3f6e730a21a3797c6c3665f8eecd71317d08a4e5,10589659,10.589659
0xa10d37c1e68b14ad0d60a3a74ed8131221a183fa,10585939,10.585939
0x9934faee46a065f3fa110d9e7f3001850248c4b8,10585254,10.585254
0xb74e0237644d4fcb6f94a36a17bd7dc0d69a8b54,10583278,10.583278
0x0dd60a311ccc9d212c9116fd14ba79abbf72f600,10582165,10.582165
0x799854c1b15ce300eeb1c88d0dd40d33bf9ccc31,10580934,10.580934
0x0a1009be53613ff26700c8769d20727e10d4c31f,10578638,10.578638
0xa17087817e82e361a70ba6ee733a82edf3f921c3,10570641,10.570641
0x3e6e1cabb367b917382b67ca0e9dc7b368b37734,10564361,10.564361
0xd70cf54d6481e5a21e11d0c319f357e05ff4dc2f,10558752,10.558752
0xf5d28d085f13bab59baf2374b3f4208ca444dd47,10558752,10.558752
0x449925488bb6160a7e6597c409c2eecb464cbc00,10554219,10.554219
0x2e8a0498744f9320f3e5b55965cdc2eed47d6362,10553084,10.553084
0x00a2291b319f194d2aca901572ee5389b9e372e2,10549195,10.549195
0x00651b9e2924f1a5b63f6460832ab211e5829190,10546500,10.546500
0xe8d7f9378f5b9cc924b4fdde3505eeb71ac1873e,10546330,10.546330
0x54c810e8021e013a47899ac1e8d3554e588891da,10544465,10.544465
0xb8231d7cea377776d1a26d2e6b969836066b96ed,10544094,10.544094
0x151e21344f7add04707c999a4a4280e15421c3bc,10541069,10.541069
0xfbe6790b2221c6bb41af88f398254b9662c01a38,10540323,10.540323
0x8a6a7fa9f37a1f3c511056f32c6c1e73f64fa5f8,10539715,10.539715
0x55c0d22f11e392a5e1050e45b0c48b11b86abab0,10539628,10.539628
0x74fcb8c6efa4e045a096ae37ef0b6d32747222b1,10539625,10.539625
0xc25b56df4f5218515f57ecb2746ffb84bf543e14,10539564,10.539564
0x8deda45fbfc7e5ac079d4c2aad7b3e8a6ae7e7bb,10539098,10.539098
0x97388bb26766454319c39fc9979e212f430f6137,10537015,10.537015
0x8992438ef443a92e6d60b3bbb1bd8bd2ad9dacff,10535161,10.535161
0x6c33b5b7f17e73591b0c8926abda0a4d76be2dba,10533421,10.533421
0x1f8cc20a2c74d23bcf8787e697d9315caa554836,10532833,10.532833
0x63fa7c11475e4ef636c38246c12833890d72b906,10526020,10.526020
0x2b6bfdba6c70407488548f2793b005a80dea424e,10524024,10.524024
0x328bf73414eaf967daf8726491375f803eb1dcb9,10523524,10.523524
0x2184f80e9dfdd832f7cfaf3cb01817a8bf6d8056,10521468,10.521468
0x9497243478392b1f7f508874f606379f989c6eea,10520972,10.520972
0x526da4c00feb603628e79418aee14a38fedc13b6,10513356,10.513356
0xc0deb8b5d4b657b216a7b7df0a02d39c4dee0b97,10509550,10.509550
0x724c96a41f533ad9e0b2bd971016e994b7d51837,10508088,10.508088
0x6bb3b767feaa831e600ac884fa89e264de543c1e,10506865,10.506865
0xaaa7eef77a5173ce4b8a22a4738e6674c9f72959,10506392,10.506392
0x05ac3d28434804ec02ed9472490fc42d7e9e646d,10505929,10.505929
0x73064f6c1c5dad8d917782aec16ab564feb3c011,10504896,10.504896
0xa4f11d739c1877dda21a925ddea3988acc80497c,10504670,10.504670
0x67198c7843f6c77f5d640ad2f0f0e45acf1c83ba,10502779,10.502779
0x904cb19482cdc19c86e09b5f16a15b5d1223e7b2,10500756,10.500756
0x07bb930ad6de15c7929cd109fadaa2fd8ae3306e,10500630,10.500630
0x833c790de74a1795f0cf967a306789bec5e40c5e,10500630,10.500630
0x1900c042ce71f8384e19b207b6cd155dd069e3ec,10500630,10.500630
0xc04a3df04fe48c261a233e46110b0fdadab1733e,10500630,10.500630
0x90eb8081c94b56a8278d016252793fd82c0059e7,10500630,10.500630
0xac143e6f4211a4b56404fa4ca9319d5ab7134494,10500630,10.500630
0x4e7f666cd88254377a2b3b87d301a38ca440da9f,10500630,10.500630
0x9394c5dda633928e9b9846b729e6520f2a1eef6e,10500630,10.500630
0x94a63d27a504b51061c0df2304b0247bb67dbce4,10500630,10.500630
0xa5336271854c8984673a0406c799556def953890,10500630,10.500630
0x0ba6ec279e887fcbf49ece4ceb2a64190f113922,10500630,10.500630
0x69ca9b374a56bc9663c8014441709454e58537bd,10500630,10.500630
0x8db903c0753dde0e7dfffa8310357a741b3ebeef,10500630,10.500630
0x84d462c7cb95ef9125212f1459d49eba553d3e2f,10500630,10.500630
0x57dc256c0b33da99b5d2970af3b7fa2eb9f6a939,10500630,10.500630
0x0002fd0f1d0708fdf065d3625b2ee83d210d58d9,10500630,10.500630
0xa395a37cc73ce936cd1c84d7ad31c699bfd59475,10500630,10.500630
0xf22a2875242e3dec01db6cdccb9683d9d784df70,10500630,10.500630
0x9c1cdce0096d37506bc32c6cbab5dc2590932110,10500630,10.500630
0xf7469b4c0f3f0d4235ea02f7e6e90e00c340d699,10500630,10.500630
0x4ff4722fecca8cc41d72c5515b438b28f8bfe144,10500630,10.500630
0xa45a7d49d7a1c55eace9bd809f846d783af355e1,10500630,10.500630
0xf06e02ab0e7c152f236c3bec35f347cd55407a8e,10500630,10.500630
0x512f63d08c9998f55740a3536976b8e809dc2f0c,10500630,10.500630
0x236884bb674067c96fcbcc5dff728141e05be99d,10496802,10.496802
0xf1d0e6348d64d287288b5518911a816e3361cb1f,10495600,10.495600
0x61d9e931a72c9fb3eb9731dcc5a30f1f6c3ab63f,10494495,10.494495
0xdd4a19dc351ba42421db282196af38b433aa86ba,10493868,10.493868
0x3fd01a918c69eca8295052fd1dd744a21ff0ed98,10490295,10.490295
0x1b16386345b1f69b2de3d030bba496312acde72b,10489675,10.489675
0x9c12e2863b83f0dcd65950e29e49e92e0eaa0666,10487214,10.487214
0x376240be4abe4794dd663b2113bd40e8077c552a,10487214,10.487214
0x7ffaca531c4885f407b038579e47a71f265cb653,10487214,10.487214
0x70710b4f6c4548312c3851ab2d772cea045af689,10487214,10.487214
0x896fa945c5533631f8dafe7483fea6859537cfd0,10487214,10.487214
0xc52e8661f6fda24585d3b9a9f55b58d5d182c90e,10484622,10.484622
0xcca0fac864d4a2d456b198c85cdbdab1852e63f8,10484347,10.484347
0x80f4a80123a0b9e1f8303095bd50225638e6b13c,10484326,10.484326
0x288b495abd83656ba6eef2d689d7a085a5a9fdc2,10481495,10.481495
0x05596ac671fd6cfae4e41b5ae1a11ccd09aef57a,10479904,10.479904
0x64019c64d22535115fb308f6f367958bfa0d146b,10479591,10.479591
0xda639fbb9edba66a84e20d1f431a5b32ddd4e40b,10478103,10.478103
0x1edd697b393d30cacef5b79fc2803f7c958c4af7,10477723,10.477723
0x5c535d00fd648410204b952871c6dde6757d7029,10471210,10.471210
0xfa98250e1e69bf0fd2f87767ca83d57ee5555edd,10465071,10.465071
0x546eac361ccf4d65c54195c2f1546c923590ec02,10455652,10.455652
0x0d126fefee250b115d6e9e5b9aaab05552b4ab5b,10455426,10.455426
0x7d8e4b2b6a436f55c67a3001c1a9a6a219f3e1d3,10454740,10.454740
0x2c6384b1fb862ac01d4c752f9b6ec569d93e63c5,10450446,10.450446
0xe169d90fc46d92097f88da43712d8362ab84601a,10446072,10.446072
0xd9ef71fbabdceae9567e2b4dae94426bdc6cdc8e,10444477,10.444477
0x61191181740d0cc4db9fa10a72b53fe4785d0e94,10442558,10.442558
0x83cfde7a14fc0d8bbddfcaaf3993a90a35d1dbc8,10440466,10.440466
0xaac641acb13be15e5acf77d788fc36a318133907,10438190,10.438190
0x2b9338f90182dab6d485dc2ff2e185407f17b442,10435298,10.435298
0x94e4e07074d1cd970723c7a66e7688c32dfdefa7,10435046,10.435046
0xc6351d7ed451ff440407a175857b63fa86478c3a,10433054,10.433054
0x033d5da61b78ec0a7d3d5fcf4a9987097ceb1597,10433054,10.433054
0xe78278c042158d37e05acf2abf567cf3184abcd1,10429130,10.429130
0x92e9b91aa2171694d740e7066f787739ca1af9de,10426225,10.426225
0x1db76b67b0adb88789172fefb3ed73dcc7b55802,10423691,10.423691
0x943a4cb9e81a1c0b34c7b8bdad7e660f5c035f56,10420679,10.420679
0xcaf97e3084263d4baf9850d79fb30faf9742e51b,10418126,10.418126
0xa9c512135da880b83e1531ead0e125e110c519bc,10412900,10.412900
0xba25a2349004668dc954bee8080850474e5d253c,10411683,10.411683
0x258db3547b4370b1eaa69f0490b35ea7be4dfd2d,10407047,10.407047
0x5e1cdbe3bacc2034a8c29ea2945130930cbc187c,10405557,10.405557
0x7e0c50f343dffdc944b09f3e95851dfa498dc69f,10398991,10.398991
0x59a08982755123fe9a9c2a23bce42d86df3d52da,10396647,10.396647
0x785215cb3e527830b1a10584728deeb586965008,10396158,10.396158
0x9aee57ed8056d24ffc6f283e3e86439763cc6d75,10393923,10.393923
0xe2fbbcc7106d69fd9281d3a1479a1d0f3277fb80,10393032,10.393032
0x24dad5d22402ff7f8f47b55c2647e34c3e016e84,10389097,10.389097
0x9f45fa7845889a3076788e4849b0f5173cc6a76f,10387553,10.387553
0xfd30dd81bc86c31303b8d4323db22465f2fa9dec,10386959,10.386959
0x3ce37908e371d5ad52d5098ee8dd3b312242b1dd,10383381,10.383381
0x3c279dee073614bc7e2407c2a3a0c3aa46f8055c,10383381,10.383381
0x09c0d113efe94d5b58f6edbca5f41b270cbe8183,10383381,10.383381
0x354af718783c01a2592b1d479575a8fa14521cd9,10383381,10.383381
0xcab4af915606304fabd7adee53acf501b1fe6372,10383381,10.383381
0x461e02f4cb125dbf92329a978ab0f1096bbef270,10383381,10.383381
0xc64bd5763db00fe121bafd9372f9b3632ab1bb77,10383381,10.383381
0x158deb9f418f6800c57808ebcb5506517361eefc,10383381,10.383381
0xedd341d101defe7dd4f612b5e660f53e54ddeb26,10383381,10.383381
0x4e2d24af7086810dacb44134489f53b00637df34,10372506,10.372506
0x4d0abff7aea667cc7a44a9fabdbb803eb547a8be,10372166,10.372166
0x90bd5b3e0eb7cc8d92dba8eee3c855c374b2d990,10372117,10.372117
0x55066e9a47a4d37ce8ec17478f3a0629a190b86b,10370325,10.370325
0x7af58d06d8b9ac236cd822bf7c7a6ee83cce3125,10368798,10.368798
0xb47d5c9f842174713bbdf6356c38698351c42435,10368798,10.368798
0x732052b8d446acdb4e43282ec39c1a385c811b02,10368798,10.368798
0xe070b377dd088bd32393c7fcb80f7661276b96cc,10368798,10.368798
0x55ba2c493c45b7b81955e89cd09a5f15fc5fe4e3,10368462,10.368462
0x68117b5dffef0b38f11bb1635eff58976f0c4f00,10367767,10.367767
0xfb92e7e15b289339009008fb3519db1d6906054b,10365968,10.365968
0x0d4aea0f52513c5f18299b0721cdb31565cb673f,10365646,10.365646
0x2c97bb6058e7a7f61768464aae86470d9ba57421,10363038,10.363038
0x71874d067376ad5c6ec4a5d29455c1670380b676,10356482,10.356482
0x67e99aeb88e9917bda210d1a78d7b80ff9171906,10356156,10.356156
0xd33f1a6ceb0776ae91fa36f51728d1cff8d5c585,10351863,10.351863
0x06aa5e77cf3bec21129ddbf29b531ed742a4109c,10349598,10.349598
0x0d29e760c1237446e45e801e483c3103e9dc276a,10349595,10.349595
0x5d6b103b8645b15ca770958c405662f204d89157,10344555,10.344555
0x281e6045a66a005658b842a29b5941f9c24a4702,10344545,10.344545
0x0fa7d8f0e7e458bbb78aa2a2c6c3627433076724,10342112,10.342112
0x5d85c3d1078b6328daefe0887f1f9813a630af56,10339298,10.339298
0x515f67f805a4aaafd03313ff9c78079d6d1a7b41,10334982,10.334982
0x9a08f736b592cc43ba5edb0f68ea30a44c29e913,10334982,10.334982
0x78387e1efd244fc9ac45ddf65361dbbe00686c1e,10333273,10.333273
0x713c9aa2bdc82febc3b7f0e07f8a19a99bf6e047,10330718,10.330718
0x30224981a4b5a6e2938d0a62900f77f90a2a0c24,10317505,10.317505
0x52101c09296e8486ccdbb7fc2d5b25b204258cce,10317505,10.317505
0x35eb542bb20283e516ea40e9aecd33aec585d16f,10317505,10.317505
0xb52e3ce9dce603a7042a66d12faad2d80f1f4b98,10317505,10.317505
0x72e571471dd4b13ea1dcd86ac7a84dfcd37fe4ef,10317505,10.317505
0xdfaa1bb6c74a5b22600b3ec4e324e2ba881df18b,10317505,10.317505
0x710dc8c61b177687f1e3c085f694896cdc438209,10316651,10.316651
0x9ffeaa0c610c4339556bf88d748f989fe316c943,10314756,10.314756
0xac10b151946a7dcf78fd018dce952f224df9be57,10314078,10.314078
0x48cfa51a92eb699608dffad89ce9a389b7c23612,10309761,10.309761
0xe5c80a7963c0d8f4ab9c0bb8d854e47594cf9394,10306541,10.306541
0x904090e9f5725570d5b4921a3fa94bdd4656b007,10294477,10.294477
0x65f7e3ea4c1507f50467b7334e6d8f7547bb41d3,10285124,10.285124
0x5ab2d1f5069dd2f9aeec3b0a8e923b1cdbe7fc44,10281628,10.281628
0xf0e38e01821a873aa7b759f309f199f1ce9eb7a5,10272336,10.272336
0x61975197c00ea675d8d187d3686e9774723abb01,10270493,10.270493
0xb02ea65bd974712475036182cd9ee49b09879c2c,10267722,10.267722
0x0a9bea4932157805352c51bb2fd43ab51072d26f,10266263,10.266263
0x3ffc8b9721f96776bef8468f48f65e0ca573fcf2,10266134,10.266134
0x4958cde93218e9bbeaa922cd9f8b3feec1342772,10266134,10.266134
0x93b993c386dbd1665bce76b13bb7ad9a45d6e214,10265896,10.265896
0x380f0f474a0eac825c34279d1d90658742b9e061,10263977,10.263977
0x85eada0d605d905262687ad74314bc95837db4f9,10259537,10.259537
0xa852c020a4602436d11e1c805600fac3bfeafa61,10257173,10.257173
0x92a6f01b1f429c952f4c75471dd1928add4481c8,10256705,10.256705
0x93f01e68205f60408aaa31bc88eb2504de35f481,10253554,10.253554
0x8302b36ae3119db65b1fa1224255975dc933635f,10252741,10.252741
0xa2493e9bb7159bc3a84546db0bc3893edb6d30aa,10251914,10.251914
0x6f09f198435daa517a881866355c42bfd667956c,10250375,10.250375
0x021e75a7fafb94e7522ceba39a8ecc7685910e01,10250375,10.250375
0xf974984e37c99d49fabdcf6fe493320545884ce4,10250375,10.250375
0xa14f0c4ed666194de6a55f8ec4137d8a4a4d84d8,10245865,10.245865
0x1063e1921f0e8037485ed066c3bd6ded89e49d98,10242305,10.242305
0x83c8e5265e9d672a3ac4795bc598bc829d5f7761,10242305,10.242305
0x1ebec52d4ab5b37f1fef3a58b31d96177e372d4d,10239474,10.239474
0xf1b9055635853b2e1c0b788da796e14ff41dcd9c,10234326,10.234326
0xa4ad7c6388af477d1a01393744194c0065943cba,10232681,10.232681
0xc907e9a07e7893d5270a45da4413355e7f8ed8e8,10230685,10.230685
0x4eeec3b70fc784fa06e7e458fa11cd23243a0d5b,10224712,10.224712
0x696fcb5f6ec2f3c34fb75fd6d2ae85a6e3ad8b33,10210802,10.210802
0x72d7dfcc691b95abc3853d86d3a0d1cb63da5427,10210107,10.210107
0xcab9b9790a9ba07cb33aaf69d886a0179da93711,10209777,10.209777
0xf4bfd91f8455550387993d85db37b6bc007e39e9,10208900,10.208900
0xdcf9be598bebb59cacaacf93bd919b812089c825,10204409,10.204409
0xfbc32732219eea44203755f885c7770d7122aa36,10202815,10.202815
0xa208f9b47c68ffe5c7b08354dcd22624b0511776,10202142,10.202142
0x0b6330e36bfd6ed6799ac0e5d974034a69c48747,10200737,10.200737
0xb90f9a9293bc8f2d77fa4062043181db03da8d3e,10189017,10.189017
0x0c581aa72e35f786a957d3abb0d1ee10a80e2b92,10188200,10.188200
0xa8b67f072726f0f46f72b5eb15a6e74b3db1f743,10185450,10.185450
0x51e37c7ff88dab4334e2e5f2a48706804bc0f7f3,10180820,10.180820
0xae5882d452dd1b714b0b32b37de2e5506d9e5aa0,10178550,10.178550
0xfafae2220433cddba9f0425ccc64a812ab0725f6,10177884,10.177884
0x3830f1290da3fdb91a337a1458aa34f60c49ffcc,10177003,10.177003
0xb34fa81a050e7bd7e93acc50a30e3381d9814c54,10173796,10.173796
0x35a5cd1f50fec2d6ddf57bd58c6790c995be5b9e,10173050,10.173050
0x3c75fa881cdde06891fc7dccb458219b9e50aca2,10169678,10.169678
0x5548dd5a0eb1fb55927e3e6fb2e86aa901114ffb,10167517,10.167517
0x94365edc741d589320602ce66677b5ddb64d3687,10161958,10.161958
0x95b05f935655c37ada2088c5767e5006f230b068,10160322,10.160322
0x8147348e4a97f7016b148a19e306be09917c37d3,10156415,10.156415
0xc05079e4a384b51df73f2b632d81a92282d4125e,10155779,10.155779
0xeff57cf02a95ba57b0f6cd670cc9441ed588e774,10155604,10.155604
0x8eeceec8367efb3951b50c98ab3a846adf7d8a38,10153298,10.153298
0x9d156bc7c8768294510a4a41883d5a4eb15b15e3,10152457,10.152457
0x7cdc7511548d5a8c12285bedcf6a194dfe3ad81c,10148881,10.148881
0xfd6a653f95fb5bbffc0f8478f5c198376214c6a3,10148881,10.148881
0xded9a28aa6d5178113328150a83e3113d14be6f3,10148881,10.148881
0xc92f819ebc87ee90006a9542f24c58308a6e6140,10145106,10.145106
0xd42d07891df502613b570d55c2c228e42968afeb,10144421,10.144421
0xd3cf6234a5b838a010a41680660456196e3c11ca,10144421,10.144421
0x41c64be299ea774f6854debf243622421109f5d2,10137717,10.137717
0x922ab310730ceed605d016693efcf749a60e430e,10133303,10.133303
0x16c3749292a1c34958850ab715d015aea1edad65,10132957,10.132957
0xed3b3c8797035445416e3306db975a3dcfa67be7,10131197,10.131197
0xe3c54cb0272b8443782b9adf729a7a3410078154,10129947,10.129947
0x158e61a181959844d6ac426a2a50eec065b3a943,10128415,10.128415
0xe63d4f4e8482ccaddfefbac65901abf5ddf998ac,10123218,10.123218
0xbde4e15d7a2295f47ad43f465f085c9cd8cfce36,10116839,10.116839
0x0fb611d93b8bf0364479e71d1fed7c5fd7a316d2,10116016,10.116016
0x11a278eabb4c5477ea6ec787940f7ead4d1afc9d,10107795,10.107795
0x3696e840aadcbb369860a261d7e85f7660113484,10100725,10.100725
0xf997558ae6ab4e5b7df35b6686becf512a50202c,10093157,10.093157
0x920b6d4dc237cd0b308cb971e9e2ab631000d253,10092265,10.092265
0xa1feed8cb2d10de25e5477dbaa7810ccb078cd00,10091054,10.091054
0x5ae8dffc708c2e2e5d38c1c580af9ca0a8bf11e0,10091054,10.091054
0x47b6fd1e5ff785581735128d856d4a8a6035e5a7,10091018,10.091018
0xd150f97f7176785198f7c09418656a30bc35e230,10089965,10.089965
0x9d73df852884e9bb28df4a5ef74a0cfaf002163f,10082932,10.082932
0xb52dc0ed8c3a327c5ed2f148d500f6f37237f3b8,10075073,10.075073
0x2b70891209cc41aa3bb608c3f9c3d64c2d284269,10072680,10.072680
0x8f46425b21dea47610b9fd56524ca246da5ab858,10070501,10.070501
0x2e1f01a9c31453961d01d7908954a39a96c6174d,10066563,10.066563
0x5f53f1180bcff93a74a40180402e5b8be7d18cf0,10065089,10.065089
0xde0e5f7686597407a4c6bcdd23020f0f5337b01c,10064707,10.064707
0x1043bf1288c9c9909c7016265b8ffabbe3bb7b08,10063458,10.063458
0x7002ffaeeb5bde7fdfc7ae75cd520650697b3b26,10060451,10.060451
0x3429f5b624edb0cd5c3cbbaabcabf5cec9b835b6,10057879,10.057879
0x3193de9ad9a89d1d4be70d548b37ba872ccc8e04,10051701,10.051701
0x44e81a961ce23cf6b84e89aa133bbac7f28ae49c,10050185,10.050185
0x18398b19a438ec73845e417298055b1599212039,10048028,10.048028
0x0d9dfc630671f526af6c27825a2d33f26403b032,10048028,10.048028
0xec1b5c01aa0a132cc28652f4201678e3f175494c,10048028,10.048028
0xb6448736bc3e10f25d747f1866fbc5126790f10c,10047605,10.047605
0x16fd3b1e71b797aced12e3c45f10c20c5d0f1bbd,10044816,10.044816
0x6c3f9bb9f9b2d812965d7ccb27ac319179e826f4,10040796,10.040796
0x5c85ffa33d87d72ce1ed835d7404da16d70a990f,10039662,10.039662
0xe5c7b570a67bab37b7bdc86840bb2e63dac793d3,10039662,10.039662
0xdc5afa2e560aac50b37a9dc5dddf256acd13129c,10039662,10.039662
0x47e2bc7475ef8a9a5e10aef076da53d3c446291e,10035968,10.035968
0x0c6a3617045d8e7223d2574b1fd157dc8f1c3e6d,10035928,10.035928
0x89d0ba689b1d01c8802b7a126d5bacd34cf77c58,10031637,10.031637
0xbbddb46df27152dcf0a9c928d57f40e65645f936,10028819,10.028819
0x294c809b4d3ca855975fb6316003c62604fa949a,10028380,10.028380
0xa6fc9dcfb7893e1b43bb71dda7e76e6f1f341dad,10028205,10.028205
0xfd8e716694e95bdc116634dbb0a34afbbb3b01a6,10023978,10.023978
0xb28b92cdd97f5b162471cc97b3c058dbe4a11ee8,10015586,10.015586
0x33a3a02fbef874b13fb6ea00dfd7504a83f49235,10013532,10.013532
0x4306df1002d96c141ca5083c2b72c0e4acaefdaf,10013532,10.013532
0x6b7d57f799c7b4623d15bc666d919369610552cb,10013532,10.013532
0xe9fa69e862089d8ae3b45ca7f9ccd912510bb19f,10011084,10.011084
0xf0548f889eb700e9192698b1549f180bf230c992,10010272,10.010272
0x8d82c231f8eb3c475a810523ed88c54ebd83dbb7,10009442,10.009442
0x8faddf68a9e366bef56e4cd4c370e563adf40cf7,9996856,9.996856
0x7f773d47f50b8eafc04d178a62e44d9744522594,9995422,9.995422
0xacefba9d53521a8cd7f5df2ae889cee1b2c62b23,9991894,9.991894
0x47f4a740428e6c09f40531a79ce7fc5aa70f8298,9990842,9.990842
0x33e6bc6f1cbb4180071589c454af758a72f6835d,9989274,9.989274
0x90713032554b18cc4801d6a703bec02796cb883b,9982894,9.982894
0xf222a54f048f1cc3821f8c5adaa50f80dee06ad5,9981019,9.981019
0x7ed234e0329fc242d593e11b8dbac1f00e6dd6ed,9976949,9.976949
0x3963a01e2cea5d632e8eed204a85a7afa9cf9598,9975598,9.975598
0x8b94cde1a3a9b8262d0cbb319ab24884f279664b,9975471,9.975471
0x028836ec49e6ade44ef60e6684668ae15da43764,9972795,9.972795
0x0a9ac1a3de43a00af91bf4590db0cc9fcfe6d59b,9969471,9.969471
0xca9c8d118c0b3b8b2a0470e8476a661d59b1dd19,9964021,9.964021
0xab83551609732faa926de0b93d848942e4fe0fbb,9960550,9.960550
0x31a7cffb31765b8dc02dd562c7563c9471c35b22,9959906,9.959906
0xea1f94cedbb64c5b183cb080a7bbef62caa96ec6,9958990,9.958990
0x7ee7b378207f71595e8a3b3c1b5c59f2b9a6a0d3,9954281,9.954281
0x093182f687f584739ac6338764e5428df7b9f094,9952407,9.952407
0x145d982f3c6583823593c20a280307765d1d7e38,9951727,9.951727
0x305ad938a16dcdcab5c8b8b4684258ad69d5b3f2,9950364,9.950364
0x9322072c3a2d9481b7d8675b226d19342335bd5c,9950009,9.950009
0x0595457bf3282d2b50d7ed4c7fc5434d792329a3,9950009,9.950009
0x16bc0bf4934f24d3c35cfc81097afb64ab99fb81,9949978,9.949978
0x02f5a397c5e02f9f831029f18ac60606c0205f56,9949812,9.949812
0xcafc8677f8af921ae84e8596bc85c3fb7b6c30e3,9946404,9.946404
0x9b81ea563816f990013551d6ec602e0169bc9058,9944609,9.944609
0xd7f6693a609b5356cd406ba794c0cef749661a2a,9940523,9.940523
0x16a9891e43fcdea4be91a026939004153aea9931,9935664,9.935664
0x3ac45406f91379aacbc7552656a951cf6e04e8f7,9932689,9.932689
0x1fcca4cc0722109f52335043ec3160f2cdbf69e8,9927505,9.927505
0x76ccc6562c377d08a0707452786063d2497a2e41,9926986,9.926986
0x9f38b4aac94de828b016e7ccc13583ff3807783d,9926526,9.926526
0xbc35f94f29a9e9837c195e981b9dc5d5a4e0e5ca,9920566,9.920566
0xb5921f08fa327fe9ae4ba22a165095e2d04c1fe9,9917593,9.917593
0xe3f94f4795a8b8830a82303db5a9f615682b3c09,9914386,9.914386
0x01e53424dc3af05357527620bead189c6fb2802a,9907198,9.907198
0x8c28cf33d9fd3d0293f963b1cd27e3ff422b425c,9901148,9.901148
0xfcef95f24585fe3e99c85ccf17dba8e3d1cd36b3,9901148,9.901148
0x3f3fadefa06db6368c673c03b0ea91438d008132,9901120,9.901120
0xad3500417d209de7c8abe0fd705b0f6287296e6e,9899509,9.899509
0x583ae442a93b098bbc0556a5e4d892c66aea6b47,9898209,9.898209
0xf065642fdea319675dba22d6b8c450a769f57bf6,9891883,9.891883
0x660f679b4bd6569d6bc6b9185c0ebcf35c3ded06,9891438,9.891438
0x045b947e655b4ae46965223851cc7f922d1d19bc,9891101,9.891101
0x4b89d407e366d948709df4c5cfcf86f78933c693,9890374,9.890374
0x3df0d23b7c656cfdb9dc2e2855a0811845aa1474,9874048,9.874048
0xb5cf10787b96171cfc7a2fb882f96a8acfb368e9,9869409,9.869409
0xee3893f23170739e235dba502470294779e4afad,9859193,9.859193
0x4821266e5c38225d4bbf573e00edfa2e19ddf239,9857915,9.857915
0xe052c6a58e3ab776796f773d1b2b04536c5b3fbe,9851950,9.851950
0x4dcd8d4eaec309fe4b81f8f9317550871c0e0c3c,9851800,9.851800
0xe66c3b38639e18492609a23d7e7a362c96a5e749,9848869,9.848869
0x3499f916b491eb1910dd2e3306d95915800e514a,9848111,9.848111
0x339b570712105420db8c2404e93bc14e73e714fe,9847515,9.847515
0x921ab3eabf1de1b17526005fc9444c231baf011b,9835029,9.835029
0x5487bde943cc667d18fa5d1c7445a10cbb3a6e8d,9834674,9.834674
0x70ec8a5efa7cc29ea9e3adaa7bbbc53baa5f4543,9832115,9.832115
0xce16cc439c3a11b5edf9210aa3c9dbd872b450b3,9826551,9.826551
0x21abef3c924c3f22a72e8a8d6f1d50d4d67f95a3,9819399,9.819399
0xcaf97f2eb437df82eeb5280004d6b68a6cba8ece,9818396,9.818396
0x2daf5d1e8a8714413d3deda956ae3893f8b448f3,9816819,9.816819
0xb007239d06f295f119ebf6aaaa23bdf086241b32,9800513,9.800513
0x96f62d299e8d85d1d55f31b1e0d3269c8d41d72c,9800492,9.800492
0x2df8fc356d9d2599e832d5643786ecbb8d384489,9793928,9.793928
0x81d7ee397976b8e381c53a3ff7f258bb9d47eeae,9789208,9.789208
0x7c230924c142444548276ca9e6c3e0511a173493,9786806,9.786806
0x9a4d39f451f00ef685ada1033f28195dec48cdb1,9784757,9.784757
0x6b26c7271d6122850c54f6173aa34c3e87fb9d0a,9780957,9.780957
0x183959ed8d7ecaecd88d0fe3f0af9dde834b609e,9780144,9.780144
0x4cf3afe178d814e63f21bed0436a27c2a0dc7f7b,9774937,9.774937
0xb94d2039dac8d0dcac942d54bd1a0ba616eb2391,9774164,9.774164
0x1b7a0da1d9c63d9b8209fa5ce98ac0d148960800,9773651,9.773651
0xfb7350273af4bdd1707e8759e3949f65d868eb0b,9753207,9.753207
0x7081e218ae463920f95e2abd8f121809d71d70f4,9753147,9.753147
0xae766216e26c154101b284548345e8afc22bdc1f,9752510,9.752510
0x66d12c2eb14941c4a43442f357e38d3a3c0a80f3,9751536,9.751536
0x4b28b2df3698dfe38cc3b8f210a79977ef69de60,9750691,9.750691
0xf1d4dbac0d54ae75fbfd82e470b3d777fc9b997a,9742124,9.742124
0x46930fbcb06d7d67c0b191dd67a66ae535de5a13,9739927,9.739927
0x880704f8ddb68fb61d29b34c759ac1b86202d4a2,9737227,9.737227
0xf6934d7f21e914436847703716c34de0a4de326c,9736371,9.736371
0xee7f21f33e407f421376995d65719304e4d08baa,9725549,9.725549
0xb4ca1abe44a9957b6156863cc74206be0774710d,9722574,9.722574
0x8c01527c46f0add00d4b52110b74e4a883590ca7,9720752,9.720752
0xc5ee54cc6ca3cd83de98151c3d686ee43baa54d3,9718705,9.718705
0xd91459534c5a24ac1fc771425020365105720242,9716576,9.716576
0xbe70f6978c9abdb6b2b93cb7406ce7e5414b09e0,9712532,9.712532
0x8603b5df388eb0a1790a70cf0cfbad166665cdb2,9707210,9.707210
0xfcae89f3319c760d4f481a522aa717af81e93e77,9706488,9.706488
0xf614ddc260c8e72efd5aec92e3a4e3ecc4c2a116,9706313,9.706313
0xd19a0ec8dee00e138dca10fed92aafa049fbbdd6,9702426,9.702426
0x888708241151a1d143b7ea630e3a0a45695b69fa,9696803,9.696803
0x7989e741e0859b8c46475424c1a4a95d7f91eea3,9685919,9.685919
0x5b70385e4586ac15464db0071d373a1dbec1860b,9685728,9.685728
0x8f791c0592db171d84167d10baa70fd6dd26705c,9683977,9.683977
0xb6ca5d1ed0ca4bf8444c9dee2d068a9f4c5e2e92,9679879,9.679879
0xe6f50a05b5389427f49268279c44d684ec0c9b9b,9675269,9.675269
0xda0ace543580e80e13ec4991fd9576e19b98c608,9666678,9.666678
0x371484e342e96ef54caa6ee1344081ef025e2b9f,9662267,9.662267
0x4431b6e4201734f5dfc495ef5a6b5db045363359,9659450,9.659450
0x2ae0b331a24ae6842557e9d5af61f0a2836ae358,9658272,9.658272
0xe9befd8ec73b4e1fda49276cde0865330ee3541d,9658272,9.658272
0x026523a3758bd2b871e6dadd8a63ef9b0feb2199,9656544,9.656544
0xd22cd3c31a698b02adc3d4ebe8c19e54eeb0ad7f,9655904,9.655904
0xddd3c7aeaeb524044c507169f6cb2b85a8159fcb,9648690,9.648690
0x605959ed62f5c80b9f9d964f835827db6adb15da,9646109,9.646109
0x0c190a40d2925fb44d1e114963a8c642b8117a49,9643882,9.643882
0xa94aa3d0ed2fac1fcc7dee7d5f8b278c7549de14,9642835,9.642835
0xa395da32f94555648d3d7ac5a50527fd08521366,9642727,9.642727
0xaf60d5d8ec049d1bf0f63bee9aba0fc67eaa495e,9642217,9.642217
0x26d863eef3b7302dcfeaeadea3a550bfc1fbf923,9641583,9.641583
0x08c1a42dc07de0f723fb20e97aafc262d9e7c7eb,9641559,9.641559
0x077994c74c1bcb5f1149353d0a958fa2065ea9c7,9640558,9.640558
0xb0b9ab5999782332f218fc7ac7457ea0cd4a2caa,9628501,9.628501
0x3589c7fb34fd2e51d9b60e86452128917b79da2e,9625319,9.625319
0x0f0cb548a8332dbbbcda615a4c0e9a12310fe42b,9622105,9.622105
0x7542a876bccb7ad335370e27c0e0988476a95f46,9618561,9.618561
0x3f980cf2380d3ec15a0d7e71e84c64238b8f1131,9615895,9.615895
0xfe961217a733ec4377116bc49df5240c8728c8aa,9610259,9.610259
0x79a332e1d341a05d8af0223678d87ac2569ef6ce,9600464,9.600464
0x585d41568be82985c5cafd4e37d395f5c96dd656,9599957,9.599957
0xdee8f81017ebca8aaa096c3e78db2c417b7fcd45,9597945,9.597945
0xc88a747f2eeef59900d447f608225e454ef1b5af,9592320,9.592320
0xd970137a032483db41ce04e4ae269db7609706c1,9590000,9.590000
0x6f7875f5d325c6d9f9a1f04de1b686fe36cfbc04,9588709,9.588709
0x7ba8227505544815021dd31f4dc8cea926374744,9587685,9.587685
0x4d29239eade4e5f854762818c6f3ad00ad0b134a,9586211,9.586211
0x1dedac533177820eac2316ab4de25fc795c14a7a,9583965,9.583965
0x4a7351c3b0fbb1c40848b88d9f947c598e5e49d6,9575299,9.575299
0x0d8c9068fdb707da13c308f3e8dce2228b6d3f18,9574554,9.574554
0x70fd4082e65d044bf8d57f64a8875c238f00fb64,9564643,9.564643
0x4bd69a8ceb37b52aa03df9ee80a58f94d6a1fb33,9562645,9.562645
0x3efac1d3c0f4522d47d3deb941a7747a891a12ef,9548335,9.548335
0x945276fb8750c8ee5b86df4804903ce66b25eb59,9548335,9.548335
0x73384f54fbc8beaf4be35d2e07b49e8f1d4e6928,9547130,9.547130
0x274f3aa5949f772b54ab3ac42a602bb1f9abc3cb,9546667,9.546667
0xdc4fa17b6056cc8e552fec059cd6667bb0c6c791,9546648,9.546648
0x6e0f74ce1630529e766f6ce0d6b5d8d655a897bf,9543089,9.543089
0xdcd7d7b39e0b9e42c21ad172fad3a812a18833cc,9542137,9.542137
0xf26b4002ffe21a30ca074a952db83fe52f832d13,9540663,9.540663
0x605e39d307bad8c70f0124da9f604434d8067488,9537851,9.537851
0x083619d79124ced8c8bf89bcac971b068168f34d,9533279,9.533279
0xcb2281017c64e5c9376abfffb8e36058c8e192a0,9532750,9.532750
0x6a2deafc7f1c75c875c195d295a0cb5ccba903e0,9526164,9.526164
0x2fd3e2aa7be1ba6bf2aec7d5bbfe136310b943f1,9525128,9.525128
0x0bf434bc0988e623e4edab7ad5a984c532012806,9524667,9.524667
0x9081c4f0e17c2bc21e19763f3d345da0578463c3,9524077,9.524077
0x500285c71be0ea4961e7c00922b4bb9db7a36066,9518826,9.518826
0xa8af208f19b79b7a9b2ad151f5f42fde6f49c806,9507928,9.507928
0xe7f4beb5bb91d8d186b8e0ad0693444d2679627a,9506908,9.506908
0x019c61a6f661881802841b7c1d7def9f5403f888,9497713,9.497713
0xd35945483add29d65f93e788956fb00aab6977f7,9490064,9.490064
0xc48a0923467bbd3ad44b928c1ab1f7138b855165,9489501,9.489501
0xf97421335a3928d03ab77ed680b507843d9bf334,9489476,9.489476
0xccf64f6592e1896d655b787b5ab02ea354d8eb18,9484054,9.484054
0x2b7d0b6adbcb98e1dd77e0ba37b3ed232e27fc0b,9475430,9.475430
0xa7c79bfa319d97eeb99bd3c5c65bd15d82f2ffc6,9473526,9.473526
0x0c1d1159b70adb6cd15e57c59bbe595e13657a9a,9470252,9.470252
0x04a44106593cf0d4bf49844ecb47c29c21909711,9470110,9.470110
0x83d2b9c5d51a6fe24652ba0c3feae0a622d7677e,9468122,9.468122
0x290672713fdd5165b82d25e4d6d1fbce7fe83f69,9466303,9.466303
0xa21dbd36a8f567b992e89725a81e07cdc5c50b64,9463770,9.463770
0x49fc9895e856402c2377b7f368d444ba666ffad3,9462867,9.462867
0x3d3cc9f4d50a899eef5e8a19ea83961064ef52d1,9456292,9.456292
0x2b5bebca8c546153eaeaf46dea46303167934111,9454842,9.454842
0x8be1441fb53cded06ff4762404ba97c4c86d3dc7,9449176,9.449176
0x4f8285cc26b3f6aee08ad512e1faa013ad411d87,9448558,9.448558
0xeaa9ed27e5521a2721cbc6c5fe7b790cefef520b,9447449,9.447449
0x50593f90ef522a6e4c1923f9cbf4d6d2ab7b2e81,9446973,9.446973
0x6b796152085318d1c415762e9d876e50593e1b9f,9445395,9.445395
0x331463953094388ef855e0d25ae70458b96a5e11,9444345,9.444345
0x16f8afcad63083c0690aaf7bce0ebfade68d1c2b,9443654,9.443654
0x396531afe1fa9fe045b0d57cea16c14cb17df1ad,9442753,9.442753
0x9c08d7c2f596d19e872fc4e794b290a60bf15ad4,9440101,9.440101
0x6eb459849f2c95a986f2620f4968c3ef8498b786,9435373,9.435373
0xda73a1e5f79669890cfda649945a05ef70e44924,9431828,9.431828
0x6efc0dac09dd8370667dd9700723f9b6b683c210,9425228,9.425228
0x3cd5c6d4248bed58495ac94945a12face2b6f198,9421429,9.421429
0xf4e402fb6178e66f7630f2e8f14fcf9ff86327e1,9421429,9.421429
0x873ce30622d0ab1864f7fc7d5fbc1d0e04e4d687,9418461,9.418461
0xe570269e7cb020d9c4c4865751444a0427096a18,9418387,9.418387
0x3bda73b0906fc9b2dff68ed371e3648c6f01ee04,9418376,9.418376
0x862b5d7ab84dfcfbd14c9bebb46a5617ecffbe6f,9412103,9.412103
0xb736a41d7b5bfb8795a3801457eb532139127c24,9406489,9.406489
0x65a07f1e58b7f83321cb6c50d3a8f4fd84b66e1f,9404209,9.404209
0x65885d91925e8dda3d8020103ca65001b2cfaf84,9394755,9.394755
0x51bb48ceb3781a4ff6036814a400349daa19ab12,9394348,9.394348
0x6d7e19f6d17636196c47be5028b30f987ba9417d,9393498,9.393498
0xb77fc6f00fb32ed00bd17355e1f9a5aa9efe2bf9,9390428,9.390428
0x05033a5210ec8109d329fd7bd8c6f95f26a59388,9390056,9.390056
0x26327ad83d55b5a7d55abc505074aa6218ef5aa4,9385955,9.385955
0x336195effa99e11834fc23a01c9691833e691471,9381982,9.381982
0x5e6eb0a79b8ed533aabcd86ed10bd3e5e9cab90d,9381146,9.381146
0x63d272b5b85ad3193afe8fd8f39f32fb4a08a539,9375640,9.375640
0x5bf7aa93f66e9a5fe61c286971773b1237e305a1,9370594,9.370594
0xa65046ef46c65125398d90c5ab8bbc8c94762f81,9366463,9.366463
0x90e05edcd1f052dfff217ced1271e37c500a5ea1,9365264,9.365264
0x3d39c2962fe9577308f74e1ff2cd2eee6af1cb22,9364841,9.364841
0x0dc1f2633d657122d67735d9606e0b29f5523aef,9364713,9.364713
0xf47c95a6efcf29c5e8864b260e87264bec354e94,9364713,9.364713
0xa2e23b948a41b271d5a7563e61f8b2990cb4cb65,9364713,9.364713
0xd79b868e6d96318dfe2efcfda4189957e7f23f7c,9362873,9.362873
0x313f4728233eed22b3937c1d718f6339096baab1,9359522,9.359522
0x409bd82cf7071daa870540495cfa21ae49e69f00,9358157,9.358157
0x7deaf0230c5a5744825e2525c50a985814c009ea,9358157,9.358157
0xbc4acd0780a301250b8286baa4d8fde2e90b20f1,9358157,9.358157
0x9095ad81690d6125952219a2b3600a3d3ff5c7ca,9351008,9.351008
0x68b34a151fc24d75eac2c297f95df2bd96a1d216,9345044,9.345044
0xe0efbd5b6fa5006014c24d61c42deaabfd5a71d2,9343729,9.343729
0x6b021e888fee4431e84f7ea102feeed4df3436ef,9338482,9.338482
0x8a7030a42d4e461684ef62df6f3f168cfb39e782,9328945,9.328945
0xb3db8d23a98780002b10da5fb082e47b2d22e4f3,9328149,9.328149
0xe0e216283eef00895b6abaa73848448596b85724,9328149,9.328149
0x0b934b1118ee6e9cd9d5a6f22ef561baefd04a92,9321270,9.321270
0x47bb0dce9fdf9716a84e59e610a10fbf013073e4,9313720,9.313720
0x91a35d0d46792ec18d3ec72e7fddd85653c385d3,9312590,9.312590
0xeb12df46cf674a5f386fe1eef4b50593a0c58041,9305887,9.305887
0xe217a614bdea0b9c434dd5c0a34004cab2ebb810,9305527,9.305527
0x794bd7e118b8901c022cdc7c6d09ae7e529531cb,9298253,9.298253
0x7f9c15136901e3088996363ef4be3e590dc87567,9296758,9.296758
0x67593a4f0c1e290eae66459ee160a82945a5886f,9289553,9.289553
0xf0d883f086a66d7cc65ffcdb26819bd98c728ec8,9286670,9.286670
0x64093c9ed791d32adb7fad1a8bf877b7a5f0d0c8,9282129,9.282129
0x457a223a59de9f7311c5d9af84bf81ef55c87735,9276305,9.276305
0x061d7b1a4f6c945f6fa64f06f54e10b7c330a8b3,9261855,9.261855
0x5acbdebbdcb548f8bd3ce8c11ee1c4113bb7704d,9259662,9.259662
0x7117fb4e85286c159efa691a7699587ccd01e26e,9256938,9.256938
0x3ac05d3c4b91d3ef675419e7e3c0b152309b59d3,9250347,9.250347
0xf617bb2eeb02139dba112086f2c2d37314acc9ed,9250160,9.250160
0x60d0a06951cdf5127cdc1dcf488351d4d5f8866b,9244684,9.244684
0xb6dd257674ff1fa4799834ca960576608fd3f28e,9244188,9.244188
0xeaaa5bdac7050e194464704fc9189e59b1f495ed,9242887,9.242887
0xecf013850692f78323c0d17fdb08460b8872282c,9242701,9.242701
0xce936b7e11c81f30e3e100fb7f143f33d2e94872,9237552,9.237552
0x62a1dac4d7187939228e097c2f04d8e292ee2807,9233627,9.233627
0x105608f252c1e3240de8fa87faf6af5412676ce2,9233034,9.233034
0x0a49de8e4f369c82b5315a40ad0ac67d529a895f,9232476,9.232476
0x627b63da1391deac116397a09a6efc644375709e,9231219,9.231219
0x92c55314d00804919b5396935fde952daa01262d,9230699,9.230699
0xbd0c31d74b3282e17434d3061be1e488bf8c1ce1,9229183,9.229183
0xd87d47b3c1beff62343bec54a740157f4e13a618,9225465,9.225465
0xe5d4e9cd4bc63c2039bce62564fcaa2a94e2613e,9223678,9.223678
0x28fc306f7cd840e61960b466c74e8361d2865c0e,9219672,9.219672
0xf0a4cd57ac7e75b92d8b23881e99d73b24946bd4,9216674,9.216674
0x1ba38d9146b12d73b1b3fc0193545ad1959d474c,9212419,9.212419
0x3a741a28200644af206e954ad7105b479deb15d3,9211916,9.211916
0xbad25ce18a2b6098557ef35d73e155fb8464870c,9211867,9.211867
0x2068d14ee50772dd6e89c6f64f32adad0cc936ef,9210900,9.210900
0x369712da60e11a3e05cead9cdc10ecb6fac4d2f6,9205737,9.205737
0x002e7adaf6495f2dd277b3b8b105db530df37ab9,9203389,9.203389
0xee182703689a1055d2db0f97d5c48bf6f14d1b4c,9200814,9.200814
0x32af56c71abe1cf557e71530fecaea5e3f729bf2,9191669,9.191669
0x3d9bc449ac975e6618674360021e056b42089ca3,9176792,9.176792
0xbc7c0b4e6915176ea3350f59c843748d928094f2,9172566,9.172566
0x965015bd001955acd0f647fc34958c18f53867f8,9172422,9.172422
0x18a5991c6c1c300c7b6c23db983f367203b68f4b,9169514,9.169514
0x84bb69ba87b9dfb37421b4c88e20f0a9eefe01b5,9165904,9.165904
0xc35002fa2133a8d2bbce8359213a12b548cea03e,9165181,9.165181
0xd39a13c5dc777e05d98afcadf3ad60984165b43b,9163802,9.163802
0xdf85ca6fd65e4b5a3dfa076b3f585437f3aabd18,9163153,9.163153
0x94c9992f56f99409d7f420fe3175c3a6b6101949,9151498,9.151498
0x0ad359bd282917aca363d7d532438f3e049655b0,9141748,9.141748
0x00f3e579f44ccab81ce21515d23a1495c8bc706e,9138635,9.138635
0x00d878fed72bff1def36b4fb7aa0d52fb22521b3,9136618,9.136618
0x91eeb5ac159c5684327e7bd5da646d5f73f04bf9,9133366,9.133366
0x511861dd205efbd77fd2ad7d79491d0eb6244ac6,9121925,9.121925
0xb1befcab3a0c571a486cd43a89fbefdff3b78204,9113084,9.113084
0xb9cabd1830e0c05663d5173219aa374c2fd880ac,9105226,9.105226
0x54b17a1e4324b54eca169f36ad894ea5dcb326fc,9104400,9.104400
0x038ac1795d2c99b312e981e2992bfc45d0b3c73e,9104193,9.104193
0x7df0798dd7fa073c3cc5635d7ffe68f4d0b6ccaf,9102598,9.102598
0xe3cfd3c215fa6ed180a0af6ed16d6e0afbb25146,9099431,9.099431
0x774de9ab38bd6a4a336227d50e6323d8f9169f1e,9096092,9.096092
0x844ec8af13baf895bb7236163f7154a9af22dc0f,9096092,9.096092
0x48ff0a2ee5c3477026693db3f57a0b79538454c7,9095086,9.095086
0x535faa541252d9650f1f8a8bbd88709fb8b55a1b,9094152,9.094152
0x192ef736afc178d743902a8ce4c42f8e7b65729e,9093654,9.093654
0xdef6174361100a3935b589bf3a6f0c0bf8272ea9,9090996,9.090996
0x6eb76aecb657e92eb8bed6825f2045be210c1d38,9088688,9.088688
0x1b7518d3b45d22595adbe9c3c99f75508dc062de,9088414,9.088414
0x4e42eb68b3fb0aaa5b9827a87ce650ec276faaa6,9086331,9.086331
0x9333c471fb0abb0a189189933bfc0d1a4584c9f7,9085407,9.085407
0xe9e71aa6c8639403e39755f6b0a3805d9cb8d057,9085125,9.085125
0x70b49e9242667645dce920f00e5849c6f4f03098,9082606,9.082606
0x8900536bdfd83207dbb4b3766397cc6c6326d23f,9079045,9.079045
0x41ae0db56c90d081932cc5499e7fb69908ab2f94,9062158,9.062158
0x5d7148d949b2df5575be5e9e2deaa257dd2ef43f,9059866,9.059866
0x35c9d7b83d94bc48b311f6bf3045e4ac519eca07,9055752,9.055752
0x4343c80414697be634398e68d46d3ed4c8979780,9054715,9.054715
0xe5bd41153150758cd1c9085a520145dbbc8290d1,9050840,9.050840
0x6b76f998b55f921a24eb80068e1da025653ffb2f,9050174,9.050174
0x18150a0bead7beb99c0ecfa9ba32546b7ad09682,9049775,9.049775
0x3570cc0d3ad24f12abf17cece05b583e598b75e8,9048305,9.048305
0x50ed078be051280de17e724dd06f375a8cb3f020,9047258,9.047258
0xafaba879575d93f3ddb187321cfe8615d47f9ba1,9043738,9.043738
0x3a13b64dc4d103efc0fb9251f6ef948a01773939,9042361,9.042361
0x79ebbf86b1cf2fb034e284a25d241bf2a64e2f61,9039762,9.039762
0x1dd3fdd3b637b88c4a2387199769ca1adb23847c,9037937,9.037937
0x1821cf61ff818ff05489d5d29aca5ed63ca49a2e,9037120,9.037120
0xb17b70405666f4e3c56622f07f98ffc85170100b,9036958,9.036958
0x7ac37f4e2f5120765505d5ba9674b5953d0f8699,9036339,9.036339
0x6390f520033254b47338cc479a3a0cf4a099b9bd,9035160,9.035160
0x6104b5663077d230c137d3db9cb66eabafa53b40,9031864,9.031864
0x74416b049041de5b126daf12a72b955df79611ae,9025194,9.025194
0xb41e31a4ddc1c3ed12ee1ade86f01ff1e3f9fb27,9017857,9.017857
0x55824087db3e0f877e555cdcc60768ea1f4b8cd0,9017404,9.017404
0x580b1e94dad298f5cd32e3c38b9faf4a25c08ea4,9015607,9.015607
0x1601569c6fa8e12eb6444a7bb075e227389aa192,9012709,9.012709
0x1426fbd146942e153653863cbe633780c17268da,9012448,9.012448
0x96376785cbe537a75dd34d5017b74dad608db720,9010606,9.010606
0xf32d432585038b64eb7b5f033697470dbd56b728,9010451,9.010451
0x1c1a26d39c40f9f20122788bc50d384661c0af01,9008860,9.008860
0x704a10d661a0ce0be6c3379d93fc47f13be4ab50,9003224,9.003224
0xc46c2a2b49f3567105186712f6379d0b82823d00,9003033,9.003033
0x6be866965ed76eb23c44f38fa36f2d2ddce6b054,9002227,9.002227
0x263a13fbe5416661d8ff67c5d98624d1553900ae,9002117,9.002117
0x8f8b99e3bb1ad7c57aaf9e5aee10448e0ab95697,9001030,9.001030
0x4d269bdb6e146c898959f442b5b6a2ca086b58d1,8996079,8.996079
0x4d39cab8ff0b95ffc49caf822bba3ec4d6805f3a,8993026,8.993026
0x56f6f431d112be9c1cf316db95d9e503d1ea862f,8992338,8.992338
0xe27510f37d0764a57b310cce8d1f833c8ab21223,8990931,8.990931
0xc6a6433107934348e55a16918885af2ccd821afb,8989018,8.989018
0x57dbccbb81b9cecc80a47c5cb6158c3717e2c831,8988211,8.988211
0xc37e705f34801896121b2da24327332cb7dc2ca7,8985794,8.985794
0x5b00f3d1644ff3106248b2c50505a67abf31efff,8981120,8.981120
0x7400c1edf7b9ad6ea1ccaeafc4e479218db43706,8977478,8.977478
0x2d10c43e5d078ce6492ba5fbfc9716a56f0d0e88,8977478,8.977478
0x56062c6857fa96c8106fa9cb616fe93e91f7956c,8977478,8.977478
0x1d48002726454071e49e15391c5696aff9358b05,8974515,8.974515
0xcb926bcc7d6a2938e654058cab3ab058af07877e,8971816,8.971816
0x585c8844344551768920a883a3b7fb779fd92425,8971707,8.971707
0x1a8d29909cebcfc9eca846fa24dd36f472a138ae,8971236,8.971236
0x26fe3b0784b30a6ade6a94966f9784cb71460b3c,8971236,8.971236
0xaa4ee17c66bfc0d27b7895877c8dfc2400a86584,8971236,8.971236
0x11c36294f5c20398f824c130e5ba4b86d3515499,8971236,8.971236
0xffa3b350d01b1bad228b19db61955fdbd5b62024,8971236,8.971236
0x1a31469dd4ab63a9621ff7e43f070f331ddad8b6,8970275,8.970275
0xd00aa07614318eb4d0b1643b5fe09fbd65e1b4ef,8969333,8.969333
0x18badf36ec74dae9d3f028805b58c8ca27775268,8963273,8.963273
0x1603cf3d4f31d542f4a2dede23ef1e708869f2e2,8960133,8.960133
0x9af76954b093ecbe01886f5710be6a36c339519a,8959719,8.959719
0xb1b2c78934209b5d0f64975fdac311fd5fe7a9ce,8953488,8.953488
0x4c423b45f489200c8dd77d49ea2b16fd4e74df71,8950798,8.950798
0x9782b6e541df58a357e97506130ba7f9cc04a6f4,8949321,8.949321
0x12042a785b8d3d9f8b24fdbedd0c11b2b35dcfce,8948430,8.948430
0x402cfb107cd8406e9a9436f164193070c554992a,8948231,8.948231
0x4225fc4876c4fcda39c12e237df5437b81dd1869,8947750,8.947750
0x879ed198505c0f58d81540eb6479313ec8748ae2,8944355,8.944355
0xf316f0dec2e6a39a806060bad07365c133294e47,8944355,8.944355
0xfa2b5b90ee2d61c4f9df06db4b1d851239cf5ca6,8942127,8.942127
0x436902d3e7b45a1d90791049d369283b49a032aa,8938485,8.938485
0xdc5f012db2d33f181888c7581754da3706aa9a86,8935391,8.935391
0x5583919ff4bee7cf46cdbc817fb8fba6f2a35436,8934908,8.934908
0x4e8e25600ca6743681c65b06a078f49a299f833d,8934159,8.934159
0x9723a07b5011c6ff920906f2c8f914583a9ddddd,8931958,8.931958
0x60f0829d9031ec37d75c4e4f210b541486c29e21,8929422,8.929422
0x8f3bc259e0939747a0e0cb7effe1edffd8982828,8925656,8.925656
0x27ef22429b054fa48f2c45f8252a82fee4179eb4,8925599,8.925599
0x58295bba59b4bf056cb99a900da9bde190606eea,8925446,8.925446
0x2cc9628ebd9f4f9faac3fc988ba3875f3a4f64fb,8923852,8.923852
0xab9f4d19f6f22b152153a1d701a1492255d79387,8922648,8.922648
0x286b93c3a7fcb645c7b2edc67f8b4b323b0f9c49,8922648,8.922648
0xec0a9fb1e6fddd54b3c1b9e570b4cbcab0d1896c,8916748,8.916748
0xb42cd13d0b53088e1685ed7f6c78066b243f42f9,8911942,8.911942
0xb3330c05c8b9459c04db500d3456c576c306a214,8898736,8.898736
0x6ae03180afab253c939397fd6d9d3975cb372707,8898646,8.898646
0x9cd037a1cab23f31e1651d6b7440a039163ecccb,8897425,8.897425
0xe48e7c884bf61579bde021600171cb38f1959c16,8896476,8.896476
0x912a046de4ed20fb93d16b1255377b071f42de51,8893577,8.893577
0x80cf02254902fde65d510142f7b9812536f50845,8893577,8.893577
0x059c78aadca79427358c3d6a2e1877494e78ca8a,8891127,8.891127
0xf2a7594190d0a719f43bb79f90a45414282e0261,8890451,8.890451
0x37e79115991f580a009385691b9316389865cb17,8880723,8.880723
0x7c6f41f71decbd113fd3b5325466ed6a9c14a9fa,8880708,8.880708
0x6fa4a3823016ae260daceeef4119027ce2f37d93,8879768,8.879768
0xac8e0816a18684e5807345c805dcda01c00be58d,8879720,8.879720
0x371d12f37178088d2ce2e3042dfb485def37a965,8878710,8.878710
0x9b566d0341f71c17c83317cc0fea125b51c16896,8871880,8.871880
0xb0a1dae1cf8ee6a7912e44a7b98ad2f83f2d7bfa,8869490,8.869490
0x30f07beadf404031689c9c1016bb9810ffde0755,8868668,8.868668
0x34f73a47a027bc3c1db642df9ca54625d9b6b77f,8867513,8.867513
0x5da6918f39a19350bf34032eff1a6ecfe54f94ee,8867477,8.867477
0xab15982318034c669fcd29a92466fcfa94526fb5,8863452,8.863452
0x9373a446901ceb8fc31026db6a737cca8241bdf2,8863419,8.863419
0x916c406992d2be3d412ef539deb1aa820f1abc29,8860792,8.860792
0xea29adc9cc218b94bfc33d0b4794262a5039f577,8859156,8.859156
0x322857cfde32a3d65b79d48361698695c6fdd180,8852714,8.852714
0x534f8b4fbebd08a8f3844e2dc64acc732d58f378,8847710,8.847710
0xe7d519dc174df0329ef2363c7a3fb90c1d295422,8847273,8.847273
0xf43cfbb1d8bcb66b6c1c29468ccfd261452689a9,8845598,8.845598
0x16547edd4fc0d327888d751d3f8a4443aa837241,8845348,8.845348
0x13e69c71220d85878e07c8ddb7831ee5e90c6812,8842266,8.842266
0x13203813932c0691e803cc827f04b0e29afe126d,8842266,8.842266
0x48b378f787c5a129c523e6cf31b780e071bf56bc,8842266,8.842266
0xf5017d832238f237074aafae16ed9e6e353b0ada,8842266,8.842266
0x6fcb0c131c5648808ed90b651dac3ee52167ab30,8842099,8.842099
0xec8d1065729fe186a68fdae92f03f64615245831,8831584,8.831584
0x84e769d3e8418d35fae207ce45989694f6ef0e30,8829329,8.829329
0x5647e01057251be0c851c29f4f063ba28b2832c5,8829329,8.829329
0xf8ab77507e7b3044d4cc53952d94660924e272c1,8828667,8.828667
0x06396502eeea082f1778ebe86efc026e8f958139,8828587,8.828587
0x1d3a1654d618f117e43a8902a83dd4f5c9340157,8826565,8.826565
0x52ea1a4f963dd1a17ce0aefba41e1fdcd8979013,8826478,8.826478
0x57a4fff191354034d7d01b201b42edb5afd81462,8823588,8.823588
0x5ee5152de11ecaebe9be605244c23df4873cbcdd,8817425,8.817425
0x7393ec110e757f4dbccd016cbbd95fb6257f4d0d,8810145,8.810145
0x30a4e149e4123e0bc568a7a2af4680737702218f,8809673,8.809673
0x6f54cfe2d42278c7ffbff1c6eb15f5a8b7401161,8806479,8.806479
0x4dea22d2072941397896fc64a1585b0dda1d16f3,8794255,8.794255
0xc650c509d9e4a542e46ecde38a986588f8eb5636,8793767,8.793767
0xf51294e87431148589a921e42f10d34232620d4a,8791285,8.791285
0xfa5ce86a28613b58cbca90efc26757b093a6ffa2,8789605,8.789605
0x33cfe233d06a85ccc04a87f43e7e1c7101fd43e3,8784472,8.784472
0xc34ae1a39662415a4720d4a3e7c2be0e202568c2,8781309,8.781309
0xf4b3ed5f713dc264ae69284d843551ea3c0615ca,8777959,8.777959
0x065a958b7a3c0550ab4d15bac4037db6989f28c5,8777813,8.777813
0xf0d9a87b2feb76177a9eb2a4cd914d99607a2b1b,8776956,8.776956
0x442dea1748713eb41fe16f8679914af2d0f7559e,8776112,8.776112
0xd8b43ef3bcdf68ea8d3bb58f05b855b73896c089,8774863,8.774863
0x3da45ec536031922a1b7fe5df89630e3e691e66e,8770567,8.770567
0x1411de8096223631bf810eba93e275620e15c54a,8768422,8.768422
0xb7c495a9b0e8a762fc02273a17c803e4d434c7e1,8767237,8.767237
0xee5f07e1bb4218e05fb6f84b011742b9fc2cadd7,8767054,8.767054
0x470644e260e5391ea53e7da03a26295fdce457fa,8759472,8.759472
0xdf923662e3cb22a3a1096ce79c5475ca0bd2ce2d,8759379,8.759379
0x17847cac07bfa785307045b4a0344c34a9fd96ba,8754918,8.754918
0x6ac385f87adb95014ed03fcfdf10ca260081a494,8749910,8.749910
0x35865e3c7c9d64164edff812ff70cec483eb0443,8741911,8.741911
0x54fd0462b48f4758331357239546a799294f0b7c,8737533,8.737533
0x59c530055daaf3bc8216570897d0957481319ae4,8737187,8.737187
0xa32f37be0c7d84984c04f38122698e68935af8a2,8733595,8.733595
0x88b7a44cecd526cd2d424b0a4cc2bbb26341dd8f,8732177,8.732177
0xa8a6afc1797e49ee846d6522e92ba20f5e2d9a06,8732142,8.732142
0x52a11f06a30cbb704abbd069a93fdf6d853fc3c5,8730818,8.730818
0x1868ce22e19d052c724e63a912056b1f3d19b49a,8730736,8.730736
0x112d960c88de18482c5f4069c0286a5a57bab086,8729910,8.729910
0xc503ded51af4891b418fd5e14c4bbee468e25271,8728904,8.728904
0x6c348388696571f7c7fc35346104a6ea587ef71a,8722537,8.722537
0xcac131c219a51abccd597c45a766b1928b17a301,8717781,8.717781
0x940c376132f69ca04161f622a3870d6f838fe917,8713426,8.713426
0x70b0e7635d7e53321e98faacf723bbd49566c5a9,8713211,8.713211
0x5c3601da590be7e27d3ffd037c9deeb328d14d69,8710908,8.710908
0x4d57fefc8cb6be25e810bb3425bb48b743e52d56,8710544,8.710544
0x8afdb36172b5e1b461066b08fd60749230c3bd25,8707292,8.707292
0xea79f5e8287073038b55b6d06ca2f312470fecc7,8707272,8.707272
0x0338ce5020c447f7e668dc2ef778025ce398266b,8707075,8.707075
0x87b97782db0c00a6f241c6ed12588ee40bbd9d01,8706769,8.706769
0xc9480023765bfb101448f6e1907ba42e0123f0ff,8702161,8.702161
0x2f5a98dc7b9a95e037875ceb39a80cfeaa45e863,8699356,8.699356
0xca6a634faef46f6c81de435204b1113ada0da725,8697775,8.697775
0x95b929941e5581a7d65dba4d319279c5c693bd15,8691570,8.691570
0x23b006812207dde5fb118eccbdbcc0714731998a,8683988,8.683988
0xbb00a58e3a1ea848682353f79939056a69248fbd,8679372,8.679372
0x360cebac3453204d44032d4e4d2c9896de48a85c,8677561,8.677561
0xf4e83c19a6fb9f1a4576c04946c9be8e00df5821,8677561,8.677561
0x0c03c422fadf904b5158d7759d56e8564889d129,8672379,8.672379
0x306a40c6bd6bda72b488d27f64455b366da5173c,8668829,8.668829
0x288b500c7e0e90c6bd563592cfb4942ff8308ab5,8667801,8.667801
0x0951f221ac35ee4bb906467b852b9b52a6db557e,8666525,8.666525
0x02fe338c475586cdb4a6b8f821af60f8b0fb4056,8665863,8.665863
0xaa8b9f5a3d7e3ffe773f6ca081370aedb7c5e0e7,8664524,8.664524
0xfff2dcc0a9c7f917a97d5d2d04d7390bc9fd84ac,8662358,8.662358
0xfcbe35d6c9481d24d7ceae9189af70f57deb7402,8662358,8.662358
0xe1cdf6f180608d828325f3c337ec21f9009b9055,8659809,8.659809
0x58c138f86620769113a46b71f4167084d8c48163,8657749,8.657749
0xe986eabe4430df37e35ed4badd331ce97e895c01,8649641,8.649641
0x8895a66e9070e0c73f45775c436d9c82fc815f88,8649507,8.649507
0xb812da58fd04867e7a6e88b494337e16d6acd8a7,8649445,8.649445
0x591ca2453c11cdba0e87adc4118b595822c0e573,8642210,8.642210
0x6590c481caa46b016b95c4202013da20d53a07cf,8641870,8.641870
0x1190dd285907ca7d565367790f726551a022c5cd,8634226,8.634226
0x669784b0cd1b4c4b36f73152e2b5756460082f04,8634143,8.634143
0x2562065110e58b3520f08ee7f28ffcd8d1e48718,8634080,8.634080
0xc540eb6c7b3e44ef8a45db3ad8618404baed88f6,8633708,8.633708
0x5e016512a29a35cfc48db5db32daec6b53aef5e6,8627973,8.627973
0x695706ee9d56156067af22d36a497f4364a3505a,8627755,8.627755
0xe8e83ddfc373bbbd22edf5a80a30ec7ded8f2b47,8625868,8.625868
0x9a12aae3237d51047d59a5f68bf47d3c7ffc96ad,8625248,8.625248
0x7eb616fa14a5de553910e2db8baa098fa6808009,8624660,8.624660
0xc95bb75edaeba9329777e07cf84d4fc84eb85578,8624660,8.624660
0xbd1433cfdb08c8cc803e90eca1e01508b0459823,8624660,8.624660
0x178a9901be0a28f26d43ba7d567e99628d6c3c42,8624660,8.624660
0x765d9c485bebb431872ea51d000a20623c1e5b94,8624660,8.624660
0x85534207be51cbc1fba65295d09b2f4d54d835c4,8624660,8.624660
0x12137de8429bbff2bd583d0c8ea05b0735d23796,8624660,8.624660
0xe1c911c8df63db14b40ebbd9ed7fb4a9c8251b7e,8624660,8.624660
0xda91680d0d772c8690b7f013b12833b87ad2c7be,8620723,8.620723
0xf6e28e1a9e75a82025ec1c76dab702b47ee499e0,8620352,8.620352
0x0c430e78c46e9d60c1de628cdcccfa1cf6a20478,8606864,8.606864
0x15e6f74318ecd0420541c24144f615cf2513fcc1,8601117,8.601117
0x40296797212257cf4a1092f41cf2cdeb96d949dc,8596321,8.596321
0x93d484fa3a00ca04cd81dd888ac4f7c61c9342d5,8595578,8.595578
0x12166f75ca07e403a7f8c79997e991195878b232,8595259,8.595259
0x7e5923ee4318d18f5a30f1ea221c93ded774a8c3,8594640,8.594640
0x27a1b27b2e8bfdd57a3049415dcf6a63ac11667f,8592488,8.592488
0xd9ff7cd71053b5d06a57c79c608cbb3d87114828,8592488,8.592488
0xcf9ecd940458e6b35f98376147314a75adb0bdac,8592488,8.592488
0x46998c34cb7e83b3c0e22f7e338a54f6a4ebcab7,8588095,8.588095
0x6ee0fbeff95138ffee4355c73da3dd974daa5f62,8584318,8.584318
0xad31e51714e429811867c76011002b9038b9f90e,8584318,8.584318
0x46214690cb5b08c618efaf418bc55e5087f28b02,8584318,8.584318
0x733ca1042fc38fa4a783b8653aac23a268f956a0,8584318,8.584318
0x40c9abc17dfd2e0815bd86b57a872ad1698b71cf,8584318,8.584318
0x5d9cc7f98dd306335bcfaab27c03093689c7bc82,8584318,8.584318
0x3dd54285c649135127404e30a335c6667cd5709b,8584318,8.584318
0xade1c3602dc87a5d2af7e511b2df8926086c09bf,8584318,8.584318
0xc7204854df4b895c49a2182818f6f2d2c27bf6b7,8584318,8.584318
0x1dde83382f5e722505e38972181211a5b81ba8d8,8584318,8.584318
0x8061075b83e3b44822407400e26bc658e63fb953,8584318,8.584318
0x1079f1cc98eefd7c6fa52537a26da09e120d2062,8584318,8.584318
0x25a2638b3b5ed8b07a673408ae61c41907cb6191,8584318,8.584318
0x5d958ce760bd7ef7da21b2ebf1d475e6677a63d2,8584318,8.584318
0xcde3d7b40fe7950a481c2d4cff1a860ca542e774,8584318,8.584318
0xb9707af7ad6b8042e04afaf4b89208606d4a5bb9,8581982,8.581982
0x9e40948d3d8efeede57863a3b3673828b0acaaf2,8581523,8.581523
0x0c99eeac687b58a30e7e08b39e40ac605a8eecff,8578960,8.578960
0xce0c906329a2684fb50619700db44ea34c5f8f64,8575535,8.575535
0x1302f5a45e902d20fe1b695865d25ff469baf900,8575147,8.575147
0x86a611704cafefa7dfcafed96f340114a0798034,8571236,8.571236
0x216262e2cea62c9a38bbc7b5da569d5b462f674a,8570558,8.570558
0x3dea0e9ef7cbcecd97f6cbbd4175a7e55c4e3d88,8570437,8.570437
0x741c3e0284b32474b66edc006171a5e75ce0ee0b,8563454,8.563454
0xee3145ad6087ba451449171a9f76e9d3686bcfd2,8563454,8.563454
0xf16b17c360bbba59a4216f86c6b2699d855235b3,8559964,8.559964
0x65b8ee88cd729b00c574884f3404678bac479dab,8559699,8.559699
0x671e4a04ba38381aff62e3c0a0cec2c064725d30,8558873,8.558873
0x0832efe7265a2452ad5a8ce799920fa207d85938,8557972,8.557972
0x7b1113048c8ba09050a70720d2aafe2ef581f7d8,8557972,8.557972
0xf6441c57dcfcc67d5d6f7832291d6b69f4edd621,8557972,8.557972
0xdde54c6cb684b63c84dd193cfab79f7b02300bb7,8555105,8.555105
0x51395b9a96f607343f58a996b207ed558b5b1820,8548516,8.548516
0x3f8da957247890e412d34e394bb1ec81a569efdb,8548128,8.548128
0x9b24a5c889ca2c31fd833e462156c2f4b19c56b7,8542772,8.542772
0xfd548a8736464ec596af23391ea436786adfe136,8524426,8.524426
0x1684c382352fa8992e2d12264b08cbfd8e06b7b1,8520526,8.520526
0xe26a6d6a90f90628400254e694b5ac126ab4ce37,8519148,8.519148
0xf58886c5a06873357e946e75a4a7e3051a1f061a,8518182,8.518182
0x7ea4066237ffd02759abd20e9cf6f8768b2d835d,8508744,8.508744
0x7b03838d75848be3c020e6f29d535c560595012c,8507414,8.507414
0x6f4b10d1924068f0b32e63f36f1638df16ecb301,8507414,8.507414
0x843355835f9160114375e1694fe53d153fbce997,8507414,8.507414
0xb5667cb7824f626cf90008fefdc6765fee3c0db1,8507414,8.507414
0x735dde08a1d36939da610ce5b7b9688db97234bf,8507414,8.507414
0x0505735529721ba73698342dc1b3eccae0810295,8507414,8.507414
0x7083f2afe95e86ec8c1f0a929adccc7756bd3e18,8506952,8.506952
0x1dd6cf5c4d0c759876aa5e2383153a46466ab90b,8506278,8.506278
0xa07a9c873e1a23c80cb7a39059ede0af44903de0,8506278,8.506278
0x0bea5465330f66373835902839bde372d5eb2c04,8504503,8.504503
0x4cb75146e98562c9d79b31649c6c739e4dcb7cd5,8502681,8.502681
0x5db2419091014463fba8e76727fb35735a5d42fc,8500964,8.500964
0xbe947ffab819c8554f44404439acd9efa4390b2a,8499256,8.499256
0xcc9a0d5c094d967d622adb220d88076470f451fd,8494512,8.494512
0x955caa327948ead6152d39257bfe1e7d307db47e,8494300,8.494300
0xd13a2e384a9be885155f877b2ef1d85bb05b1951,8494300,8.494300
0x8eb0c628a3d9cc577a2e0313155cc8470f90712e,8493819,8.493819
0xe99f881edc4d6e4e8b6fb6318f17349e8fee247a,8492771,8.492771
0x987bf327d632e2d352723d13627a54b8669e1ab8,8489347,8.489347
0x94a6ceb8c80b560f28c9048d40b994ea778c453f,8486285,8.486285
0xdcbd5a91a3e878da06515a3ccf49b6a1123ace5d,8486169,8.486169
0xf840c75142f81a12c5b82f9876edf5fffa34c3d1,8481898,8.481898
0xd045b2e42b06df91ee5d9f724e2a149b2d3b90bc,8481163,8.481163
0xf45e70e236352a27dc4b5d87d0d601d73d4bdab7,8480185,8.480185
0x59dab1a3b8ea256f059daa3b9d9febae7863434f,8478833,8.478833
0xd257d0147cd3d099790356aacf0bbecbc01d7aaa,8477100,8.477100
0xf42b7a30cca2627b26e3167cff1d9282213c5a04,8474065,8.474065
0x64f1645534ecb8e152a5904b743e202d7a945071,8473911,8.473911
0x8a4024347514dcf3b922a09a9340e78fd272238b,8472239,8.472239
0xc5c22b542e55e126b46f719b3da66671aefa5a93,8468102,8.468102
0x29e773a798730070b341dc09e58d224fa3a55eb2,8467262,8.467262
0x478680c5b1c6378451debafcd65af4827236dc3b,8467262,8.467262
0xb1d622cdc057a39c323336586ea5af887bd49abd,8465897,8.465897
0x1feff252540267f9a45596272b15021ecf2d527e,8459233,8.459233
0xdd090ddbe605e16337ce7d1f9307f70680e6cb21,8455418,8.455418
0x270df3ae686e11efa3901ae9ca3c4e08582e48a3,8450463,8.450463
0x64eef8d6b528d3725e0fad6f09d3e5027942098f,8450380,8.450380
0x13224f6760c29f4da18ee3fc5436e64010f0c1b0,8449269,8.449269
0xf4a4a93defd93c739d2ce4685b9a780052b62251,8447505,8.447505
0x0266a885362e97d1858ce49c63ec2bbce2f6d0c4,8446183,8.446183
0xed4be68e91c5cc3005519e5356e8e7ac856b5fcc,8443017,8.443017
0x15f618a19d66faf5c6d7fcf95421db3020308ce5,8440567,8.440567
0x466660aa25e0a9ab01c256608cc5c6470af838e3,8440503,8.440503
0x737a2059e67d660371f80e98bb505fb33435d40b,8440342,8.440342
0x3e36c9e89719760b228a4e0c2bfaed15b351b598,8435169,8.435169
0x864d8ed2771072a123e818fa95730e8f3b9048e2,8428878,8.428878
0xb3d789e9f470b8cabcc6107a02713ff93101ded6,8428239,8.428239
0x456cd692309fcf626b80fc3feb347fd5f29fc358,8424577,8.424577
0xc79ac9a76e395d90d3aec84e50c08a2d9ed482e5,8422824,8.422824
0x4e2599e487cf37f49051fd671ab44837e56085bc,8420614,8.420614
0x5ade769f66a5c7d53b22c9f4e2ef68ea85eb53a7,8420071,8.420071
0x67649ac58a3dce17f7b3bc19147b8b7a89ddabcb,8417572,8.417572
0xbe16cda0640888ecde1ff74c9f9963ee78f3b0e3,8414399,8.414399
0xdd00270d347ea0fc0fdd82e9385fbef0682c24f8,8413190,8.413190
0x25c2312fba5289bae256570ecd35c979e9ed4961,8413025,8.413025
0xbf69fc67876f25e08038fc0af1d0cf5d79de84e6,8406130,8.406130
0xd35dc42c3812ace3d313f8303114b731d428a0fa,8400890,8.400890
0x73abb4291e37ba0f1ebea2661fc015a8245f7508,8400337,8.400337
0xa258486b38f65902caf34262169b324710404906,8400337,8.400337
0x2114e6cd556bbd0e5ebbdbb8bbb9c99f4ff75d55,8400238,8.400238
0x721c7fffe9ac426a028e616677811f755fa99eba,8396821,8.396821
0x09efd0d038dab6adf8436118dbd51b117b50d4f3,8396444,8.396444
0x651cbdf0ab5caee5f7aa2b3a35de4fbf47194657,8392430,8.392430
0x517e9312c9cecfabd46ff6efe8f14429cc6ef12c,8390164,8.390164
0x4b5b85e2f025b2f2831b9d4135930f7b265500b2,8390164,8.390164
0x5fe340262e94fd4730530c18f968a76e080f843b,8389561,8.389561
0xc80d2dccfc60709dc50ca70545f2380049f3afb8,8389221,8.389221
0xe515a1484a26f7334d70ed517873a43288d7da71,8389008,8.389008
0xfb6d0985480d41e5cc72005e1ea1e626a30b9464,8388855,8.388855
0xe9421ceb7eb2ed9c535f8ecf448d9c00c3ece059,8388122,8.388122
0x00dacfd769bc30e4f64805761707573cb710552c,8387869,8.387869
0x3d51cbfeaea061278d2b20b5da046869f29a20da,8386098,8.386098
0xaeb143a2e812f06021a131cab361f9e6d038fbb7,8385733,8.385733
0x5545ec6d8a0e500a108e30436df3b1bfc8bc43e9,8385733,8.385733
0xc418f4ded5be1357ab76834ef3ba00d2b0d81bac,8383034,8.383034
0x5a39e2d5a81fe9e630ee574df446b78f742f5d9e,8382951,8.382951
0x19552eea292c0079a84e969e3ba74871f86ef473,8381936,8.381936
0x3464c08d8466db8adc485d36669c4e6b055fd5c6,8378120,8.378120
0xef87243fe29c2453f87549e02982108a3b832952,8371251,8.371251
0x35822d37ce82be9785107df56a428a2883f8dd11,8358622,8.358622
0xf4ea22c27db4c553aed7fe061039b281d37befbc,8358361,8.358361
0x2f6edaba2ca111188791b60bf392dc51b6e3a6b4,8355646,8.355646
0xdf35ab11698d61891f81126b6e391dd6e43db5bd,8355646,8.355646
0x77d56aca18bef1a66d48678f0aeefdf5a5a4fecf,8353853,8.353853
0x88b4f47ff1d5fce6a576ad19ac53941fc302cfe2,8350738,8.350738
0x4678cb6580b20bd4340fb5269e91af3e921180d8,8350200,8.350200
0x811b23e4ab2b4beae94db8a7ff143c417af3cd9c,8349784,8.349784
0x5cdf470f20c614c8fd1bdc40a08ae97584151801,8349776,8.349776
0xa1fbc6e80d3aa79a488ec1cfc68e721e618e86db,8347733,8.347733
0xba3269e784c087c2c427c62499b5badca6775dcd,8346502,8.346502
0x272844ec8758354fca0c65c98d3dbf56c0dcdf80,8346407,8.346407
0xae0eb3e839c20c5d63aa2b5815767cfa8f20c5c8,8343423,8.343423
0x941d51be0abcf0f76a5a4a88c14d01f4b4c85e38,8342662,8.342662
0x3e134adcc8fc3e71218e009c45fdcc8a6c39f385,8339171,8.339171
0x08376496e19122ae2f8934b3187984887cdecb6a,8337298,8.337298
0xcbc669fbaf9dd8a204863a605ef68d8e67102d1d,8334763,8.334763
0x4bb29ae775ed4d4e489e356ee3b5eb080212d544,8333423,8.333423
0x188d61c45394678d919e5850257cd394af2d2e63,8331847,8.331847
0x923aeda60597bfb085ddb415c8894e1266cad4c0,8330631,8.330631
0x28daa084735a7de561bf981a7b4529da3df24a10,8330205,8.330205
0xac949bd18aefeafb02f4a4b6f213f8c85155707c,8326288,8.326288
0xd209a66e8f575d56356ddf7ac0575ff63aba48ce,8324604,8.324604
0x0af505c7ad401e680025cf7fffa6294b90a533cd,8322129,8.322129
0x3af6b38590844039e0321f56a7b96f5b33bbb2b5,8322108,8.322108
0xb9d7d776583959678929c404212a4ea8ac5743af,8321408,8.321408
0x4f4a140e9b4a8403792970c6b5535ed0aa32c8a4,8318784,8.318784
0x745b083df69c5b8082d567795cba4c508b5f2d8f,8318784,8.318784
0xcbf4ea1d63468a46f299f1eb4893094e6de8ec84,8318784,8.318784
0x9999099991e044e3538379c80f00308e430881aa,8317231,8.317231
0xf04abf6ac93507b25e7f8f9c535c7fda8ea6d6e4,8317231,8.317231
0xcafededab95929d973ecdf198d91634f41980e7f,8317231,8.317231
0x3e13bae59d4c9c9397fdcb121d3175e9757a44aa,8316372,8.316372
0xb4382e903e5112575800eda66553815475bc0638,8315639,8.315639
0xecd1f3e99caa4cdbf174ad12ce79d89a8ba54fca,8312302,8.312302
0x283c1b6305099a3157cf31b5f1f87d7e2ede8b60,8310197,8.310197
0x378a83e012338d624dbd693dec4056498aa6d970,8306704,8.306704
0x14399a1e4ab7e45c88deffa0a824a9abab4322c3,8306704,8.306704
0x9b2117ea7747aaff9b0590e53ddc1aa825b82a88,8304811,8.304811
0x15b746e7c8ddee0f857772a70275ffa326072b02,8303830,8.303830
0xdd45ca901067d65860b54d4310e37371cd92fb09,8296971,8.296971
0x0c35728bd5c481a2b7a1ba17605483b08efa677b,8290205,8.290205
0x5a1107328d2a6ca7d4ed631b2a45260b6ec3de6e,8289719,8.289719
0x073a360c372fd51bd6e56b4a4d73790fdaec4641,8289459,8.289459
0xa38b5428a4b2cdc0c7c50d2b1c889e8e4a7500bd,8287094,8.287094
0xa0c0c811caea6413ef83fafaf5c4370d0e97b0f4,8286304,8.286304
0x078ad2aa3b4527e4996d087906b2a3da51bba122,8281970,8.281970
0x4bdf57007be460b851575d833d6b4ca0621a0526,8277923,8.277923
0x118e0804ca176184f0b91f361fedc96932ba0971,8275978,8.275978
0xbdca8494017a1f359c3289378409400dc47f1457,8273522,8.273522
0x265629128496df0a84442c4eb317e282540ae104,8273184,8.273184
0x275dca1b2425b185b769f70a263a2a5d3d377182,8272918,8.272918
0x69e67aad5495a48c4ef3f770d93a99935e1dc90d,8272918,8.272918
0x7e91e9e7071f8b9b7e7190f80f0129308a81d9da,8272918,8.272918
0xe7d14b98386cb0752dfca69151f85c91eaa87b54,8272918,8.272918
0x9e720b658169f8e57f76ca78f45dc8900cfd5daf,8268122,8.268122
0xb599b645a49b871e8b8ea7f069026706f72c68d2,8265969,8.265969
0xc60d7112618227253702ecab9eff4a8ce56ab02a,8263239,8.263239
0x593579b6d4b225c34a086c3c4f4336f52277f514,8262799,8.262799
0x61846638958e3952ca887da06545c3a541fa6901,8257560,8.257560
0xe4af9ecfc747fd6becf41d35c6e59f326e9ba28e,8255830,8.255830
0xdfd5477e42bd164610599471aa848bc9fac1703c,8253119,8.253119
0xc3f2da769ea93987b477e5df2ac6a950418e60b1,8247004,8.247004
0x1232b005be34726cb5d0fffd2ec62f67607bd05e,8245381,8.245381
0x460cd07239168b4500597dd610dcff68d19b9262,8240186,8.240186
0xbbb6f69f01d2829be7e665e2ea6100f7c2495f18,8240143,8.240143
0xbabadeda6ae86c69564a61a45b26da3cc39c6b9a,8238021,8.238021
0xb188440e67e1f0d155460afa2c7427941ccaba96,8238021,8.238021
0xeeeebabecf1901ec4a5d44e7c686758a9ba2b326,8238021,8.238021
0x547473544fd7785b6ca35510f42d39ae13b30321,8238021,8.238021
0x934ca75688b2d67626a1ece46cfe0f4886a301bf,8237224,8.237224
0x29ded3ab5397b5ebda1c4bf5ea855a3383271903,8237224,8.237224
0x7bfc5a2cb7498535a2d341233233c667f02c6d73,8237224,8.237224
0x992f09e9144f68cbb365b0d447590cfbd9eb7400,8237224,8.237224
0x81f89a3878638f497598d79c42f7f4935d0c6a61,8237224,8.237224
0x6010ffdfcbe5afa42da4595f4826a9bd2ba06c13,8237224,8.237224
0x00843213a104a752ec360108688979e378204137,8237224,8.237224
0x11a4b99cbd7a974824966f5ccba231ee3c14ef1a,8237224,8.237224
0x278be9185742408447bc88654da2fe19766c967e,8237224,8.237224
0xa110d783a5b6b0b2a2c867094364e8f9752d5b93,8237224,8.237224
0xa24ab5d5ef3e3cdb55225e1a5af7ba00f877410e,8237224,8.237224
0x4978d237b4c6e33ff8c6a3e24710fef0cee45f87,8237224,8.237224
0x5d8433d503861bda143638d9d275a4fb7d279b1b,8237155,8.237155
0xfa4dfbe7b012b1d92fdd5544f30518bb58bd41ce,8233712,8.233712
0xac98d36783266bc4fbae14751c69aff811406932,8232896,8.232896
0x201d93d259c89f04942e0055ddd602c1cc3d1632,8231603,8.231603
0xcc2a6c936f3765b7adfc695960ffea5a9828d309,8231015,8.231015
0xd98659215b95be60fa5959ab4a7b0b1e3dc621f6,8228975,8.228975
0x3228b9f4933244d0822f68ae05d0ce722563d2b3,8225348,8.225348
0x5b79df96e2a2fbc144882669b9ff79e278a3aebe,8216143,8.216143
0x678e1e7a4c55b5bc3735df2355c4c1240c079846,8213704,8.213704
0x51d1cea9cd0a4675b93ef29c828c8b70e3461b2e,8212903,8.212903
0x29895cfd4a9d78df0c7513f3c4d8f8eceb3e6c27,8209794,8.209794
0x8aaa9b238c1f6d833677c3846a2e2f07e9a1864d,8208848,8.208848
0xe883163d97967897d87648b6bedfadfdb471c87d,8200102,8.200102
0x1efb3038de631cfce0c0a231952c6b90d5d9cfe5,8198062,8.198062
0x3df7bae459c933eaac90256b06c0baf1d5056f03,8194122,8.194122
0x00173c4cb23e6d876fcb036ba954a2f9cfcafa19,8194122,8.194122
0xe3b72489968f11c15282514f33df24634440393f,8194122,8.194122
0x3e0765196ab970f0b42af9e930d17d1340d7160d,8193426,8.193426
0x56de6e445d3181ca47825fad343313abca06d685,8192446,8.192446
0xa3632dd93b046817ae313a22a0e76cca971499e7,8191638,8.191638
0xc7c836db8471590596b493d14a40712f55fc0753,8190984,8.190984
0x38d76e6f1487f799a4497f403b8a3a3eb047ae08,8183398,8.183398
0x0883b2147a8f9a3f144f22cc769d7d73a6a7d7fc,8182407,8.182407
0xa5f7a90bad45094aa676f81d580d8b93284e8506,8182340,8.182340
0x843f06453e5d5f09b39cef6568c545b30a8c646f,8179753,8.179753
0x54050db8c7ba01eba6308d8e87e14923417aa455,8176648,8.176648
0x17c13c3ac2e455c7a625b6e31016eb2071148996,8173180,8.173180
0x6b24dd1140580d05495782ea2973126b50f31345,8171482,8.171482
0x83d2f1467ea045a48dc29d384ed799155ec60e66,8168551,8.168551
0x633e94f8d4e4b1a9d824c37989686b650b04c596,8167649,8.167649
0x21abf87a19ca428ad7f2b8b66179fd48a34c7988,8163009,8.163009
0x6d8d524dbe93b62995285d6be5fbf3d0ccc0f2ff,8162381,8.162381
0xa017279b02e3b92f252cf7239bdc2a5f7fe6223e,8158903,8.158903
0xcba379f9b3e98ebb75a3441c73f1edb0d74fe9c1,8158809,8.158809
0x11ea6697ba8dd19c0cd883e50dccf62e2d9fef83,8158809,8.158809
0xeeeededa8087650052a9ee49251b8db1fdc4aac8,8158809,8.158809
0xfaceaceb5fcaacee218e3aceb8296e6cb89f4151,8158809,8.158809
0xa3d1cf384c51c84b64318341a37006f5a932317f,8158809,8.158809
0x568896f5fefe8ef7694c391c7c9c898ff015681c,8158691,8.158691
0xc0780b9faa28e077b1e52e474cbb225faa31f4b4,8157301,8.157301
0xc07714b844cbad9bc5ab06cf4ce28b00d22e22e4,8155670,8.155670
0x6964f870aa07461521ba2f947837a00e0a4c008b,8155670,8.155670
0x4b6b431205e4937f93c7feb835fbe7e22d7a2c1c,8155670,8.155670
0x8880e147656921d19ab6b5a40959ac70c9f45752,8155670,8.155670
0x90b1808848036eb92a4796f0f2ec856c9116de34,8155670,8.155670
0xb4e6cdffe9ad377dc6e29f2ffec4de4b3dc99ccf,8155670,8.155670
0x21f0805d0778661ae90e8fab889e120e7e9cfcd5,8155670,8.155670
0xa7ed6eb424b199ebfdf2be42a65f2e36631768b5,8155670,8.155670
0x5a9696106b832dd797df53c8ad9bfab2c1701d32,8155670,8.155670
0x5f7d7aed4c4cad0f190c9556d79ab348af48f6ef,8155670,8.155670
0xc176542af5c8e5609f1d999a996465307ab9da80,8155670,8.155670
0xfb52e6f695e64088939c0665fd711c929bedc579,8155670,8.155670
0xf578cb0baeb867e3464f57e4eb7359bd4fcba64a,8155670,8.155670
0xf3119222fefd46875391333ed596246194717f70,8155670,8.155670
0xcfb9f66975037d296c881b83b1e8738b2ae22641,8155670,8.155670
0xd65e87f756d0f21faceb8d32eacc509c1284f25d,8154806,8.154806
0x69dfbba966c8bdeef1dd42a381ef4e4defccefc2,8154335,8.154335
0xda4f3fa870896239b99c7e8a04ffbd0cc948aa0b,8152910,8.152910
0xa9452d6033b1fc3e0f7398f45c79ba3482662f3d,8152772,8.152772
0x6df49aa58adcb05b6a066db5770f29fbd7d17264,8152726,8.152726
0x3de16382b91f59f544922bc7323fb9802b40d5c0,8149409,8.149409
0xbf970e507672b30abce90bde4520e3939d423adb,8139885,8.139885
0xfc1bdd4816161d23538cf1541df85af2eb260d24,8139483,8.139483
0x1097f069a512091c9fbc8893417a6525faba4012,8139417,8.139417
0x70cf0dcbdcd1eca753e283fea8d782d13cadf9e6,8138772,8.138772
0x46baa8a0743b4b6f94e59fc558ed0849c5630b78,8138744,8.138744
0x63c4222a3e8cd2cdce3cc0ec2db20bfcd8451985,8133855,8.133855
0x5336e70ca50f17b39100d0ee5062266a87d87d2a,8132850,8.132850
0xbd91ed15a05372a1fa9f9dc472c7506ae946fd8b,8129593,8.129593
0xb6647cae065c321e75775b50a25fd54e9ac5c436,8129403,8.129403
0x8e4184f5e3bcbb4c0e38920eb970343d065571a6,8129273,8.129273
0xacbba58b40887febae6a4b3ce3323d85c202b2e6,8127628,8.127628
0x0e2736214fdc16dc49b264fe17eb62d22404b7c0,8121049,8.121049
0x4dfa1dd353de3edc961b3f6e106ba0e52a5464b0,8119203,8.119203
0x7693b86b298b3d79aebd0bff6c6b65450e623597,8119203,8.119203
0xb69d9bf6d7bb0f814ea06697393e5281d38bbe49,8119203,8.119203
0x1534ea590249327e2ef31d476ee0223f19cbda95,8119203,8.119203
0x2ea088d75cdc67b18d00938637cf4468b908abb8,8119203,8.119203
0x753bba092b802dc7cc5a220c709b5b4f5f462b4d,8119203,8.119203
0x0cd897a1b202aad4b8b2a7942de59b9ea50ecd1e,8119203,8.119203
0x1ee46b85e89aa7724b8adfc738fc622a3d1f1a87,8119203,8.119203
0x59fe809865ab8de048f558d6f8e39fa157fcc84e,8119203,8.119203
0xba7052c8a6c2e0772d66a97db67a8bb8caa7d36a,8119203,8.119203
0x110f322e361f1c124285c76beb098d1a36d3a431,8119203,8.119203
0x12baf0e81107a4a64fe750816e650c7a5b4e6934,8119203,8.119203
0x1ce7cbe7bd1c66a446fb8522aad297a5f6992af4,8119203,8.119203
0xf3064bbb3a192be763a2ea82732a3e085c4524a8,8119203,8.119203
0x52a0ed1fafc873e6df48601efa731d4fdcccfac4,8119203,8.119203
0xe67c43334f9d9280b4ffcf682ebdc4fffe4626ac,8119203,8.119203
0xe2f69cd00bc6f73dec988211b5c5941b39ed38c5,8119203,8.119203
0x9c30fd4f7212f8032d1bf9d02ae0956109fb9ec0,8119203,8.119203
0xfe4297acdc841fdf83f006a7940be45f6950b9fc,8119203,8.119203
0xa4ac9ec169fa6d60a9f7d1f6f5f26665035488ab,8119203,8.119203
0x850fdab7c76cde1de8a0e4601cfd125cb28619ae,8118806,8.118806
0x393f50d7a6efdae2c6b70bb493728e037714eac5,8118806,8.118806
0x44265dae5c21110b0dfdd421503ce3e1ca3280a5,8118806,8.118806
0x7cc49a9bcca4b9eb63a636578f4bffa7aa24305e,8118806,8.118806
0x8712807e94b6073833a2721e98738210b5b44a5b,8118806,8.118806
0x1a91323f297adbe93f7606b20d853ee6e658ade4,8118806,8.118806
0x78b787b11ae1d50acc97be2f3e54f1d1851f522b,8118806,8.118806
0x91348d0c0247d7c51e3f2ce5d0e2c1f39c49f47e,8118806,8.118806
0xb91bdd2fc5a16436371768a58e8cb0d5db384a2b,8118806,8.118806
0x0b6564cf85978dba38eedd3eaf96c97a59097c63,8118806,8.118806
0x103b73cabfbd85c5461b532267401998a27f5b3b,8118806,8.118806
0x6a45c27e47ecb7d51e69839ac949aa69f8f0f15f,8118806,8.118806
0x70359b0d95c8f41c52c59fb1dba6da81fbc8009f,8118806,8.118806
0x06763a3fa512ef21f6c99f91d132b2b2f5a34860,8118806,8.118806
0xdbe452f1a0d0190e161b5fae8ee3a530f099d9a3,8118806,8.118806
0x134d01830a81a43e051ec444f4ea97df51f4d54c,8116084,8.116084
0x1eb288a62d0a8575392bc5e348610e7016ae5b96,8116084,8.116084
0xfa84fc49e3aeab19eb3d23724a4489669c6ba386,8116084,8.116084
0x485e308cc279a59504b5267bcf95489d2a441d36,8115688,8.115688
0x9160f25147c041c4d2f931bf0b1336dbd2888378,8111306,8.111306
0xf888813ccdf665b1fcdf4f8526610c60a0819553,8111159,8.111159
0xf97f49444027a6e4844b1aa3f7ac490830309783,8110590,8.110590
0x20fe017fb74f3726d611e409006f88269cf2bfa4,8109021,8.109021
0xdc17e851d2e64142303311d951244c3c21ee6782,8108865,8.108865
0x1a34aea3e7f45dd1238f20aa075bc4fcc6615a80,8107167,8.107167
0x2a8148bcc5632cf95fc08eddfbde7850249db5d0,8105067,8.105067
0x36b8d5664001cb72ed0004cc342e8b34ce5f3a30,8102986,8.102986
0xa61576473532e2196817b841c4a8227058470ead,8096268,8.096268
0xf05a4ef81fd8bd517e00f7bb47b8520fb4c73bcb,8095892,8.095892
0x230b3867b15706c0199013a6eddaedb7a2abdff1,8092268,8.092268
0xcb4735e456a45f480f38fa843abffbcb49995966,8091610,8.091610
0x4cdf040935a1f3c6424f96cda3a3b748dd9213a1,8090258,8.090258
0x386b5ab400a0546db9c8831e5b0e6c1a77be3885,8089231,8.089231
0x5ef9b9df73b36e248c7245a60e9b3d4677272693,8089099,8.089099
0xcf4ba7e158dfb76ba274b74db4cccbe7365b487c,8089099,8.089099
0x0567c6ed430fdd5aee8332f0cd8f5a0ee97de317,8087614,8.087614
0x21cb4fa4af48b724f640434a221ab894aab23958,8083481,8.083481
0xddee0d65233e169309e05a64463ec85f069ef4de,8081919,8.081919
0x3702064c59a6c5f74e1097e096c4d49b646ded2e,8080576,8.080576
0x03eb6ef77592a07e329866644be310174ccc9b3f,8080429,8.080429
0xaaadb2b10a4f07ea28ef455b676ca1138934f676,8080233,8.080233
0x1010101036ea85caac4bb82d953f26caf14a9ebc,8079595,8.079595
0x885bbb7d7b149ae5ad91460c617b9aa0597bb25a,8079595,8.079595
0x123456789681afb25aaaa3b2a6e064c57c8fa3e9,8079595,8.079595
0xe83ba715009859d79299b9e981845ee387a8d706,8079595,8.079595
0xf0cb97201fb0b288fb2092b5dc9ff3e45f9d1726,8079595,8.079595
0xffc8684231888888888f125b2d4843ac6ae3c605,8079595,8.079595
0xea82a6482bb7ea76114255e74d78fb9b345f25da,8078360,8.078360
0x60933ed0ac953338240ae713186dc6e166de500f,8077135,8.077135
0x82dd99ea5d6a1cf7eae8c3b20ff9d4a521ad624c,8076076,8.076076
0xac6aaa2b14e0e1d3b037b584aa700073bc1267c0,8075296,8.075296
0x5c78d59664ada88d650a8242bd558b1601de73c6,8074846,8.074846
0x28c93d6d7c27b39eda8cc9de7d63feee8a43e42c,8072196,8.072196
0x3d5dfe8b4a6b9e6206ba6343e87bfda1f4dc48cb,8069319,8.069319
0xc71b580be93b386891d12298509036cbd4052376,8066329,8.066329
0x056590f16d5b314a132bbcfb1283fec5d5c6e670,8057251,8.057251
0xea2c55be07d2788003ea5d9d41e9454f66853ff5,8053913,8.053913
0xa09325d99da1471da38e29b9654ec274371fd4be,8053342,8.053342
0x70b224998167a500ef39ed91e35ad133d996e744,8052440,8.052440
0xbb030a0408edc41f3c61ba3f132c06e93eda68f4,8052437,8.052437
0x5ce963cd8fb8dbf17c6bf823f7e9186f7b7649be,8051341,8.051341
0x62d164ec972c048e0c9c4fa26e6c3b9984982d25,8049153,8.049153
0x58b77253d2470b821bb0904963fa392a076d340a,8046629,8.046629
0x17d60e33385700247741d8a0c2db0d4ac28130d7,8045649,8.045649
0x96669ba5c957318c81ebdf2e505c89b1f972d9af,8045309,8.045309
0xe645d359886e046ceb2e5ff02a1cad3c44d6b467,8044645,8.044645
0x5336c598be38891c760e444dd455d293a1a81810,8038419,8.038419
0x7000ac1fbeb346692878cec9e3823cff0d782b72,8038419,8.038419
0x792b32ea8ffbac34066a901aeb6a85037fd64030,8038419,8.038419
0x3beddf287b792069c60454f1d777783fcf173465,8038419,8.038419
0x18905254f4bef8fc4c58d3550da75f72c2dc1eb1,8038419,8.038419
0x28eda6dbcccc80ed358be81dd70bdc74b704923e,8038419,8.038419
0x8b8be83ec527753cfc7e6565cbcff81ef7d56e02,8038419,8.038419
0x5053a1354cb45eebdd2d8342ceee71d41efa75ca,8038419,8.038419
0xbce52244a5408f860fa1158430f38184dc64ceb0,8038419,8.038419
0x67c708454609f9f6d28227402f50aa8c5f92fa08,8038419,8.038419
0x58bbfbaa295f670e2027b94e5fad4818e1a7ac66,8038419,8.038419
0x8da2a6295d092efe85a4dac62f9a6cbc3ef01b7b,8038419,8.038419
0x8f02f5ec7d6c97df58b472bc8964e4c3f0a47c77,8038419,8.038419
0xf4c1147c42452c6a9a2a6a732a59f9599bc0bfbd,8038043,8.038043
0x5847cc72317080bd0fbd7721b01977bd5ae93f45,8034943,8.034943
0x28bf85faf0469455710e5cce867307d5f753532c,8033873,8.033873
0x881227b8dd21087abcc509ee12e2cc30c0e0e47c,8032872,8.032872
0xd229a3c9c05185d4ce2f453724877ecb1bd3d269,8031801,8.031801
0xdeaaab50ec171bc78d07aca133396fbc21a9daa1,8029911,8.029911
0xf55d8e3bfaa1be6f079da7b55f3433f47aaf5af2,8025875,8.025875
0xb3bc0e8a321d78c36e30a24a97940d532e5902d0,8025334,8.025334
0xa1142a53198b123bea31aa57c008ac95a7a54834,8025307,8.025307
0x421312c8e8cb7bf137ea430d235eaa391452fa7c,8025273,8.025273
0x303b4fcc2ace5d82f3d82200461dfc35e5552a84,8024964,8.024964
0xc47795a89a34723172b267f7faf01113aca7119d,8023912,8.023912
0x894b16eda3941ef03eabaaf98ac1575a11f63df8,8022368,8.022368
0xc47d9828ea3bf950680d7227a4d498c5a8785ddc,8020616,8.020616
0xe05eb32db363f7554a92a55274a1d64f8565550b,8019607,8.019607
0xf974ff1a9282b5e21daeca731951d09c5c0304d7,8017875,8.017875
0x20030d10a24457263fac1559fb912b97d5493a34,8017259,8.017259
0x2698b3032b055374dee1ecdb6da2dfeb2c036606,8014155,8.014155
0x5f8d34fc4c315184583290afe91cbbbbe5a06744,8012933,8.012933
0x506ade0a94949db63047346d3796a01c09384198,8011144,8.011144
0x65b8f3c054e36e3e792463b996901aec979cc9b2,8010155,8.010155
0x5c395d030531e930bae0c64cfdc502f9e58f75e1,8007565,8.007565
0xb07421eecdb730794b3a7e76e54e7683c3687d8b,8007024,8.007024
0xdca84cc0ef7f713ff1455b3d0eb119278792f4a7,8007024,8.007024
0x5499725aa567b24d7b0d72adff6da9b8da5a6667,8000385,8.000385
0x117706a09dafa1898f6829371593031c748c0d32,8000385,8.000385
0x8124578053ccc6b7221e4831c812dfd4a18136be,8000385,8.000385
0x7f05ba602b034e80d259328bdd8dd21bd36c2801,8000385,8.000385
0xc54a6c3778016b06cbd126ccc3b5bc06c5f666fb,8000385,8.000385
0x88888888a51765b09a32e8930e1ba1a17927ebad,8000385,8.000385
0xeb53267c91e4ae2044798a374fad8c656450c75b,8000385,8.000385
0x0797fc6d6f3762d33728e0eeb9c82dd301f3467b,7999637,7.999637
0x312191196ee79e01c38dc3c83f5dfd4bf42fb440,7999025,7.999025
0x33598748095fea041564c3769b202ff1fd4c0eb9,7993575,7.993575
0x3fd557ca203e602d7b0e5b0bc9d0c3e816b5563b,7989478,7.989478
0xb1c9f695ff402ca8fdc29629da08dce6640d5e51,7988249,7.988249
0x9b5fcc2a532280e1f435c0bbd5d8f1b9cf6bbea8,7986867,7.986867
0xfdd6283c131b47ef7717735bd3d14328f55a5c12,7984085,7.984085
0xa25b5f9380e8c44b246c9c1b80bfce3bb8e45678,7983553,7.983553
0xa17d6bc3396b8b9953e35bf6c7304ebc2dc2d58b,7981176,7.981176
0xf1dbaefd1be46b05a40242796ad9f5d3ace162f2,7977588,7.977588
0x76409ef83dde6a663557ce18c627cf6d50446077,7973877,7.973877
0x50688195ccff36725e4f00c3ab700f97f3d747c8,7971568,7.971568
0xa807902fbcb8b9692333fd6a5be5645f053d3ed8,7970870,7.970870
0x21bb955a63589679cfb60cf4dd602c25fed375dd,7970851,7.970851
0x7d2855c1472266601af0f8206b0e12a87d934760,7968209,7.968209
0x4a2edb68b349bf1cf4d30eb8396fa0ff570cd3fc,7964367,7.964367
0x7d5fb6e1da2aaf7e9f157ca1ea15d2f6e4f35aae,7963405,7.963405
0x68667755464e6f619ecc2c7324d2190db33cdf82,7960504,7.960504
0xe9b0dc64adb1777b9e33a367f6e97ea858a6ecb7,7960005,7.960005
0x2644d2755d6e6a8fa8e1a0edd388bcd05cc42588,7957918,7.957918
0x5cdb46862e573232955fd644dd51d6b7e2cbd6b7,7956534,7.956534
0xc3d8a431312ffbb0fc106c1e0282b14712fcbb40,7956100,7.956100
0x000f38c11de32df3bfd065c37eec99a00a42546f,7952565,7.952565
0x734d37c90e556cbb522f3d001f6d63b071aae2c5,7952498,7.952498
0xdb1c992e5d5e9e6df5c7cd5209918a8c8d8de5a1,7951778,7.951778
0x6af10bb2b5a129bc328058889da21a74ee8a4773,7950619,7.950619
0x81e3c9ded64caf37ee5ffd643637e1a97cd64f5f,7948151,7.948151
0x79111ed88a22140bb395b2da489925cd803c368e,7946527,7.946527
0xd43eb3e2a19a274131f73cf5fa139cbb3cd37e06,7945548,7.945548
0x4bf2120f90feff1e1f443ad07e542ca6b2f30105,7940692,7.940692
0x23787e083f1c0c858a026f0d57afc9832204b8b0,7937948,7.937948
0xe431ec89d20cbc311fdacee0a1619d032f867ada,7937110,7.937110
0xea9c95aedf973657b19e1a112bf47cbaa1eafaf5,7935252,7.935252
0x038d59db5efcacf62ed9806f4379dec89dfe526a,7932151,7.932151
0x1bb03305286db08af2c313765cf900169843d0c7,7930722,7.930722
0xb25024c421d4f8bebe468d3dc353e07868c99901,7929095,7.929095
0x0f46540678c7e6d2ef983b382cc07fa815ab148c,7929095,7.929095
0x07d2a08adbb4c19108e3dd85f25a2470a40a5fcc,7927809,7.927809
0x53054252012d5fbd2cb8d5f21f3a1d61cbbe6045,7926219,7.926219
0x19bc02cc7a66f377a0237dbf01b36b5f9bc284a3,7925456,7.925456
0x356cfab9be5af2455a098fda12559ec3b29fbd16,7924341,7.924341
0xe2c8f9e17a6d5c6df24444fe3050360a14822904,7921335,7.921335
0x39367ce3a0ad2bde87bdaf932aaa76f6bdc1c25e,7921172,7.921172
0xb524f622df1eca8f947910c83167246e723d11f1,7921172,7.921172
0x32baeb7ac383a3c13512d8331760dbfd8555a232,7921172,7.921172
0x971dc454d50704224c23a304f6fed9c538b4b855,7921172,7.921172
0x82b42d2416017a380081b7d90aaf2fa9c4e434d9,7921172,7.921172
0x3d7849a51a2da3b3b455ca6a6d604c902f82e7c2,7921172,7.921172
0xcdc8fbc1cd62335902664e31295c87e47f7453da,7921172,7.921172
0x53e695f742b4445314d68a3bf54803db7e7e3e01,7921172,7.921172
0x85730c02809737c7cc0f6f0db8ec9da0c5a14d66,7921172,7.921172
0x3eb72a65f9322d3f30167cff9fc9fcbb23d61cfd,7921172,7.921172
0x5bb0240dd04606d71f82979ed2329803104a9814,7921172,7.921172
0xaba3abe71987030782b3312f23ca0f199791a748,7921172,7.921172
0xbd564f813c7cb069c3214a1874b46a1607a51dca,7921172,7.921172
0x1c23f269fce4729f1e5eaa2593531bd89fa26022,7921172,7.921172
0x462ee468bf3f71296ab03688a0f138810e00e4b5,7921172,7.921172
0xc0448596d4caec9d1d6b1b5e4761bf85ab4d1d5e,7921172,7.921172
0x14c4b78680b4e8d6373f5b3fe7c421e3085ac723,7921172,7.921172
0xa6bb4e23c5e78c2c57300332deffc115d1d9969f,7921172,7.921172
0x22c032d041a70150134aa350b595afe162afb993,7921172,7.921172
0x7e0a6f814a57e1919f60525294d834b7532476a4,7920985,7.920985
0x00a5af2d7da07df76073a6f478f0fb4942d2659a,7920865,7.920865
0xeb6e5dcf8e854c78d2f1c64db0ca95ff0bb86068,7917699,7.917699
0xe15c37d50db6ddc93ea1b906750d74b944ad96fc,7916770,7.916770
0xf6fe5b2b625a237b9fe1eef2bdbc156d4866e28d,7916070,7.916070
0x4475d1be974301106036061898b26fd5d62dbf5c,7915758,7.915758
0x7ad41e9d6e1fa47f1f6bcc63bd0327009590a47b,7915617,7.915617
0x69f5cb0f6d5657df63b72f8988005193d5d3556b,7914951,7.914951
0xc3fb161dfcdecb82c0e6c557a83470a9f3324b22,7911937,7.911937
0x35e0980f0301119ac8c4a2f9b577a928c24a4ec5,7911574,7.911574
0x9349a33aa22d6b79caed1a027747c39dd2e44a38,7907647,7.907647
0xdcf8c3e582198a20559a5952145680510209b9b8,7907523,7.907523
0x864ea24856b3614b2a8aa4045f6bc940d34b2e92,7907327,7.907327
0xa1e872d4e51c6f149e75f8e3a7fb7bb578383500,7905855,7.905855
0x9815388e57aeebffa58d469b805f170ce0c6f855,7904618,7.904618
0x7fb86f431d227bbf90526ec4e8dec1ba1c3396a6,7900301,7.900301
0x3ae5e6d599231ed4741de91554ea5f98696b6210,7900161,7.900161
0xd940bfc45ef5a2a20a987e583beafb3dc74a3ee2,7898803,7.898803
0xf04e41da20ec87d098dccce6c89f85cedcb576a1,7896128,7.896128
0xff3fc772434505abff38eecde3c689d4b0254528,7895532,7.895532
0x84239aa3bf81cc9a026733f84e1f28c61734787f,7894928,7.894928
0xf950acfa3a2a68a06fe076f91dcb9e63539b7044,7894751,7.894751
0x4158851e1c91fc7c40ff28207baf82ad9a54c72f,7894343,7.894343
0xc1fcd3f55b917c3f53b7fdd0524ca1a5e26b5c09,7894026,7.894026
0x12888e72145e76a06a459a579239180149c10a85,7893179,7.893179
0xee4ef381e73e9bdb1ba7578714c9b21e9505bf34,7889995,7.889995
0xb9d38faac1cda073cca0ee05fb896be04df8f280,7888097,7.888097
0xa137408f19372b427fc2fde105ab4b24019c84c2,7882366,7.882366
0x122c5acb22af3ba3d63243a7c6aeb75b149c3186,7881966,7.881966
0x63619fa3e6db7d42a0427d5b8ba31ad6a34f989c,7881966,7.881966
0x969d1a8165ca87e651f34758376b9b29b4e9bb92,7881966,7.881966
0x4bcc30fbafcd97b31c926266129e30942cd2303e,7881966,7.881966
0x5b56d735fe36885b77c6b5292a86bb5e6f13e83f,7881966,7.881966
0x6f6fd091aab72ef325d3cb9a691019bf533e94c2,7881966,7.881966
0x969e2cdbed527117a00349e0ec352cf7967284e3,7881966,7.881966
0x5e95b00eb048ba226e37f5fcbab2ebd8b530c83b,7881966,7.881966
0x632a84dc35a1e43b8196b2d08630dc9e6a1f3692,7881966,7.881966
0x7822159ee394d14745cde63a706f965fb73c7ac8,7881966,7.881966
0xb61f148ef051ec243127881d8abfbf872ef714ed,7881966,7.881966
0xbbdaa2f88e6c393c4169f5116fb76f03c22fa816,7881966,7.881966
0xc7fb6589477f0f90c3bb3cdf97b9dac4ca40c19f,7881966,7.881966
0x94a0321182f95b4b54537a6dd78df5750df3513c,7881966,7.881966
0x17aaeeb55b9ee0d74c78543320d1ab77ba3298ed,7881966,7.881966
0xb3742b11de13b9dcb129c7d28684572ac1d8edcc,7879701,7.879701
0x88a594cda2fa679add7173d40827ab96d8878757,7875729,7.875729
0xd68ff618ce9de19ae2ada50f6151700dbbcd7d36,7875054,7.875054
0x6a8bca2af6dc931c9b15a69495314e6a6e519b48,7874917,7.874917
0x4e441d3a31c8b2672a7685482bd288938e5b7833,7874684,7.874684
0x921308f4593269300e70be096edc7defcd771b86,7874225,7.874225
0x87618599569485038e48df863a91ac704458b09f,7873412,7.873412
0x85853a2cb8e5fbe0f262645afd7312fce73811d2,7870381,7.870381
0x854f1269b659a727a2268ab86ff77cfb30bfb358,7867885,7.867885
0xbbc6a7aed80fcce421ceefec7a8d2e93b067f33b,7861702,7.861702
0x4ad1446c6d7b9083a46c9721cfc6db63518ff24c,7860744,7.860744
0x3a9e5e90b35c13f271b4fc1dbdf3becf7b37ec69,7860284,7.860284
0x58d008dcc3dfa96cf819ae9b93f8670e778b390f,7857694,7.857694
0x0a1ce6b33e8a95bbd7a070810114e80d84bf06f5,7852423,7.852423
0x2925280b6a4014be23044c7b47c6acd3045d8eb0,7851235,7.851235
0x9f4d9edaf51ac6739c74d88975dfc467878ad698,7850196,7.850196
0x8a2fa09530f858d2b064d5539aa755e8b901033a,7849498,7.849498
0xf7f4ffea88aa541720a39bc909eef38b2f3a4d55,7848250,7.848250
0x65b0f840ea292fc284c23fc839e65b3951d46195,7842859,7.842859
0x599f47a34fcd74c056072dd6cc1762bd168f1435,7841960,7.841960
0x7cc11b49d96172b08e9ae06c2bc15a83fb2df9b1,7840796,7.840796
0x62f32cb119f53b825122808ce6bbc050e48b1f13,7839197,7.839197
0xc700eefab2a70d3749bd5d7d92783408d6c95d57,7837467,7.837467
0x0e4a3f48caa2730b2d379d6edfa1aa55ac03eddc,7837447,7.837447
0x74cc726c46e8b3bd7f55d8df71066c6bf883d022,7837355,7.837355
0x8d5717747db2e75e4a7eed1777a3b4c7f2bb16bb,7836385,7.836385
0xc87bd61fce6dac282a2f9225aff04e9718f58c2d,7835140,7.835140
0xc844223b05ee37faae3b5b1467382ce9909c6edb,7834359,7.834359
0xd872db7634d7092fa1ebbe967d87d1430f1ed3bd,7833580,7.833580
0xd147ad5e09ac351839422628d9e4be6db2a05543,7832799,7.832799
0xc0e95a62e77f5d746a825eb48d6a2742af76ee39,7832019,7.832019
0x723071bc13a9a11af5646d167acd9c357dc120f1,7831314,7.831314
0x450e7edf7c8dbcdf9fd8db2d6f9fc36c0fbf23cd,7831238,7.831238
0x385a842c5dd50be4e054494c49fee8adac991bbf,7830458,7.830458
0x495943ad96f83a750ff9351fd7805f6f94be661a,7829678,7.829678
0x310cad6a47e313988403388e52562c13a724031c,7828894,7.828894
0x679bd4d6c1634d5c042b99199eac3e7588787a5b,7828117,7.828117
0x58567f14846ec954cfbe20d1bf8464307366a2c4,7827337,7.827337
0x978242632dfaf0d1349d5491769c036412434b28,7826555,7.826555
0xaaf8d84e63d8e94ef3959c9d6fbd9ca68c796b58,7825777,7.825777
0xaf2f9cea887af8f973a06e752bc363b85d4ec288,7824996,7.824996
0x58b1e45ebdaf2b1f9611acf8bd5f9023fe881011,7824216,7.824216
0x0c58a88a02619db733c99a35b4be3e0b347d6d83,7823438,7.823438
0xff3efc9e884731db226424c550260d623298c38a,7822656,7.822656
0x8f3093416640d0e4ef12cd9e9be9115d6dff6c6e,7822011,7.822011
0x47c9da247224c6e281241c66edbc5a42e31c8d7c,7821881,7.821881
0x2947ecff9e26b9202817e446624c8c1c8dd01d27,7821875,7.821875
0xbad5859162cc5d834b44c1014598fb10cd09419c,7821095,7.821095
0xe3d47beccb31d105c149b37a9486d945cca1e469,7820314,7.820314
0x810bddd6baef0a1b30e2c2c152367f1079e699e4,7819534,7.819534
0xc138bbe1cb20aa945c55cad089cde06bdb38d41e,7818752,7.818752
0xe6c04cf7a508760e73ca12c7ec0e4ad67755541d,7818575,7.818575
0xa3aaa75903bfe7f26d7fc7ff2ea64bff7674ea0b,7818247,7.818247
0xe7b0b73217d41bc641f8174294744bf3cda5b5e5,7817970,7.817970
0x9eb786ebbaac2d7a4d441b555b3a7b7148ff0e01,7817192,7.817192
0xb70cc75f00a415cc658575fffe8e833c645c1699,7816408,7.816408
0xd91b392b46a4ad899e2a9a4cda86350733fed143,7815631,7.815631
0x0a7c1527b958c281d75df8ca105bac434296a3c3,7814851,7.814851
0x1597be5206ef866aba46f1779d75ef7ff120262e,7814304,7.814304
0xb0c4a240581db36e455e29356fcaba6490503b00,7814070,7.814070
0x333be3261d637c822db11085af4ad9e59aaa2ffa,7813823,7.813823
0x34ab1334788b41df0ad1d1c2415ceabc3de5df76,7813290,7.813290
0x3120e872fb8b4f1b61931fd92d7b1ab2f5111dbb,7813230,7.813230
0x68ddaa7cedc80f3446650cc79ad095755675bec2,7812511,7.812511
0xcd0563af73c72d6db60ec208edc1f9670718cfcf,7811730,7.811730
0x65b9ee2a54ee865b61e4a58c9217239812cd0458,7810949,7.810949
0xb0d293c3fe9b5202b68780b4129fca3e89d367d3,7810167,7.810167
0x644e1cc75902f5e6d88910ea2412276141dea014,7809385,7.809385
0x0ac055b714b6155cfbcb05c9b558ffbbaf5f9048,7808608,7.808608
0x5ed315db97c91c2caf4cce3900f3b35d3b6083cf,7808500,7.808500
0x3dd2535b97562d24b694a6363965707a31f73c0d,7807828,7.807828
0xb91a2aedc9d131bdd2536e16049673ce5133d22d,7807045,7.807045
0x43624cee24ef557d5f20c8b8c923dbe0a3efd28b,7806896,7.806896
0x3e2efd7d46a1260b927f179bc9275f2377b00634,7806269,7.806269
0xe49473c41b98ca7cb69ec79df4986590344397fc,7804707,7.804707
0x245e9362bb7e72a25e4ce7001298fae4910163c8,7803925,7.803925
0x3996e71692b4626e81369a1cb3e83e399a57edfb,7803925,7.803925
0x3f545fac7bdf263d87aa949002a90d4b513b029e,7803925,7.803925
0x41e5d23dfdbf3ab6563e69b63bc74cb330f426c7,7803925,7.803925
0x6f188c413106b2bf5f9a371b826242b02e95bb13,7803925,7.803925
0xaf900c14b79b799c8ea86ed6948e12423eb6701a,7803925,7.803925
0xc9547a55f470f538820b39bf2f37b71e4dbdf420,7803925,7.803925
0xca37cad587d26f5ec69742737121e7c280c40669,7803925,7.803925
0x46cf616c8e71a18f7aae83f53d92dff9aa6fe89e,7803925,7.803925
0x615bf8c644f76fd7026e81f343a8d27c6cfdd2d5,7803925,7.803925
0x72a0afeb1b3971f5fcdece3a5220ef112cdea501,7803925,7.803925
0x11e5da9a7d8e7ddbc3d518f45ca535901e5037eb,7803925,7.803925
0x450678ac1c914c613b51b1483a6858ac23846dd4,7803925,7.803925
0x45a7b69a522c5ecff77ad3540b901af59af12f3d,7803925,7.803925
0x82108ad72b888fd95cadf7909cd727cfd6b5369a,7803925,7.803925
0xb506d4df9f25ba4ffbbc6bd0929af0d7c9abe992,7803925,7.803925
0xb63188d98921f0202b218ba95d8d7f9e63327b91,7803925,7.803925
0xb7861c4d80e45dd71ddc5d4620478e95ba012b80,7803925,7.803925
0xbe8f7f898b10f04fe8b4c6e6e583ea7864778da7,7803925,7.803925
0x1e82e222564293e3507c2966b27f587ee2570671,7803925,7.803925
0x35b3164ca664412f21261f63e597871fcb979037,7803925,7.803925
0x49abd888dc20569caa39910588c2e49ca26cf444,7803925,7.803925
0x4baf591f801e7dcc74c04de25c501d2afdb2f847,7803925,7.803925
0x8cbd7c1e8c8f4a1473bb48857e6dc2d61a8ebed4,7803925,7.803925
0x8f4a68c50d4b8e603f7c6995921bab73d571b2b0,7803925,7.803925
0x03d6968f256d052e9e7777361c3ae4bd266088af,7803925,7.803925
0x275ab2f4e5dd3cb7aa8ec4f16a79f4023cc5f7ef,7803925,7.803925
0x4e954a492ba737dce86c940b6b63cc2f0f5f2ccc,7803925,7.803925
0x7292667c8a55bd56d496d2edcb5cfb37d554f943,7803925,7.803925
0x982207e7404915e43216ae6f9252b9bfb6fdf47a,7803925,7.803925
0xadad91fff86d2353814b8739f7b40660f0e776ed,7803925,7.803925
0x69c7a0ee69be186bd23b46cb8feab9959a8e972d,7803925,7.803925
0x2d7175c811cdcba14a1d0d5752f501427afc1a08,7803925,7.803925
0x65815d2da7173fce153ddd3e4add1eb8cf7a66cd,7803925,7.803925
0x6dc0b52db9e077d16dff43fc8b2e3edc2c71e14d,7803925,7.803925
0x1eab807950383c62ad978d995451bd16126dc207,7803925,7.803925
0x1f27b0482ace1b82cf7a4f0c55dfc2a05dfcfd75,7803925,7.803925
0x3d839936d94bcf773e426eb971798c78f41d5965,7803925,7.803925
0x3fc3844b0d104720cbb86b3f7ad23b48d24ef71f,7803925,7.803925
0x4d4a0ff54a74a343b7a12e524ed26133b83a64a9,7803925,7.803925
0x70329274dffb089f2447f952d7a2d0e3c50d4715,7803925,7.803925
0x963f590d8436a9f7012a2f16ebe159c9e71db302,7803925,7.803925
0xae4e7517e3b86df4c2430bba13eba631e6ed2a47,7803925,7.803925
0x0396147f0b821aa0d2581f8e2dad0c9956255028,7803925,7.803925
0x1b1ebb3171a1abde41aa37941e43ce97b4c675ae,7803925,7.803925
0x3e4ba6def640f3b6a761b925dfec7e9a3cab7c79,7803925,7.803925
0x5888977bcbe21341e1ca55e20e6b3de03ffae8f8,7803925,7.803925
0x777fba661bb126f9dbe4fbddee409b33c20e34bd,7803925,7.803925
0x7deb999e09d9655e01d4533d231ed8398ef6a0ae,7803925,7.803925
0x34ea92b9d96ba4cdd51828842e29c055bbc09711,7803925,7.803925
0x4ddbfac2c593964389e79db74863a1617b30f2a8,7803925,7.803925
0x5cc28b68160e37f4b4eb1fa1dd39413875bdca4b,7803925,7.803925
0x92bb51b7210b038375afd53d49aac316a1504a3e,7803925,7.803925
0xb41280a3976cc23f63d584ec069b67f6bb057d89,7803925,7.803925
0x045e41068dab0f64f7e51b050fd9287d346f14ed,7803925,7.803925
0x17370fcdbd2c8aa43dd8ccb015742f381f037c81,7803925,7.803925
0x20eb7cdd0395a90b415d9bfb5531302674633df2,7803925,7.803925
0x31b9084568783fd9d47c733f3799567379015e6d,7803925,7.803925
0x49377220e53af4f08fff5055863dc17acb1a3e84,7803925,7.803925
0xd9a5459d5327571e817436df8531d0071e6ec292,7803925,7.803925
0xfdbfb54e70257ec49f29902b712e7592e26928ac,7803925,7.803925
0xef4c0d343d312ebaa139826d0cf6f2de288b6359,7803925,7.803925
0xda69a30728ab731a27ced721d45cdbf019db2e09,7803925,7.803925
0x9fef6c257a82a76169c29d2a75b22552baccca39,7803925,7.803925
0x4ace8e2819095f3da9a840117bb6d4e2bd71c7a9,7803925,7.803925
0xdc8b3d6d4227ba444d5419f797669807f00a6c86,7803925,7.803925
0xe90d39597b8738c0c226835883767a8ac5193ace,7803925,7.803925
0xa2285434138878d18e78515d4d16a01a9794942a,7803925,7.803925
0xea9bd097a069feaa94b341d4b40b108136380cc5,7803925,7.803925
0x550ad3f9623c1005863b6862c7766925abdc1e48,7799280,7.799280
0x8be5283355aacdb18592097605db3b5d7c92a765,7799069,7.799069
0xb2b9300475af157676c44ee64d39a5eb3c294dbd,7793448,7.793448
0xde848f5949206a9e66e1800e2c5a69d2601fbc22,7789102,7.789102
0xdf7a23b9e0d46e5a96fead2b324aa6f85fb7227e,7787432,7.787432
0x3bf5611dc6ff73b4b285e73600595490d10c2ba2,7787258,7.787258
0xab61e2be983fe3281981ee713fa36487128beed4,7787169,7.787169
0xce2c567ae501631fc017e5461608eaa9ccdf281a,7785158,7.785158
0x6b1cf6d736c107630c40c7ba7bb652821f6dd6bb,7781333,7.781333
0xb8665d4a40bc460a528fb92e0daca022b74b503e,7780131,7.780131
0x9804831b04a0ecdba304854f4202db8c66aa42e4,7776629,7.776629
0x2d59309df7ab517e554b5e9033f7950d57801aff,7776073,7.776073
0x8844657af9b631cefd5686b514b00d8a6f332189,7767491,7.767491
0xf1ef7a4f1711650eb01a91cff6bcd2479d4ed98c,7766976,7.766976
0x068bdd067ce78427901c01607f9e42722975821a,7766478,7.766478
0x39494011a14d32821769d155d1b4ef69d0e8608b,7764346,7.764346
0x85a596ee4e0be703b4bcf4e6244888036edcdb67,7762306,7.762306
0x8cb33d13e9270910ce9475c48aec8acd6c18767b,7761943,7.761943
0xb0b25a2c69732ad7d82cd69f9bd9c61bf9e9deef,7756594,7.756594
0xb68da7fbf71383afab240839287878539cfff20b,7755639,7.755639
0x803f859ce7874994fe9e94189202ef38e3c6e1af,7752410,7.752410
0x2beddf5e0cc3e8f85af8c42617654a15b8b026e4,7751045,7.751045
0x5f253d2ebbf17837d2150a74c5a0481391f535b6,7749674,7.749674
0xc329c67338a17741fe1f69982f97430271ea78c8,7748734,7.748734
0xadbc33198b8027cedcbcb97328e0568c1adea498,7747885,7.747885
0x1e02e9b0d74190c0e2f55eeb0fd61b00c35d9346,7744554,7.744554
0x16f01b2fa8799eef487e48cf841944b676419864,7743806,7.743806
0xc4369741548b5fd805bb030f94bb4ab7cf27021d,7741708,7.741708
0xf36ba56d4a77b0996e1f1e94e751a5e655ca692e,7737162,7.737162
0xf2857004f08cbc17375f9d1d894c21c99f4f7ce4,7735088,7.735088
0x32bd3c1eedaf661b40421f8b2bd2ffa4f1fac4f9,7732393,7.732393
0x77d4d7ed546b19077720eda2be8c847a1c358125,7729286,7.729286
0xc92b269dd07d67ba48fc3d4c1176c0311f01f7a9,7728623,7.728623
0x7be99b5f9d90b31fcc6b1dd3bb6b54cc35e2d337,7727407,7.727407
0x2c5b1c663fef083935df1ee16c0326c89e30eceb,7727297,7.727297
0xcf8a7f61af2c24fd9a58edf2fdb2569f162581f3,7726420,7.726420
0xbc992581f5061f55c90271a022eb0657e8ced91a,7725888,7.725888
0x4859acf1f46d61191f7a27ffc6e4dfc8d86d2936,7725784,7.725784
0x92ccccb2dad050257c1374042373b7bc2e310b26,7725690,7.725690
0xdcbb3dec549071ad9c4225511b67138fb6d9554d,7723165,7.723165
0x93293f3117fd5398a11a20674a6deae2ac51b099,7722733,7.722733
0x1b18897d503cf545f75e0061b72963d7daf22f69,7722647,7.722647
0x77b4a3e9301805b824295fe1bbde0573ec734cc8,7721877,7.721877
0xc58bd6587c66a3f40e76643969bcea801578b9d4,7721269,7.721269
0xad68138d11aa238d59386ba9639d8767636b6e85,7719158,7.719158
0xcd3688abefafdc0e4e0d8c68779c1f0df0799834,7718241,7.718241
0x01555fbf6c01e56d7cb23cba892daffb75561040,7714377,7.714377
0xf6256c80e0f58f303f26a510a443b3a247ca8514,7713946,7.713946
0x771999982fc377611aba04b212dbcce76f8a3cba,7711117,7.711117
0x4b46db1b3f2b5dec2a831664175a0d4ad9224440,7710499,7.710499
0xa2f2541016a5627d82ca6f1625d913009aa38e68,7708879,7.708879
0xd3f07d4e8480168cdea0c46ff89e6b1ba3d7ca2e,7708879,7.708879
0xdaeed688292e371ba5cbedf9913141301e0419f1,7707150,7.707150
0xcaaaec015a35499cadc0229e7c73ec305643f444,7704462,7.704462
0xea76cf8191c24dc98b2c881279b1ab5ba387bfbb,7699677,7.699677
0x6777529d538c57d6cc6d46da4610758245470dab,7692744,7.692744
0x9f63b669e67445ef8980b678c53e425a8457731b,7691315,7.691315
0xd4beb1e7d13d593f73feb34a99ed6e1c88973185,7687676,7.687676
0x993b0bfb1a1326542b150312a88bc7d41070f2ca,7687419,7.687419
0xcd28cc2cafc7449c21d8d94c676a630b7bbb9522,7685749,7.685749
0x1afa21bef41b61b198b1782d4f806e163c8f291d,7683536,7.683536
0x2fe6bb6b95daa1689d33f019431545951ac01986,7683171,7.683171
0x69b4a03fd44406428ad77cc5e4faa0ecee3e60f5,7680268,7.680268
0xf214ebfc1930e7084c7e18ef9e6f1316401482e5,7678632,7.678632
0xd0c599682fea83ffb0226bccd00e73097b924469,7669130,7.669130
0x6a4a26064744266b8e4ea3d30de7b4f5d8234496,7667026,7.667026
0x70f733edb26e1de8ec9cd7dc5640db74519cc6d3,7665957,7.665957
0xdd77859837f8649fefc633356fac451facc35539,7660206,7.660206
0x2332dbb6f76c765453e50264688bd1f1b1b263f9,7658792,7.658792
0xaf18460e0f778ca5af923841c492f7e1433f9535,7658065,7.658065
0x54476ef3cd18350ea068dbbc86dca26d11bc20b2,7655187,7.655187
0x6639fc94a92435d36838ccc6e70a943a19e0f97f,7654048,7.654048
0x5a65653b7b339757aa30cf783d114f4694561470,7653389,7.653389
0xa6dab77b720ba09171949a5662630def698c22ac,7652795,7.652795
0x5107cb5399446590825b87b4250e4338bb37b18f,7652002,7.652002
0x086f51fced9ff6c742d706c319112359e3658b08,7650886,7.650886
0x07729ac2f02ede29d9b11be95341ba8feecb8a09,7648048,7.648048
0x1b0a5b116117ce69bcfac954d71aef4528ba4584,7636501,7.636501
0x1ba57f0e7c1aeba8ab24e14893f86cbb24db905a,7635339,7.635339
0x8dea9139b0e84d5cc2933072f5ba43c2b043f6db,7629271,7.629271
0x6a3df76bb2b27f1830b65b13df2546de74651e11,7626144,7.626144
0x08093a459b1b8cd57679869204d92fa231788888,7625768,7.625768
0x99b68f6a5455493d9151ce8a1d0c4b609d69bd8e,7625474,7.625474
0x75036445392e6834975c6ea392102c88251ec776,7623619,7.623619
0x5f3e15c3346b4b58b264f43e2da4b7fabf679efc,7623619,7.623619
0x4f81cf0ea6bd4157736f1a71c15567201cd842ba,7623098,7.623098
0xa8a10a0c3cfb14ec84ba430ff5d3dbd4e1d8ba37,7621356,7.621356
0xd8460f9b7c35e374336654d43b5fd0dec7597917,7615663,7.615663
0x3fa8351cf8c4549e5d758cb4b4a2eb6cfbe1876f,7614737,7.614737
0xb58e0431c7fd93ae5111d17d022208763cf2617a,7608828,7.608828
0x686498fec926577dacb51506cfdb41258b789916,7608828,7.608828
0x043ac44f8cec7e359a31415f1e54459a8c2599a0,7607345,7.607345
0xc53e7040ce1d891d59f67cd2dff36b32d4db1f80,7601791,7.601791
0x1e5462b2b3a3d14b8dccf4139d2054435199e51c,7600011,7.600011
0x071c1ff14fea2ed139629a27326f058cc1ab90a5,7597734,7.597734
0x377b466b305160e7883f884158efcca218891f27,7596120,7.596120
0x4f20cbb1149be8839a3554189098b67c21bcb587,7590820,7.590820
0x95b30e515627e71b244dd99a9d6535a55e05cd55,7584023,7.584023
0x16d69a835c012584783921b2e4c622f157ce97bf,7581980,7.581980
0x9ad3dc55b0873c65361521c20388d51a7f150a64,7580074,7.580074
0x0608980a09b3e0fee3c00d0ee69c765c6aa6b8a5,7579866,7.579866
0x457706b99277286bbe7d411adc5289c2e876c79c,7577391,7.577391
0x62ab27837bfbc406cc5799ddc2b0572da93dbd59,7576015,7.576015
0x970f83c43f6f7d3215275b18f1baa21667cc9dac,7569969,7.569969
0x042d7f399342b14166e5c716b816cbc1fc649511,7568011,7.568011
0xca9452f22d1bce2520433a1e183b659e6bf72fe6,7567541,7.567541
0x841122630fead75986e5ebc3efa0d2d912b34a17,7567263,7.567263
0x6b4de875dd6e6c4524dc65fc9b96b1bf95babbaa,7566650,7.566650
0x63357751f668fcc9a16320af07fd9a2669274ca8,7563405,7.563405
0x09877a3e0efc16f973cfff48bac79e9eca48f737,7562377,7.562377
0xb0e77f9f74eeb127d323d7206c11ca32cc79b9fc,7561985,7.561985
0xf5c13c0050e88a721b61c4739902dc484bf28ada,7561906,7.561906
0x8994b085ec8ae5ae26d2926de221ab2991b8aafa,7560909,7.560909
0x64b24d09b8ec979fcb3e2ed900330403df9b8858,7560569,7.560569
0xba8bef744bfd189166a6f15d9d49a42342a469bb,7559009,7.559009
0xf842e121962fd7464c916c95d516f936b27a2b49,7556114,7.556114
0x3f3fa3fa7d8180a786cac1eb8d8f82da9eb4c406,7550396,7.550396
0xec02c501627512b11fd6915ed9fcef7943bbe2c1,7549420,7.549420
0x37ad7afeb477fed73457e2eb9c92c9b566a2e749,7549176,7.549176
0xa67b474d047d39537ddd9107bcb8ff4bde4deb8e,7546867,7.546867
0x1e3abb73d16304e4a2e6adca967f3b8afcf9f9fe,7541018,7.541018
0xc57ac19b24628f7279c7e925d612c1bceef2b0e3,7538616,7.538616
0x9b11b6d5eaf7dcc3dc2d65067e585ac814a0e29c,7536108,7.536108
0x2dc58f7cb47b5bc558b6b0d80a03a921156ba4fc,7533682,7.533682
0xac4a8528c0f515a12cd270f67d233ffdd807a8dd,7530426,7.530426
0xfe372175689a0edaa1625352e15f730325320c65,7530244,7.530244
0x4c0846747822ad8364148d1d8ab07e462d3b0bd8,7529314,7.529314
0x77782cb99086962725c934f7a8c7818d159e4f71,7523366,7.523366
0x8b6247eae510a93d82baad23bdbc5e6f7879dae2,7520219,7.520219
0x1d471100e286c574f131acf56ecca0c03f4417a9,7520041,7.520041
0xa915fde62363ab66ed78f1b666050fbf78c03305,7519056,7.519056
0x26b211ab72be08f9b1c1780c8bb21e9bb40d9459,7515500,7.515500
0x9a0f21b00d45856bf67be52d822fa3d4f8888de8,7511458,7.511458
0xcde3725b25d6d9bc78cf0941cc15fd9710c764b9,7508743,7.508743
0xae139be36a9aaf91af8f719740ce3a2f7102e66e,7507164,7.507164
0xa4b6b09f63827b1823e381244e6c92e7ab41ddc5,7505862,7.505862
0x2d4eb91cddea03a2a55ccca343147eca764076e2,7504649,7.504649
0x9ff5cfefe1650209a783b9cf6949dcd23fc47aa4,7502808,7.502808
0x0447e3f5ac3652733f44e0e629c9d3dab8cf906a,7502624,7.502624
0xc247a2a860ec45854f2c697f42db41840df8962e,7501788,7.501788
0xa0cb6246a6e0fb42d6aeb5b727a3046e3ddb20e4,7501570,7.501570
0x939e3d54aec8acdd154263e50c7562642132d983,7497990,7.497990
0xdd7029d57de600bf85a8a25c7abcd483e16537be,7497723,7.497723
0xa3d0ba836aeb1a21918836481e66b240a3ef240f,7497400,7.497400
0x2ffa8dcfc14e15881e9f8f43f1d6277d2a731d83,7496390,7.496390
0x16d9c697fb627e92044c538ba974d2287e356381,7493504,7.493504
0xed56e14b55cebf8cdc7ed278c52ac3fc474de494,7492888,7.492888
0x37e652a703692979f835b7af4d698f7d6f8b1579,7491768,7.491768
0x818927b02be4e01b474ff45af1965492fbf09604,7491768,7.491768
0x56ba93703a3ccb165a60541fc29e4fb702ca4e68,7489546,7.489546
0xe68d4c4c2704f601865f1d77b6bf3c1c6eec858f,7489074,7.489074
0x5a2a653e3a99f6d2e9fd216010c9ac334bda7077,7487264,7.487264
0xee1fb365d2a1bec9c2c5fd6d5fc10d424f6163d2,7484262,7.484262
0x0cad2b4fea9fefde9a27b3711c084780869f795e,7481631,7.481631
0xd6d676cf0e35513f227329b0f37aa32b0c990736,7479767,7.479767
0x436ef08055b1b6818e22ac15a48d05ea25e2eef9,7478212,7.478212
0xfe81cd2cfa55934142df4ca08958d9800795c367,7476940,7.476940
0x2db3d4df23069a937ddd42f5fb5cab24032ca007,7473939,7.473939
0x2a578a939bdc5486fa8c4f0ef865b71cca03ab7a,7473707,7.473707
0xf2149c69a090f8f8defb03d8c1b6e05b9d803640,7473474,7.473474
0x0140091ce4ff47bb0f4b6374e66fbc44e26133bc,7473203,7.473203
0xe4201eaeb2f31d0d8321aef77936aa403a4ccc25,7471616,7.471616
0xcb7a4c047a5b152b1319b2d7f3a590d5388e78a3,7468266,7.468266
0x868fbc933f49fc60235bccd0ec81224d1f393d6e,7467246,7.467246
0x9d0df9e2bc1ae08814d08945c11eaba8739fc753,7465956,7.465956
0x15848c6f03195e84e6a142ae4b4d56531150ff3d,7464864,7.464864
0xe0b813513759dbd42a9d12ec21c56c1ec3e50387,7462587,7.462587
0x5d0d809e3a201ca32a1734a1319d69a87d02173a,7462329,7.462329
0xbedc9af7589594c9f7bf2b7356308d13795b37cf,7461689,7.461689
0x2aa116f3781523eb44f38cec8cd227cb26e4a28b,7457895,7.457895
0x15f9d4c0258cf2953079a1d5d4b1b7a982a00219,7455459,7.455459
0x7f765e37513df73d7f242d097e60a1b37e7ea661,7455407,7.455407
0xc29d8a90f3e838bbb6d3bb550c6d8df51edfbb74,7453543,7.453543
0x7f078888ca188ec78532e6029e8938ee166673ad,7453267,7.453267
0x0c6f4613119f3e92b47807d66caf2895c11024a1,7452216,7.452216
0xd579a245ba52ef6ed7d13937dd6c50d379832a13,7450434,7.450434
0x25415af407650332d6bed11a5a84f159bb9527ec,7448539,7.448539
0xf4d8b78e153f5d0cf4538d3ce96cef3ea91cf20a,7445624,7.445624
0x254d50855f655c8099b3fad0f8fd228f96a89da5,7444931,7.444931
0xe4a75f3a042233e4bcf7c0971a4d554dc4b3ca92,7438543,7.438543
0xbb74e7c8f41aef94ed0080d2ce383a5eb6c580cf,7437674,7.437674
0xb30e48a0eb2f1b7e2f9579c832aa26b5fde2c835,7437352,7.437352
0x10c602dfa415cd81a278e0386fcfd76e1bba2b6f,7437352,7.437352
0xc1898589cb0f25ebdc38912f3e0d18b0a6a40e86,7434734,7.434734
0xd531fe6ad896b359aa4adb17aafb52f9edc835f1,7427789,7.427789
0xf168e7d0ca8e03ab5140db5e22f2e7750a2922a9,7425954,7.425954
0x260083a846acbeb2fa7af737ef801c4bdc4c9048,7422083,7.422083
0xaead3706acc49a122f8aff78f598f207c9d8cac5,7414910,7.414910
0x1119266620295845e455955eed8a1375244c801a,7414459,7.414459
0x005a3e49af2cf567d655c6ccb3e5982e1d55e72b,7413728,7.413728
0x1ea27824bdef8bf6959ff0f4cb3782a3ea44b1bf,7413728,7.413728
0xb4f1412a71f61788dac0e01d195136d82825dff7,7408282,7.408282
0x5d50ca0a21f434e9f3f8110e1980005111d1b93b,7406761,7.406761
0x0e0bab764f38d63abf08680a50b33718c98b90e6,7406385,7.406385
0xaa99157856d8785c3a0bab85f070766554a1d882,7405960,7.405960
0x3a2f6a462fd2e7c19ff272348bee4a13f3e7c388,7404356,7.404356
0x83db77a8cdf334a40196b0c60eda7614ba038920,7402776,7.402776
0x7e8d54a8eca7fede8769320107a450f835e5cc13,7400909,7.400909
0xe0dcd10a76264156daec54cb5b6f339e8ace25db,7400223,7.400223
0xfff55e4d51b11aaf3d6816b682ecc143adced3a8,7394525,7.394525
0xc6d7208dadee4f431bd0f3f11e7d4c91ff51bfb2,7392217,7.392217
0x551dd75cb635c414c9581ae6de9b1c99919b025d,7390436,7.390436
0x795e326e1adffce74c152e60c7e735a0621efb4f,7388814,7.388814
0x0567314c6e66be44b5ef05fda181b9479a528f8d,7386895,7.386895
0x9226d693df6649a6a42a7b7464de3e02198c3ab5,7386261,7.386261
0xb5e5e7c71d83c575731e655fce3bd618f468c0e0,7386226,7.386226
0xeb0501e78c3474f1daf826da5b10c5657681b746,7386128,7.386128
0x32b3f9831c8edbb70d1cb542c13ac5da0035a7a7,7383625,7.383625
0x0128e30e6fa8e5c2fb152a0096feb80ab9661b01,7383345,7.383345
0xa7de75ac9ef401febc4085d7f7f6a1ec5d65d841,7379320,7.379320
0xc3183116c5285fb20a2a683f3c8544d65b48a1f3,7378956,7.378956
0x1850ab1344493b8f66a0780c6806fe57ae7a13b4,7378643,7.378643
0xbaabef314838155a21909facc87b9e44bd4a5479,7378332,7.378332
0xd40e4b1f56e293449bab9160894eb84989421113,7374599,7.374599
0x0ccb53d2740792cb8bac414a1cc1635c77096c00,7373942,7.373942
0x413fd613947754fa4756ce9eeec152379b05af18,7368908,7.368908
0xd07556ceb045dbdbd7d44955bcd4ccccb5bfff47,7355981,7.355981
0xeb6f73d3c139e8f53d2550c54687c58b917ce78b,7355958,7.355958
0xf391414167776f12e67b0a44ca8884b45b6c391f,7354964,7.354964
0x5e37f2b7f64e8c8b5dab131a218f1b880013c7b2,7353515,7.353515
0xa45cd04a376b8014289db9d91aae741957fc8bf6,7350984,7.350984
0xba097e674edba68fb3540939f10a1ad4dc020652,7350437,7.350437
0xcc5f857b834c1b4e187d9267007f94cf3b87efd5,7350437,7.350437
0x3f1f551e2d782b3eaec3d8db8ee306341a14cb9a,7348918,7.348918
0x32bd1890f593dc6a6c07102ebe5028dd32f6747f,7345942,7.345942
0xfaf6f09df88e79fa2a92b18c676314b1e47a4468,7344933,7.344933
0xc41a02cec11dcd23d4d640a32fd310d633a281f9,7344252,7.344252
0x654d9bd0dd486f13ba2acaadac4048af45b0041a,7343849,7.343849
0x5ee6a7acc52714a736da807eba65c72358ed43e5,7342520,7.342520
0x672dcc9c1ec81741206fb5c8cbdc33be2eac5b35,7340101,7.340101
0x1c1a57a411d057f829097bddb26aae20af2ef51a,7340101,7.340101
0x7f729974194a7d772a933aa44186b61b669a7e53,7338750,7.338750
0x8b4536fa46fdca87049f124653f296f24028a780,7338259,7.338259
0x4fb4f6c9299c64e8084abfba3f97f4e2eed8748f,7336885,7.336885
0xa8a8916ef3f6de876b6aea386e7bc3a6a08803ff,7335690,7.335690
0x74c4aed579cd7bd50d503154380feee75c2fe6ca,7335690,7.335690
0xf653b6c51d3c9b7f26dca132d7e389a798c1dfda,7335344,7.335344
0x6e19b3b29deb5491eb6a5fcbcfdec1a104a94bed,7332391,7.332391
0x229813214e552fe84a740eac4fee237be09aaac6,7330981,7.330981
0x92ee69765013d32360d17bc78ac0bb9ee615b491,7328874,7.328874
0x2adf428ed284bb167eef1bf26c5d7bfddaee1c42,7327021,7.327021
0x8944d2b078ee08924afc0fc3e14401623c611d9a,7326880,7.326880
0x5fe354d3923bac6ed14974d1b960fff5ea3ef84b,7326343,7.326343
0x6c5832ae6b8f7ac421fc9448dee04a2c669b600b,7325045,7.325045
0x732496c40692fff6c1f8a87404dbb9946493d931,7322826,7.322826
0xb05ea660aad8c20d04fe68379b9f3b2b3ffa4f41,7315666,7.315666
0x036aa2fa4a84fc92a6454f899a556469ab821b7e,7313919,7.313919
0xb3c5d4ce628b065e6cc6b7130f2aa3d13f800000,7313297,7.313297
0x0ec0fcf12473c47d34c12afc98148be2d5cb57ef,7306932,7.306932
0x35d0a39f52fb44ccaf976d2bb24a28c52841f2e8,7303184,7.303184
0x01ab07010c2f4bf5971537669cc19d5d8cf320a0,7294883,7.294883
0xa92e3fa2e4c46dba6e6aa7b9ba07134550e0e78b,7294754,7.294754
0xba9d854c4b9ae5eef3dad86e1b65d661938b27a1,7293235,7.293235
0xce9a5fb6e334e147706892cc0de4477d8ed4c0d6,7291355,7.291355
0xebfb9ede6e724ece0b197d2e8dcdb8793d920d7f,7287479,7.287479
0x635b5a618a154faa8f689920c7b2f51c23042906,7285256,7.285256
0xb3384dfd46fefdf209d2c896d3e06e584b304c2e,7283414,7.283414
0x050412541058500499a00b97be21ad5713f47af2,7283178,7.283178
0x1783cfc786977144012d2752819542f563832e3f,7283057,7.283057
0x3ee10204ce7280da6f49382a2de83134aa6d7d7b,7280284,7.280284
0xd6d0dfabc1212e1504909debec406f2789e4c1aa,7272668,7.272668
0x2c64b8af5e4e865bdf814c86ec0e77f28a7edde8,7271086,7.271086
0x3b2f7dfb30ff05857351de1c14fff290f4384c9e,7269412,7.269412
0x54b2bb82deb278e018167f314a48fe4ee6eba07c,7268363,7.268363
0x7fa073d67830f52818e3efeefd36f3ff95bd419b,7266911,7.266911
0xb956bfb49d3de92446337106bdafd833977ad27a,7262827,7.262827
0x5a8e3243a74d097741157064b85314a6bc846f0e,7261388,7.261388
0x9c7086ebd02e93acdeaa0eae7cb24c41240a0a72,7257649,7.257649
0x6e99200327b2cbead3dc8c6f7496b8b8c77369b1,7255786,7.255786
0xbc76dfff85d5f96f03b6c2b57deeb53a7f9d98db,7251406,7.251406
0x9afdc7dc5dc4d5346eead4e2bf22ab29d74de0b9,7250626,7.250626
0xdff93170090d30235660797030f54b3f6cc3197c,7249504,7.249504
0xbdbb139727ac127cbcc7c72d07b5ccb5d455e05c,7246700,7.246700
0x047318445f3ac2ac1a1f4171fa3ee48ccde15127,7245522,7.245522
0xb9323ca451c82367fe796cec13f3683b3f6a5f59,7244381,7.244381
0x6f572cefcc54b1036d48220321ef87e0c954c466,7243101,7.243101
0x0897b4e707acff63e9a993aea6a11cee23c9b492,7242857,7.242857
0xe7237c145bba62500d7089afa6cc58cbd7ab28b3,7241168,7.241168
0xd0ba3e21928c061e912bf3c7e67ee9588c04e238,7239944,7.239944
0x10d763d5922d4bd7da1499ebe7903a7d98a24565,7237323,7.237323
0x0e63fbe4f224338a4c93394016b94b55f9a43491,7232150,7.232150
0xaa4bfcb7d5713c531d076a88817b13731c97eb3a,7232083,7.232083
0x8cb4c2b7d60a7a3a18e3c202825d501ee4200ca1,7228804,7.228804
0xb93e156f3328bfb2a03c9ab1d3512f2f2f8abbe2,7228592,7.228592
0xbcf60dd40450a471fd68e6270cc898e1edb1c395,7228185,7.228185
0x74ddca784c513b5afa991d1f7a1da8226319cdb2,7219800,7.219800
0x6af8af74629b18e8d24f85d95005e9bc3a2e2dab,7218842,7.218842
0x51e8320f7439a7d19b4572f565610b1e0e42879f,7217684,7.217684
0xd7cdba10e135fe0076f9219962e89640f32b05b9,7217105,7.217105
0x78d2dea43f17821c0e02f1336942d5cead0b3113,7210186,7.210186
0x4fec369e6d279de2a6d927aeafd8116a62bf1009,7206984,7.206984
0x6f46ee35c7ccc4c27a31b3d9caeaa7516895ac40,7206895,7.206895
0xede5f1a2128880c84eda5db1812399ae771c0fe1,7206415,7.206415
0x78bd270fc8886494705eaa007899e994ba37e071,7205519,7.205519
0xfb9ff24397130db22a897e127721760c5e101edf,7204623,7.204623
0xafaab97d7e708737b46dd2ad41aa82cf2eaff9c5,7204365,7.204365
0xfd3eb1da4aba5aaab8ef58eda808ea2a5ab9e2bf,7200303,7.200303
0x0d1062604ad1ee727cdd3684f7ec042c0174dec2,7198405,7.198405
0x6bc9593b6b243615fa1f58723b88bf1682a862c3,7197340,7.197340
0x166fab6bebe77b3dc3e92962b4626ddc2504d26a,7195873,7.195873
0x0fe240a875d41949e10a3a9b35bff251bcccaa77,7192113,7.192113
0xee26adc2003b453b995085a669142c495e656a94,7188500,7.188500
0xab383e8fd22495c964cdb6de554b626f1bf65cff,7171231,7.171231
0x22eb08cda4d5d942ba343ecb05d353ae96fb4566,7168552,7.168552
0x8b1ca84c014c8483a3a38ff9d696a5a4bf53d964,7166686,7.166686
0xce5a73ffc26f2ded00e3f617f83834d329abd68e,7164529,7.164529
0xd4c5808b5eed5bdac84ce8dab31e4345f24df4dc,7162594,7.162594
0x40b306e795fa4ba5a7c70309bb6706d8f880775e,7154478,7.154478
0x8356c59f9d01570a3875556b9c63e9b3c9b2d3dc,7151136,7.151136
0x3b9e51b0736c579d71c6b2e2267ed734d405a074,7146137,7.146137
0x1dcdadf8edeb64c2ca89efb8755e32b3450d2a76,7144557,7.144557
0x00e04798565f2c64a1c566be60874cec1dea5560,7144557,7.144557
0x0cffb46589ffc76e102c1ad0797689a408bb7e27,7144557,7.144557
0xb2eb3d0ff1058b4ec44fc243e2ffa2f68efcd386,7142551,7.142551
0x4e8ab7312d7763360e4db9b931ce5dcccc364115,7133239,7.133239
0x8f2ec04748e1d00ad13c276b198340315f3694ce,7127867,7.127867
0xf4cdeedfaf2c9fc83e67a9e509688c8a9e0c3ced,7124351,7.124351
0xb7d49adb031d6dbdf3e8e28f21c6dd3b6f231cd5,7123367,7.123367
0xf58afbc54c16bfaae6a1e34e100899f55ee9e43b,7121290,7.121290
0x68977a1f7ea1724974e27b97cb2545074f9004de,7121027,7.121027
0x62a49bc2e306aafb197196b9133842649eb5e4d2,7120547,7.120547
0x576abc6c3b6a26935827f6ba6497a270d0170aa1,7114186,7.114186
0x4da4b904cbc38ec8e0b14d542314318850cca976,7113972,7.113972
0xec930ee2d785f07d0068453abcecd13e6dbe083e,7112112,7.112112
0x10aded44ef0011f867964ee563a7b161bddedfdd,7108828,7.108828
0x67de6a1d971d01c364a613f0922a925a21a6ac25,7108271,7.108271
0x19309e8f63d1c927cf9a0d1aee3e8154724653ac,7107539,7.107539
0x8adc9e295dc56d0a72c9822739f7a4fafc2fc089,7106674,7.106674
0x9a2feeb22064bc3e11a0b20f4cbc32ef3d38188a,7103613,7.103613
0xb06bb87611e767484caa86b858866466455bef8f,7101903,7.101903
0x9ca8f9f348614ec96ee2e77b44d9c90a0345f374,7101630,7.101630
0x525fbe4bc0607933f4be05ceb22f8a4b6b01800a,7099100,7.099100
0xc5fe012838689b5c329b2cb6e50b29e68a1b403a,7096329,7.096329
0xe5e4b696a6ebd1d2ef7d228ec51a715fe621c7b9,7095195,7.095195
0x1afda6574bdd99b657bcd6e649ca3e8cb8c85977,7091330,7.091330
0xf9d2aeb1170a50090d553db6a46aad3a8747c605,7090804,7.090804
0x7861156f53fff3e273d4b40ab5eb4a6f860c1466,7090472,7.090472
0xdc56cfa095ff69a03da95d5999cfcc22d01a553e,7087437,7.087437
0xf716809c1781f8a38f21fdc979d03908a6e986ca,7083382,7.083382
0x21cd0e3e0a1492fc0bb8280fcb046f576f4d8966,7079006,7.079006
0x5fcb40d0e0d7a0c59d3819b3dac49b1181291416,7078096,7.078096
0xac6b093ca00f5743dcf1bd6c040a1708de85ffd7,7074994,7.074994
0xc139b9a12f3d1cb09cba3e5c29f58f2cfdda944b,7074354,7.074354
0x9f9be1ac7ca7aefc208b8893eda886483c2736bb,7072619,7.072619
0xca2d73e3b15cd376f38e526e5dcf04fe60855a67,7068470,7.068470
0x15b7fe764fe32d17ab78ba4553cd3941c5f0f15f,7061875,7.061875
0x06e9e909fbc24bae7895437beba95711cb2c3ae6,7061753,7.061753
0xb45a2c6553d6b7b94c741ee73d907fbd027bdcdb,7060108,7.060108
0x84f4ff43cb7f308ddda92bd678b4a7fbd0e97d93,7060080,7.060080
0xaa9695bb00505255d354f402dc3e2b645ae47e35,7054655,7.054655
0x63ad559c100374ee365fc3cdfc1f0865804af311,7054035,7.054035
0x3efd4f0938c1d516235d491ffd87314112bbf365,7053564,7.053564
0x350d88ff6cfd6460ee93227fcc7bffe693594536,7051726,7.051726
0x1495362ff4549b757a5604e818a8112ec98c1e86,7051250,7.051250
0x359afca16fe17df3befd35613ba57dcb9e744a73,7045912,7.045912
0x7bbf3ed7531cc73e6ed48401bb77854b129b89ee,7043244,7.043244
0x2f4d403ccaf89f7e2ff95970e8e2c683069f3cec,7042586,7.042586
0x75d6e643c2fb7d4b42a14a895db3356b52825b9e,7041685,7.041685
0xc54bf4aa6a39ac2b7b829f17fbeb01cf576846fa,7041522,7.041522
0x304f6ddf7af52153f0aecefdb570fc2159096993,7041360,7.041360
0xde431cd0136efb631cb3b6ce2bff9c26c1cd3b56,7041198,7.041198
0x775511f9707b57e100af89e443eafa5e524c8438,7041035,7.041035
0x2feaa7a4a9da0cf176c8b34edc018d6b9180a2ec,7040876,7.040876
0x8106208b1d90d293aae661915f30b1e9e7f41e7d,7040715,7.040715
0x5fe2a725ec44d97d781e0a9f0029e765277f38dc,7040552,7.040552
0x770569f85346b971114e11e4bb5f7ac776673469,7040531,7.040531
0xf1f12612b486f219c112caefb0850768de5ed866,7040390,7.040390
0xc0b961945c5832253c70bc346683f3be3f566376,7035324,7.035324
0x7eab8e225dace1dc3c1de210d9c3455c7bbdf32c,7030336,7.030336
0x22ecfce3745084733d1880f79d77b47be963a03d,7030257,7.030257
0x9dcc2bada4a69def7120f78b5b54b30314e5ec24,7028206,7.028206
0x843c5a361f3fb9aa52c88529633fd9dbae69c91d,7026359,7.026359
0x1b8ff06e834e6892ae856881545249878846b66b,7024781,7.024781
0x05ffa9b597afbb2c2d2b52bba7f9a5795e73a53f,7023756,7.023756
0x847211bc59e4528fd0a26cf017e915f78e30fd59,7023168,7.023168
0x5b6b4253ed08c4853ec1d5fa7b8e0c2286583243,7022143,7.022143
0x59dc6d5528ac12c62f579998af7a5b27dadba566,7021788,7.021788
0x44d3b600b76e380e5c6a161bdc68b8bb12e5bc1d,7016714,7.016714
0xad735136192fb99655c10e5d8f05805c92df17da,7014082,7.014082
0x5b78b8c4e7a01e04bd1d9b9c76fb251169a42a06,7012669,7.012669
0x1a28f22f423a05aeac2bfecbd89f1da32fe313a9,7011704,7.011704
0x41adc0e5ef49824f8123387143d33689dcffb050,7010310,7.010310
0x02d3b0c2d2a41149be91ac89e2fed7b85cbd5c7e,7009528,7.009528
0x1ef5b340dee698f1dce1112388a4310912f94cca,7009125,7.009125
0x0d4dc70a006daad7cbf8cae3379d100145d2aad3,7006204,7.006204
0x32cb178dbb16b87d918e58206786a320bf6e9317,7004626,7.004626
0xbe54fb9d2959676d15a92bb095206e053b319ec0,7003258,7.003258
0x3cc4e02447b9e7cd05d8ef134fce6970a763da4c,7002029,7.002029
0xec4eac6b59cde92298edad5fe0026b35c67df732,7001277,7.001277
0x6286e64ee044fa485421e6fc9fe70d760d90d4ff,7000584,7.000584
0x3a5389a0d5a5bfc25350e5c55cad3b544ac8afd7,6999698,6.999698
0xcdef2a2e16027f7fd6b3cf1f5b8ea66b0a5762ab,6999346,6.999346
0x48f6b06d22201a73567cb0be87d43911b9f8710b,6996548,6.996548
0x923e4e18513e6e3a5823de296eadd640068c95e1,6993260,6.993260
0x9221a90a4e20da4d27d440a4699d652aeae50f47,6992793,6.992793
0xc0fa207d207288d727baf8b4f2b3ca93f45da246,6986979,6.986979
0x69d3e42954170c90f6d4b70a598c5386e1db392e,6986276,6.986276
0x34f8ee457cfeea7dc1bcba3a8b4ddfa40ec64dc1,6985890,6.985890
0x978a1468f5075f97a49deb907d3a44c941b7a98a,6985296,6.985296
0x1a59ce2525bcf37cfc18f0315038e054fdc9be79,6983189,6.983189
0x47d228fb786bb14117625147f1055638f46b6893,6983189,6.983189
0xbf44d3ac8c08ee06c6ba75a6fe8f2d86f7b1a9eb,6982340,6.982340
0x58e711c0a4f28ce553ceb77a9fc0eefe55a473e4,6980893,6.980893
0x58873382a3bef85c30c148572ea4d32563a3f73a,6977528,6.977528
0x92a455f8874e5a082ebf7a4164c261e3caa8d48d,6976056,6.976056
0x1af9ce6d9d69fea12394ed69a26a71c02d079a80,6975136,6.975136
0x9c82e84cdb77f02caa83a4aaec388b5ceedd050d,6973486,6.973486
0xe43a685b7873b01b2225383aa0f821ba8dd58d9e,6968263,6.968263
0x30e5a890ea4aea94897c589f4fcf1d1ed59c288b,6962646,6.962646
0x848e4dafdfa495d05f5bea829ec715d7c095c682,6961576,6.961576
0x0948545ed26d8624fc2ae04ec0da05cb14d11d7f,6960510,6.960510
0x24d10de50dcfcb21d9620be3042ee70adf69d1d4,6954227,6.954227
0x22a2ad7c8881e75ab0ed4947912f48fdeb0ee1c4,6953482,6.953482
0x5e59123b53bfaa4632183b115c9f93fb71fb2bae,6951466,6.951466
0x22646a23cbecd68ca74b01bf59a76d571c78a120,6946004,6.946004
0xc414ec4705ccf914458d521fb9b841ef8e4afc84,6942339,6.942339
0x16e6d4a60c645e65452beec612a1c9c420d26b3c,6942111,6.942111
0x9be8302d10dfb2f756a3f60e6d25e527d7787259,6940974,6.940974
0xc2ac9344187b4c38be6b2847ec7e87ba35dcd8a6,6939530,6.939530
0x253e75eb8c89426a49f979242a96a523b523b9e2,6938781,6.938781
0xf2a04d1a502781f74b1fb3933b9498e4d16d1c19,6938334,6.938334
0xcd7dad56e05c0b4fee558fd0e3c39426a2ea3609,6938080,6.938080
0x6cb6a8faea1de1a5e3e22e41e4a3173c01289aaf,6937582,6.937582
0x952d67821d15ec7eabb00b5347a399d891bbe972,6931625,6.931625
0x6fb09161ed0683472453e268476776911b87b22e,6930887,6.930887
0x83c8dca571ef881a99eda236e06017ce43dcfcc8,6922576,6.922576
0x8a91a1aa58ac4d5f44ef2a6c3169fa412c6a6334,6917443,6.917443
0x88dba1a42391f7cfbffeec853accee726a3caa54,6916164,6.916164
0x7dce1977423152a85133dbe39d70e21fb5bd4829,6915637,6.915637
0x42edf6ac9391bca3c20bc89d9baeb28926e8caf4,6911586,6.911586
0xbea0a00b67c370b3717b22de03d2bf3140a4f0e6,6911294,6.911294
0x545c83e60bdc60cbc6357c33d817b4ba6ff832a9,6908532,6.908532
0xf637978800670ba2a978501d86f73442e108f946,6908532,6.908532
0x655c7eadf9360603cb5077d8dc57fa07bcf61d55,6903297,6.903297
0xd28712db54eba62ec35ff0d718d5edbd46e8d756,6901715,6.901715
0x5efa674b114dac1ff45b12ad16c391789eb271ec,6901615,6.901615
0x9d408add896e37e66c90732c2fb69a3f232a11b2,6901132,6.901132
0x942ae56dcc7f5683605f46fd0f27f360e18d97ae,6897951,6.897951
0x43469718666fbf0d76d53d1aa5e8adaa51aa03c5,6896731,6.896731
0xcd87bdf6b0cbc136d4c3a08eea7b487c6d3f4365,6896731,6.896731
0x621e5a7859008deed8165666d8a19102a5d6d82b,6895138,6.895138
0xa5e18998ef4066aa96a536cde5431d98571cd2a7,6894489,6.894489
0x21cb744d56a37dbddb681a0c67e2342106e8e2c4,6891989,6.891989
0xa3ad90359500312a345721fbb22686797f986855,6891549,6.891549
0x4d19fc0a8e10cd48bce5781676345d47ae2f28a6,6891362,6.891362
0x3650801cbe79abf94dbdf297fae9e10ccf9616d4,6891003,6.891003
0x0cc8c7fe4833e54008296428db1b84499e000000,6887053,6.887053
0x761599064123baf63413e5c7b84e25ed64531867,6886162,6.886162
0xcf73224a144cf7a3e3cdca7a2bfd2f4c790e26a1,6885856,6.885856
0x76513827d913d89edb58b26c65c91424f270a3c3,6885261,6.885261
0x833d2954aafa166692d24586dab6f81f9aa42193,6883287,6.883287
0x3072e23a3e8d72d82b878a05ff9817e744a6d4af,6880841,6.880841
0x5a7ea513c2b9b54ff62d64a847bbec3c748fd955,6878811,6.878811
0xfff2f0277d7899e043741eebac6553b20e0639d5,6876994,6.876994
0xf805f83e7d93aceeea225ea65b35b14417ed6cfb,6876446,6.876446
0x2cfe2308cc137dbfbd6a15848afb5436f7ac70af,6874241,6.874241
0xf5f6a4a2a3466b26c7f161258fc47ff5800c0116,6874223,6.874223
0xd8a55f364eda4ffdc9e9a5a33d1d2bc95e4674b1,6872361,6.872361
0xbcc10f7c2e8fa72ee76716ab350d2893906e9737,6870830,6.870830
0x5d038a6a8d60197e3515e975f18ceeded142d709,6867452,6.867452
0xa84aefa8cf9377fd80d9d0cccc89a13fc308e206,6867452,6.867452
0x66b432c2c83fabbd926fdb075189e6c3b68f4425,6863163,6.863163
0x0ade194081c080e8a8f652752225e836c23bb5cd,6862347,6.862347
0xcac72313edb970abb8b4389802bf17a4b0a35fe7,6862119,6.862119
0x79237d85a6559afe9202b401fc9c630415a2136d,6861563,6.861563
0x64e090f68a29142f3143e0aeca1166ed3f1570e5,6860775,6.860775
0x585db1833efa847af75f748f5edb359f286106a9,6858403,6.858403
0xaaddb399fcac928169d6fa450b9595fe364c1ad6,6858171,6.858171
0x09f953dc39bd1b19c3998f753b82d0be30f432d9,6854065,6.854065
0x4d7e6bf26b2aead35b25ff66b42e088bec51f2b4,6853026,6.853026
0xbf6b5c9cba97902f49eea793da75c6a3ba3b5d29,6850399,6.850399
0x5aaaef91f93be4de932b8e7324abbf9f26daa706,6845852,6.845852
0x6633f1007b85476440257281952620a6692fb25a,6845233,6.845233
0x2e53c11d0f56d1facba1d69a4e752377fb9a29d1,6841978,6.841978
0xcf0239bf65e1f22d283a836a85ff090bdf381651,6837967,6.837967
0xfc06ddaa7610c1a0daacf88e19f827951e4b74e4,6835844,6.835844
0xd598f400b8430ba8c47505d7f331ed3301eb76f1,6835165,6.835165
0x0b431f91c54c303ae29e4023a70da6cadeb0d387,6834552,6.834552
0x95dedf411cf8971e930b5e297a4a3acbf9420d9c,6829600,6.829600
0xe046a7b24c305cf644445f8445489d0437ed7685,6825407,6.825407
0xc0855f464261832aa43f1d9d9e1cc2aceef7c54b,6824601,6.824601
0x9daad8bef894757e67985bb31d7352bde56bfa0d,6822958,6.822958
0xe63c69183d2c42f036e9525f57d5f0680d2536d0,6822958,6.822958
0x99b05b673f1be52474c1ebb52de56dd16184931f,6819458,6.819458
0x2c2e6f4f91e883507b6b7df94cc2603c163bfc0d,6818307,6.818307
0x1e896cd996e83433239ce762d1cb126d2409736c,6817952,6.817952
0xca33691e867fb5f0d77973fafe62ec7df13f4f54,6816365,6.816365
0xa83744ebb1321e21df821759ef43f80a9df279aa,6814960,6.814960
0x6024ca48ccbf1a7e90a1c69b695ad42a2819d2d0,6812329,6.812329
0x7eda1a84a68c8b15b96353522aa378ea286f0a71,6811999,6.811999
0x69b1a94b5e9277694bcb24d4d608c42b99ecc429,6807899,6.807899
0x05a4ea96fae16f34525cd4b0bb6d849bcc0adf4f,6807714,6.807714
0x31e5729fecf66c769809ceff9e8bee1942e570fb,6807671,6.807671
0x941d934e08aacbeba8c49c6513a753d0587d5e41,6806587,6.806587
0x3858e98a0a9b5b5753b9187034732e4e5e812017,6805928,6.805928
0x183120585aaefd430ed6e481f175efbf7d7a37cd,6805113,6.805113
0xf8ad48e42479e8df2e7bf04d2b00558491d1400a,6803630,6.803630
0x86d55a7c9e70ba692b9b9b8460f354034f9ec896,6803411,6.803411
0x018a5ab807c9235ab26501d3655c189e78c1ae8d,6796762,6.796762
0x5e6aceb831e76e247afb73d7362218bc052b1700,6794885,6.794885
0x2b97cedb02c6ee55566973d0c49ce69536db10ae,6789608,6.789608
0x25914d77b97533decce40a0c1aa526c1a4472606,6787695,6.787695
0x8c97da9740d23f9b126620c5ead7f1c7e16340ab,6779976,6.779976
0xd7c5f8972c7f309c98f4d6d3e42c30fd6420200b,6777222,6.777222
0x16224283be3f7c0245d9d259ea82ead7fcb8343d,6775960,6.775960
0xa87d676d9d71b64ff88196c46f2b87a5f91e2a17,6769253,6.769253
0x119107bdcfe33b38da6061f8065c778c3218c032,6767590,6.767590
0x79d26bbdf03dd196f70a807e0bf84c4b2f10fab1,6765957,6.765957
0x3c3e1a214c0da51bb683e01e2e694e548ea61163,6765044,6.765044
0xdab79a9a111a0314f11318fbd4d2e1dd5a1f04b5,6764180,6.764180
0x4820e8f84b94428abafeb4ec43983de3bdff8e3b,6762617,6.762617
0xa93d39999961655028e11e4dedfebfef9d6e141e,6761230,6.761230
0x7201ad662c2f3808fc364ee62b9b31a6d8053ed4,6760156,6.760156
0xb4fd729d6a8b87cf06ccbbbc99d9f937a73b6712,6759463,6.759463
0xf248401027d668db08a30eb5dd5157f3342f8ba4,6755830,6.755830
0xd299f46b223ba3047fec3ba1d6d19f96d4f52127,6755607,6.755607
0x8d80bff9e7ebcc22bf6eee3a23f8e822f852e866,6754342,6.754342
0x6a0c8caa2963c2b1b2e9341fca746ddc924e5c97,6751876,6.751876
0x78fba56ee67bb280c13d064b69547db07d68760a,6748961,6.748961
0xd7ec6474e364dbdc2d4a7e101eec8e8cddc4111d,6748691,6.748691
0xa29d6b09cc7fd31d37f3d27e150ef5f69f4e9b95,6742346,6.742346
0xeaec43681dba09c1414159d82c56d48089389b23,6741138,6.741138
0x1560492eb6db14c21a383b2f392a77c456be43d6,6737333,6.737333
0xa0aecc4a848e6f9998216e004a90b61c810febec,6737333,6.737333
0x46067008110f9458dee6d4394d8df26a10dd5a6f,6737137,6.737137
0x603b96e4f5c3319fbc37b16ed86a3414571bcdca,6735322,6.735322
0x9187d6146df5326da7c9d76c455532042aef49a5,6733685,6.733685
0xe4e406f14eea94eaf05a5161a0d1284705a64f6e,6732341,6.732341
0x6c45a98b88b48026fd7bcc7f21d7c35a73c6ac99,6730632,6.730632
0xa3a6dd35c1f1d3ead182bdd6e2d0d00f31d3f6c9,6729965,6.729965
0xddf9db63f6f145df73e16f6be12e8d7913cf69c8,6728530,6.728530
0x42256a94ee23c99822ae7ffe65795f52254dc449,6724346,6.724346
0xb149b093c9f2ff3f130268ae2af5c327072de22f,6723910,6.723910
0x239c383ae250de13e100e6ace7fe4807c3fabdc9,6720791,6.720791
0xb65fc205b161da5af518507b8f18df74a55b2fa2,6720740,6.720740
0x20db13cd46e034d630f22b16ca18e868e6284528,6720398,6.720398
0xb25219bc799423ac50fe71953821ffd8fc972b15,6717945,6.717945
0xc5d126a311a4df5bd1c195500456b98e43cf27c9,6717370,6.717370
0x2718e86f5793ac08bd3c4a301382e8c1da2a1e30,6716754,6.716754
0x1f1f160d5c135421dd876859d0773a7817ad480f,6715466,6.715466
0xcbf248983d465da9cf6353dfe09fb34c90fff7ff,6714992,6.714992
0x3708106c3dd22ae1e9d92b40ef32ab19bf05615f,6711933,6.711933
0x9597bae2f38fcb5cedbef4a572030f0bf465eb92,6711295,6.711295
0x2179036fcc187e7639e000ba274b88d93523889b,6709756,6.709756
0x60c33ccfc3935b2a90ac8247012092cd46fa605c,6708442,6.708442
0x380a8389528b38765b5c7c70a82699eb98f51e6f,6706435,6.706435
0xb639d1f4d56f15ec691ba383499be3f87ca23707,6705407,6.705407
0x199409b7b94091fd0013f51c5932a0fd88896b94,6701984,6.701984
0x2e29985e8396257f23ff9046314b36637f70c4d7,6701975,6.701975
0xd1585dc70335fcff3fe0f30ee57a88f0f7b2b1ff,6699558,6.699558
0x9980c48c5e0dbd2a0f3e2801df8f6646f46bf5ce,6699055,6.699055
0xd6a66f3669e3f5b75c97e5008d9db7fb000ccc13,6695716,6.695716
0x98a729d4f94111ac21df906fcda107dcbc65d0b7,6694779,6.694779
0xaf8c6831685b5b157fc50a27fbc5109a97d326ed,6693138,6.693138
0x5597e5a562d5947390ae1f788ef5abb33d11d73f,6691874,6.691874
0x33b99a0d3ac3fddffb6b7c5303ae833db48f0980,6691793,6.691793
0xc81c81d234d56b0af66a8d42d9460737326a3bd1,6691214,6.691214
0x2b7ff42d6584634d8d623c1d344d8d72ddc99c4e,6689689,6.689689
0xf3583b117319f347656aa5dd5177616d5e8825b6,6689260,6.689260
0xc737646248dda99751b0a6d9c53bd51e87c0f6fa,6689204,6.689204
0x7ea9ba23d102361774a0c5954579b21a5f986c62,6689159,6.689159
0x8ecd1a36a3e07e911c443b2a58d78f69f01d12f0,6688038,6.688038
0x398e792451c8c986e88e0cbf6b9f46fd698bf3ac,6687915,6.687915
0x01f92621addbd8b688fe6539f6a69a0f892502ec,6685823,6.685823
0x8dfe66cf7cad129679209d9bcd178ba88d14efa8,6684913,6.684913
0x4d4001e04d898c6954a29e45e8e8f3389c77753d,6684201,6.684201
0xc22e2e7f7714bb08ced43e0a41b2db13f45e715b,6682500,6.682500
0x727c3ab99f1fb8bd424ca647d249c1c4824994c7,6682391,6.682391
0x26f12397f8b312305c79b88ade67dd1749d37aea,6682023,6.682023
0x2b7fe3b17ad026253760e9d12a40e23d4c9948a8,6681534,6.681534
0x34939dcf0fe9cf5cb6499b9e88bd3838c1d96bd4,6680369,6.680369
0x7997e9c56876438fb52eccd5a0b80538ed2541ba,6677830,6.677830
0x6c554ee877ff6d9c84d821f7afb16fc747b200c6,6676700,6.676700
0x4b3b8283449e7d0e8d3bc9fc18fa84d343360109,6676645,6.676645
0x50756354b35ddb82906ecd9317ce36655c45a3f4,6676538,6.676538
0x51bbb1a9fd215eb39e7bf92f9f7d5e60f69a00fb,6672713,6.672713
0x40db8365d1252bcb06598927698238a99d39228e,6672525,6.672525
0x98c3d15845a471cacddb1a17885479641a6f0ce9,6668962,6.668962
0xe9a197cfc27d37222adef263954cd77e9620d1e4,6668889,6.668889
0xbc0c19235d263aa6ffe8a4dec7901a343539d7e1,6667977,6.667977
0xd0c7a59e3ce5a289b553ebf7659f5c3316ecfbb9,6665807,6.665807
0x44ff9fb48523c94e2e60965c6e9869d4d9e5ddf5,6662754,6.662754
0x34df3511229eef275f8a90b8aa01ed3d035cad06,6662176,6.662176
0xb6d1df53c896f16f6c0b39801b04cad66c71317a,6661213,6.661213
0xec6f9cc2afdc2a90fe9e5e53211550148ff5599e,6658769,6.658769
0x5e771069419bcea241d2efeb4abfef9b629d74f7,6658489,6.658489
0x431676534a3741dc1a6b801a79e1885c6a60122a,6658052,6.658052
0xeca830ea34579452b6e54f60eedf1a7042921c1b,6656856,6.656856
0x45cf34ef1716936e3fd420e3d927efbd78a9b1bb,6656641,6.656641
0xbec8e762a60314e95ca879c1fb1ec805cabadd53,6655482,6.655482
0xd2c853175ed772b43ae98b3fa9c1fe75a780ec7c,6651948,6.651948
0x5b987e7d8dfe6e28744bf5390c80e08925d5cab8,6651227,6.651227
0x3b78e2264c87fbec326a6e4b157784c8e3dd377e,6649035,6.649035
0x10c2db2fa1e639e43c702a2e3669feb2d5e384b2,6646084,6.646084
0x16c73143423b0525ca9a3968ae16c06004a0078c,6643350,6.643350
0x54f2700371c3c3c56b7de26fe9babfd90d526f84,6636393,6.636393
0x490ee2ce2dedc3776c1a3935ae1fe3b93cb13025,6635900,6.635900
0x3acb428d44321a19b1f4eb77f14f2932746d7b5d,6635565,6.635565
0xe6b5ca713f16d02ff97bb6d1b7e4c412e355f306,6631449,6.631449
0xf410374c491f4262cd07c81764e1487bbdb75c1b,6625597,6.625597
0xdea5c0fe381be7d9c941814d0311bdc045221886,6625388,6.625388
0x5ad803a7c6535fe18ea275a5274b4b65f5c73002,6620345,6.620345
0xbd5aae1c9d218c4fd18419e4dfb567acab2244fb,6618734,6.618734
0x353dff04d28368d5fee303efe637932a791f0810,6618734,6.618734
0x8057109e58edcbd80bf55b856e7de7adc6859b0e,6618734,6.618734
0xb3d82e3415e9df61245d0c4b263e1e931732a848,6618734,6.618734
0xa676c88fc4e5070a4d290099f799dc1b9218a045,6618734,6.618734
0x73f63271f0c2c24cc1eff86674d812998772bbab,6618734,6.618734
0x78dae0339e93926f78dbbadc34f2ff9b5a9242a0,6618734,6.618734
0xa8e037b0dbb4ed17abfdcf12df7e3097cc279764,6618734,6.618734
0x13d3c9521547896bcc83569a7bfe715eeda32ce2,6618734,6.618734
0xbcf15a6cd68d58e6c8ad20a57bd1554cf2996b35,6618734,6.618734
0x60db208251e599d0a669e9b4a14458bb86af9b46,6618734,6.618734
0x01bee1f5eab6b0334eb17e081fdddbc14b1f6dd6,6618734,6.618734
0x208ab56be44abb206f72f528230df1bf8df5fe67,6618734,6.618734
0xf83f3cf1cc37efa158a04f3d8c3a4f6833720429,6618734,6.618734
0x9f748b98db10fe0d874ab6a83ed196eb869f539a,6618734,6.618734
0xdf0344abd4909382b3be140d082bff9d882288f9,6618734,6.618734
0xf6c079011169499aa29862bb94cddd2f236bf4ee,6618734,6.618734
0x4a16de74a784215e03081c308edb582f0a4568c9,6618734,6.618734
0xe2b1707737ea76aeb0491294660767a27eb254e1,6618734,6.618734
0xe134d8f0f3c00f83ffdabdc9015e208560802cb6,6618734,6.618734
0xdc92c0f15d96f0862f11734916e98d556982df33,6615902,6.615902
0x14a448541e9e0575c4b34d19b0d53430ad6ffa57,6613802,6.613802
0xf9eb79ab4788f97f80e2da0c11efb4f64a7d2423,6611043,6.611043
0xfd7bd29e1050932829c1fc080ea42d7394c42847,6606459,6.606459
0x3c112e6f387a4d8e336c73ef74c9be51b01644a1,6603525,6.603525
0x41314b56657e3c5b7cc2392197dda1d0613ae667,6602811,6.602811
0x5833d98e3924e9c848f3c011fad33dd13e422c8a,6602454,6.602454
0xf67107225713a29ea9ede2952179ff177b2c51fd,6600041,6.600041
0x41868d220739ca5b6db3bde3c60b3e70853adb24,6599862,6.599862
0x85e474197ad704cae575407529050704bd6a4c93,6597982,6.597982
0x289430a8de9f2abf505a48aa76480b37d1799010,6596170,6.596170
0x9674008aff5c785baaed9e795e6417dcf0268229,6593983,6.593983
0xee16bd78011347ee3437484d20288fc76ed5992f,6593804,6.593804
0x2c7f521b0c790c850993a58b67fdde567edb0df7,6588142,6.588142
0xf78477f1cdd5ae695b4d12240cb913bac764bda1,6587365,6.587365
0x96cfa97cd9d7c078e1bd1273d2fafb543e5e113d,6581767,6.581767
0x77fe7303b90ec652123ca7c4fa494ca4eb31f4ec,6576940,6.576940
0x7cf3f6e1f659109d12956bd8035af983b4f19c42,6575588,6.575588
0xc748c80120710ff278a45bc0522be9ffc3dd7032,6575553,6.575553
0x13dd4c65252274a442428039ae815f3a13e84ff3,6573957,6.573957
0xded75e840dca4a70d8a39d896a40ab140d0a48c0,6571866,6.571866
0x7a82f8a230b3a2390887cb4f22f911175715816f,6569324,6.569324
0xecacd5417dd61dda87d38ce61aaf5107cf985a4c,6569059,6.569059
0x77bd2623880908893da4318a9555d2581a97f5bf,6568954,6.568954
0x78b66d892171da4ac60f9abe211f300284ee0f80,6568788,6.568788
0xf460bd16f8292da0b9f8ef787a1335fbd3e80cb9,6567953,6.567953
0x49540086ce3069b118756fa05e1d3a95398a24cb,6567953,6.567953
0x404bc8c36188cb2a0e20eb49e4f2c7f12dd15ce1,6565866,6.565866
0xdd9b542108af3d3072645f18732db65f5b5ec7fe,6565756,6.565756
0xcf8445a17f25d149e63ba8662eb602e5103a236b,6563485,6.563485
0xdb23e5449c966310109ae705e128b1c144111ec7,6562646,6.562646
0x007f77b222086052e8aebca83f969b012884e49d,6558107,6.558107
0x4ee3f9695ce9b1b8194e3885adca06c763e3f48a,6557351,6.557351
0xdac7a91516112703448b5d1fbc8b679fce838e8a,6556185,6.556185
0xd8ecc9d84a17b554e28652e73e45f96229631c95,6551098,6.551098
0xadc5dd9fbc88741b59a22fb1d183503b61754876,6549920,6.549920
0xef5026222a1f6e40f0bc4d286fb769504b31c912,6548838,6.548838
0xe97ecd894e482e9745bf1fdf99d5dc18fab625f6,6546476,6.546476
0xfcf2a88620f5c5835dd66dd92eb0b08e59f24795,6545874,6.545874
0x78dfbb5238e003a5c01f51ebf9d3296d2650548d,6542774,6.542774
0xc2057991e1255ea1a92e61fa9fd3832e59179274,6539859,6.539859
0xc7a7a3b3ff35d304d40942768a8ddb95ff142c05,6537334,6.537334
0xe2c5f4f618750b702885e4eb0f24a52f4281db88,6536181,6.536181
0xfc4f9c179465d1fe8711466db4936428d11902a1,6535997,6.535997
0xc237518ea2794fcd85b32f173b1a3f6081f15b09,6534416,6.534416
0x5c2068e436b6e8daa548e8e1330ddd05785c8afd,6533228,6.533228
0x92a8dbac6c6eae35d2478f355384cb4bb336b084,6526253,6.526253
0x1404fd30dd00cdebfeeba366f53372b8373996b4,6524534,6.524534
0x4f2999ecc2e588557407ef66d4c268d08e5b0d2c,6523968,6.523968
0xdf856d578da6216d8f0929a9973406c766126235,6523968,6.523968
0x412bee06bff6b4c6bee350b198900734e0975bf1,6520004,6.520004
0x258a2097b06b980ed75f75574d93b3c5077304ab,6518863,6.518863
0x6ebf46772cf3a32e811d658ede8db8b4b7a4e959,6518044,6.518044
0x87fae57f1c1efe7d6981fde34740f382588e7b52,6514069,6.514069
0x8cf9f2c4aa4dc29e050116f572e4a6747e0457d7,6512044,6.512044
0x51ea33ed233ec4ee30cb73e9e9ac11caf9abaab7,6511943,6.511943
0x4f74236f2b0f9f73d9eea15696f9837c0a0583d7,6511417,6.511417
0xcf2fd96a356a4f5c4174b26451ddce1ba592b403,6510879,6.510879
0x53ccfa14a64c6020614eae0ec252b3b5a7592db7,6509985,6.509985
0x55039d5bdf038cb3836b8a011acaa68013544dcd,6508964,6.508964
0x8b35a775c710f80c4a316e035fdef7ff6188f237,6508037,6.508037
0xd16895578a572d092f6e2ad3e1222eb9e042c93d,6507460,6.507460
0xd684aae6165600093373aec5a0fbfa9a5e6c7fa9,6506934,6.506934
0xa71f636590aedb34cff5c3e95c1a09439a9285ac,6506657,6.506657
0xf6a32f757196ac753a354f145f408bf88beacf29,6506456,6.506456
0xa8e91dcd6252f234a29ea21535bc2bd3297ea9f9,6506057,6.506057
0x2de5b158f87bb024cad7ef6395d0203098ded912,6503581,6.503581
0x5032907c7351e7453666c73246cecb6a788e8251,6503581,6.503581
0xbc2b401780f597b3c879ffde99fc9753340d3c92,6502992,6.502992
0x0338b5a5f2055b4a35696012d49d22fdd6de78af,6501029,6.501029
0x7ed97db2acf8f3021f58795d8c6a0e68b541053e,6495028,6.495028
0xbe9304f7be88a7d2761324bf38246c2e8a4bf763,6493886,6.493886
0xd87de405389656260c0821623f3888dbbcddd7ad,6493416,6.493416
0x95c12917332439bc620fe119d1376d14388a5ff7,6491448,6.491448
0x5d20fd722b423a06c6b916ef05f31dd73905c67a,6491448,6.491448
0xcd6be1baeb294040222db139d4ca7bbfab92bc73,6489834,6.489834
0x70d63fb36cfe9cf4cbc0378c4c8a7fd89319dbb5,6484688,6.484688
0xd724ae2fff0f3ab75715d2e554aeb1e96d47249f,6484533,6.484533
0xfdb11975cddf72c691991e6a5051231bf190e8b3,6482112,6.482112
0x5cfe3a15c0f55b8c087d5063258a49e20784de8e,6481411,6.481411
0x6f637272a9d59c5e2f55a2e63fba18868d667b8d,6476900,6.476900
0xe7089b86aa744ff08c08b45aad429f0ec8de9026,6475254,6.475254
0x6304ce63f2ebf8c0cc76b60d34cc52a84abb6057,6473163,6.473163
0xd9cac90e03b50762394b6b7ce467c628c3d9ffd5,6470970,6.470970
0x50a3ba1611b11995f557a0147d0729262bb5954d,6469229,6.469229
0xb0a2f966b33419d37d7b72fab169f90ccb9bb7a9,6468493,6.468493
0x06332f67f926f0fccfc403607163a415f1e66fc1,6468260,6.468260
0x65c1a90219e3146312f0d3074c7728abd9ab37f5,6467112,6.467112
0xa9e8b06c3f4d373e38c56dd6ea3b86f4c7d95d42,6466649,6.466649
0x6e60f76ed6cd85b5c2f6a13b5d165aef374442bc,6464160,6.464160
0xc3ea1b6009adcce61c988a107184d11f6606b68f,6463426,6.463426
0xce59ce5c811ba95498e4e0056c63b699e8f47d22,6461274,6.461274
0x8ae53ee149d1dc13739c96a3ed08adcced43c8eb,6459181,6.459181
0x43099ac87ef54047a4c8c14e61278ce158905fed,6458565,6.458565
0x23a881e335a116e8edf04ad2c254ed10ce489abf,6458442,6.458442
0x5380ac9290d45c531cb4972372753b63ed3e1e0b,6456515,6.456515
0x5b7534aab9293516fe8e32acc1e38b75fef69c35,6455840,6.455840
0xac99feb045881bfd7972782f3402de77b697b115,6454646,6.454646
0x6b5d2a86637c09663896f1954208c3b212f1586b,6449386,6.449386
0xb16de866f46e0529b6663a318709c0c06de985ff,6447304,6.447304
0x206e4291ae684221262c4cddb228a343903ada57,6446965,6.446965
0x0dcc04d436312c322bfea0a3e0f8bc7b60f0c9f5,6446707,6.446707
0x02720816a906e8f3fdedcf1698dd0d3a117f0941,6445083,6.445083
0xd0c0338baac9ce09c1d1caab88b4360507061e37,6443767,6.443767
0x540bb4110a31d931fda8765c646167d1455ea54a,6442796,6.442796
0x5f06167fc2402edf25be0f1c64ba127e4ea26140,6439947,6.439947
0x888a2684ccdf82d6ea22d892f5be83242392b0a8,6435439,6.435439
0x75a6f7fdcb2bb013d0ffc5443cd3c6331e679d1a,6435304,6.435304
0x21aeb099edd8fab067c7764943bddfa3cfcb968c,6432909,6.432909
0x5fe1b9fdb136fa4b65aa4b19b24d6f3a3c95ef5d,6431653,6.431653
0xea00feed2783aa55ab10963af71ba9772ee30e44,6430736,6.430736
0x042435372de991990b8fc7b8743bcdce6f39a00e,6420745,6.420745
0x3457fd66e587af7ff4e9eff49aa988915fe8f6d5,6420627,6.420627
0xa1bd1f11ef7a9a8c28cf1a0acf0125fa3baaec45,6420206,6.420206
0x7993f18c91a9f68593d308c5846f380a2a374f46,6417486,6.417486
0x0504400cd2aee59db29fdeab7ecfb743c2f3838a,6416490,6.416490
0xd392e5d8c94bf025a0848ee82d58f947833049d2,6416490,6.416490
0x70f9e695823a748d0f492c86be093c220a8d487a,6415651,6.415651
0xb9b8494eaaf5efc70f951ab9f29783b97821fd18,6413073,6.413073
0x9a023b32d03844b11b91d0ab1c6da0310a797f48,6412438,6.412438
0xd283ac6b8dd58cde7ede41002219d976115dca36,6410286,6.410286
0xf718a1a3881bd30eb36bbb23b2ddda3583c59ded,6408990,6.408990
0xf259a29046b17c0f3bf04dd9caf9d8da91acf96b,6408865,6.408865
0xa03dc8bf4814c9bed9ce776aa81d5d5f911bc7af,6405617,6.405617
0xdcc1d672de5eb5fd4ed97fd1573bf53348f57661,6405378,6.405378
0x81827e9ee5d74d6436455bfba294361378fda274,6403893,6.403893
0x3941578e47bcb7ac5f006488de8d0ca8461bb0b5,6401171,6.401171
0x2f020dbd3e3786c1ee3e07f2b762bb20ebc2087f,6399631,6.399631
0x9e7a2a9bf848f4bc8ccb3ec81f7fbf87a3a89743,6398768,6.398768
0xb976a99f95422b4cc10c76b2c9661de2f9ed9fd3,6397774,6.397774
0xffb6ab0ad6852a3a95603eee4def3cdc4b8f699d,6392485,6.392485
0xf461eae244e1829fec501dae31aa32bf84ea68eb,6390803,6.390803
0x2e0a9bf2c488a4bc406f5a70caffe6fb372e165d,6389762,6.389762
0xe6b9f47da2cf4cacf93c7788675d80b35093ccb3,6389712,6.389712
0x5458210bf50ed1864639f45b5ae7df76be2177e4,6388556,6.388556
0x60f9d5248c6efedc06dd6d8a373e8493d410c3f5,6386523,6.386523
0x44db0002349036164dd46a04327201eb7698a53e,6378875,6.378875
0xf450c00ef1b5a47d3c3cc15b9ab71140346ceffe,6378034,6.378034
0x3dae4b3d16321d93f80483f5e70438e4ef867471,6374512,6.374512
0x2856c828c6db4f5997b9b9cbb7b3890e8414285f,6372979,6.372979
0xfedd40e8aeaad92125269800dfe1ff6634a45020,6371857,6.371857
0xc7a0cd107cd3f3c8ce9c016e895ac1e3076f0d1b,6370722,6.370722
0x914249db8f1e1903b432e1af075d35c82560b262,6370722,6.370722
0x1f3f5165f0aeaee95368bd29a701d085012ed952,6370722,6.370722
0xa96d3d24a4a64c67ff171b32ca4d454bf95b4d87,6370301,6.370301
0x9a3e7c22fd543416779109e895fbd48668989d06,6370179,6.370179
0x833ae221c8018f82c34a473b7786a5b01eb587c3,6370011,6.370011
0x3a6ef30c10a1115940e1e3c14241b932b30f2c2f,6368278,6.368278
0xa4aef407762b8c8d7aa27ae35d19295b4e5bcac9,6368248,6.368248
0x2d76b21cdaa8d361b191dcd498a94e3adf1f33e8,6368138,6.368138
0x259a50e2e157190c640b4c99f6a8e62d9fc1c4f8,6367674,6.367674
0xc804d549b103bb1c2246f80298c90831a37805f9,6367674,6.367674
0x4f9e1412eadad32ad31e61f3e2820d55ef09556e,6367674,6.367674
0x49d238b72626925d6d7159f88c31cdd0cff6502f,6367674,6.367674
0x7f3c703cbcd18acf9b2d85bc4b59a770d2307ae6,6366522,6.366522
0x2c61ca3ff370b126ca27ecf4de1a874e0a3a25a0,6366503,6.366503
0x6e8790cf2ede8b948e938d2b33b4150b37053bee,6359470,6.359470
0x23ff41fa5c0bba4eb18cc1c65b128ac8d6ec3dbc,6359377,6.359377
0xa4a5b5db4143ce8e8d3784c219e849efed117d88,6356008,6.356008
0x346b6cfd4e4ab4dcfd3de648c88cc953a388ed9d,6355716,6.355716
0x7e2ae6025896e77adbb1cf6ae8efa3768bc49091,6354430,6.354430
0xa92c682d393c9ff84af520f936b989db8552ce5b,6353637,6.353637
0xec7a9d357bcdf4f0f4d6c87300fad154a237460a,6352887,6.352887
0xa8ac0cabb75a3842fb8cbbe18359f71711cf95b7,6351141,6.351141
0x646c39922b5d7818c6ef3eaf955e371498ccf9a6,6349950,6.349950
0x1050a8e4c528967c49844f3a8d0c43045c0e9a2f,6348526,6.348526
0x06005605bc9a8f9c1ecd921775d5073031889880,6345734,6.345734
0x81a4cb704f043fc310671ce13f0c54425c2f4191,6345671,6.345671
0x730930a16fbdfe79d1c6e17764b1bffa769f2481,6345570,6.345570
0x5b4e99209cc6827a9fd96e1cb34e12a2644f2446,6344960,6.344960
0x970aa6294c174ec7361f34c50c239ea5779b13e1,6344951,6.344951
0x9c505683ef5328e3a1dfc99c03e5c8ba087b54ea,6344845,6.344845
0x9cf4dbab25fd916d09f73217b6852cc2347d14ba,6343173,6.343173
0xfb112f9ace1a3019ff608e9fe5e702fd3c85fe50,6340733,6.340733
0xc3da86de4356e8d2122e9017614092f1ab7a3418,6337831,6.337831
0xa50a4de270ed334891fa96f37fcf8c007f38bcdd,6336934,6.336934
0xa34888e999d9e6d0c15039b81000bb2e099498c6,6335470,6.335470
0x6fd5aa4eadb136c060da3e9f7c1e9e036282e1a5,6334491,6.334491
0x6843d8b5557c0c093de83a4374e2510a52806774,6331767,6.331767
0x47e19d60f39f5fb1835c37b003646799abc1b087,6327265,6.327265
0x4faaaaffa9353b6969db467b592e938247605e4b,6322709,6.322709
0x50e2e09b3dcb1be58d58cb33a6b2c5eca16af5a2,6319797,6.319797
0x1cde37358d4a5f7540c3b1fb2068c3bc787c950d,6317062,6.317062
0x6cd7b2500dce84bdf4a22e3f5fc9041026e52112,6313954,6.313954
0x1c45cdcd73abc21df7816f97deb0360955f54e33,6313915,6.313915
0x3e4f4dee05c6b2f42704a3a713d4ae4a084ed8ed,6312059,6.312059
0x029d93bf5aa8da4e1b433b8ea3151fd1cb0cfe54,6312059,6.312059
0xa36b9297afb449e8aa4bd4060ce98ffaa65896fa,6312059,6.312059
0x24cf76b1afa5e8d945ddf5dbd4f842fd43a779e6,6309012,6.309012
0x85a61295752440af1f3071abfcd8233491a16218,6304487,6.304487
0x1a3c4e9b49e4fc595fb7e5f723159ba73a9426e7,6304445,6.304445
0x4535dbd518c545cd7fe27e80f8f22a0ac93d752b,6304187,6.304187
0x199c719c83d8246559700c00fff8cde14182e192,6303801,6.303801
0xa8b6021f99d97fc552fddd85b90695e5f249c8a4,6299862,6.299862
0xf39f4499794bca093862b4319e4b2022b5ac7984,6299602,6.299602
0xbb24d282b6d733b9b575fbecf42c730333869ccd,6295487,6.295487
0x23a51ade6db8d4f2b185a1a8767be08eafadc167,6295195,6.295195
0x5d9a17b8e34edb84e03499e9d4cee24f4d7a2a51,6294788,6.294788
0x81c3579cbbace90b8d81fcf3b5670e6ae5d86437,6294372,6.294372
0x33a1754ff58fbfd33a5798c50611f124e864bbe2,6294249,6.294249
0x611b4c1abdf6b8576f1ebd2e9e6bd5040270c948,6291557,6.291557
0x959d2010eb268b67ffd6ca2f18252cebfc7bf467,6291234,6.291234
0xaf5e469eeaeaff784d3b2e5bff13d24d4a92685c,6291234,6.291234
0x7a4b4e023e7dbeae4b32e1ae729af5db1d026e47,6287817,6.287817
0xb9ade46076824cf208d91c19ab24827ff4b20851,6280063,6.280063
0xbed7894de95a8216e84d9ef582b786ac30a752ca,6278306,6.278306
0xce485e854ef129d13dc1e25d103412bd25e97904,6274300,6.274300
0xac7102dabd7cf67ce7e3ba7bff513c9377792593,6273726,6.273726
0xf24b1a48023e82f9ac536b22436872dc1bd44084,6271999,6.271999
0x3765f4fc04f580e232f2af583a1a829afac720d3,6271545,6.271545
0x3ed08a777a1b087f8bc73ca94b14ba64ab8368e2,6270747,6.270747
0x77884b7aeaccbf1b8a0c5a33e254391b9b49ea8e,6270020,6.270020
0xc6d23435f55ffe5667862aa2dbb01be208e2f298,6269962,6.269962
0x63cd89e59d2f4d3fccc2b00483e58b2e752470b5,6269403,6.269403
0x4a748e193ae554d6f722609ed257d3f812bbb74a,6267795,6.267795
0x8627784233760b31b78331b2832a1eed5f78d6db,6267117,6.267117
0x62b4f6679bad8cba51c6ad9f3208f139156c65f6,6264885,6.264885
0x952648c204190ee3d06397e48b02ec6e32f6a0be,6264543,6.264543
0xca9804ee70a99c51c712b05074fa0690baf73a5a,6261175,6.261175
0x2a15f1fed563c9c815eb510dcb4a3475a087894d,6252262,6.252262
0x87fcfe1b0eae956b4c0a23e627d6fc9443c3b111,6250334,6.250334
0xbaa4664ce37fd877e12465942cd8197538816401,6249357,6.249357
0xe2926de785a504d1bb6ef8c461847c93d0224049,6248824,6.248824
0xe50843cc4fb3d42353fb856eaf486c2aae2c48b7,6247622,6.247622
0x83af3a90649d1bdaa971e29ff793dc51cb3e133c,6242620,6.242620
0xb343030a848da5ccd4ed4e5362576cdfcad3fb84,6241797,6.241797
0xde3ae366588895fdc26d534cf6cb13dcedabb628,6235654,6.235654
0xeaecef0c4db7160d88774339aa3f89d12bd00dc6,6234070,6.234070
0xce6e0dc3f10501485e8fd455241aea79deac479a,6233971,6.233971
0x3e69e59d05672a2da8fa0a83987caf6a4c5bd033,6229099,6.229099
0x5ad7c70ac635b38d1ff1ebd5320374d6182444b0,6229099,6.229099
0x8c18d8304dbc7ae02ab9b402ae0c65e1416e3186,6226745,6.226745
0xb58b06717e8c5aff58d6c37233083200706ba99f,6221776,6.221776
0xb23cbbabbe42e6af954315ad1c4a342cb2f58f20,6219332,6.219332
0xa25e63f8e4ff2a08b9297b22e4024a0dd011ea2a,6214879,6.214879
0x5e44c82d0d886e4cc21ac10aa9f4c6a066ea6e2f,6211486,6.211486
0x9a49d5a3f60351760be1e03cdaa2fe353a3aa574,6203489,6.203489
0x9ab655081484dcf02b92a9214643d30b0bee04b8,6201987,6.201987
0x3c85533d835a8005af852d47b0d0288872d627c1,6197800,6.197800
0xaf39dce4f4524b6cb5e331c4974629bbda67c0ba,6194971,6.194971
0xda4e64b68686c467a349fa97015d3e1e2a4c26d8,6193892,6.193892
0x714fb9fbd6c676702d5ace618c0dc366f2b856c8,6192466,6.192466
0x9a4e43724471a994d424c2765705398062142f04,6190817,6.190817
0x0ad9c33c9de6d4d29022009e85a8a35a65f91970,6190499,6.190499
0xd62935f1b6d09949952f5b502ce648c5938dcb5a,6188793,6.188793
0xe8ca1783fb4b0271878c975cd8181ba0a11ff49a,6188292,6.188292
0x3e1ad7631f5387242db39d87f6864de5be33e36e,6184270,6.184270
0x7adf30dca721f792a4308dcac6607117e697a432,6183331,6.183331
0x43cf6485d8c7db01627a21198ac6d57201d7f510,6182018,6.182018
0x0f0a906be8f0a8892fad7ebbccea1185bccd12a8,6179752,6.179752
0x51a861e8aba0a420a66e09fad0d00015a442aaa4,6178512,6.178512
0xd1e2ac8c7f49bc1d1dc09ed7b475f67cf646421f,6177479,6.177479
0x912bdf7d30a453574de0e210260d6951655e5153,6176796,6.176796
0x1ad198e4dbbce3f8a373a524185e67f7d40f6f46,6176255,6.176255
0x0a7f9c00ab3384e096476aab567931ac4fc8c909,6174740,6.174740
0xce9f47aaed505cc36826bd697d1ae2674027b87b,6173803,6.173803
0x994098defb0eba16155e6ea07030672c44b7baa6,6173801,6.173801
0x39ed125b7b63279b304d75b070b84d43c17fbc17,6173622,6.173622
0x40ac25af8fe39e6716fd024b1708ec789a4bfbce,6173620,6.173620
0xf4eb6b5e663ceb155e05154b19184c8edad4166a,6168155,6.168155
0x686d4d0389c6d5698ada0eddecc3ed2479e9cf03,6167542,6.167542
0x1d59c8e80c8f023d3f005f498e14a3229863b177,6166457,6.166457
0xc0772878f51729c22d5cf0b67df886f50678ff0e,6165907,6.165907
0x49d1490f62773c4d1acc5c4cda479192b4cfbb9e,6163883,6.163883
0x554b77ee658abf294cb0df3b08280832e5d5bdb0,6161545,6.161545
0x75a234c2e081d3e4c43d89262c8987b7dc4fe267,6160777,6.160777
0x94de05ff3c13bbac8b23a5ff228749286d66ae5f,6160025,6.160025
0xb0777ff9808aa3721957ace31a65869a7600191b,6159672,6.159672
0x677989d892653b0f48ee47287d3522ea1f8e4825,6159672,6.159672
0x745cc119c2003309661f828d1c5b98b2ca675021,6158365,6.158365
0x81673a6fe7971e399e57d5891487d11ba010e339,6158290,6.158290
0x035a209abf018e4f94173fdeabe5abe69f1efbed,6156876,6.156876
0x907a50fa81cc9020c124905f0fc548dd6917b4e8,6155222,6.155222
0x78fa25ac613d725c64072f121a3d63be67922f33,6149589,6.149589
0x1ff2839a927e9bc757ad888736b7d34bbe800f65,6148025,6.148025
0xce948d7e6b4065a9c80d83d3fc1b8212fda491cb,6147746,6.147746
0x9c72af18fcb47203d498e568541cd74aa51815d6,6145296,6.145296
0xc2e828d9a31a15e9188fa40b600d3d9a72136cf8,6144080,6.144080
0xb7aca6713afac83a3a9e41fe5252f58a452af733,6144028,6.144028
0x1bdb7606fc0008c99dcb2784c41af11fe42e07ba,6142647,6.142647
0x984ae05d9769255b4cb356d9f84212bf7bb1537c,6142193,6.142193
0x5af927869042dbe3e16c4a2aa72849415aa80168,6141033,6.141033
0x4fc5452ab14c2266cf542f41719df0d607203e1e,6137447,6.137447
0xc3085df4e9b6262dd7f3a0fdbf03dfc4702f3c2c,6132671,6.132671
0x9d8ca06f397f6ebda875145356af6fd05996be02,6132671,6.132671
0x9c9705fbf7dcd209001f90c0d6a223d2a2870ca3,6131172,6.131172
0x93d1f045c8f13423b3ebda5c95b4b0101bb5fdb3,6130980,6.130980
0xef66c8374bf1340954bf34fb8437244aef6cf6e3,6130812,6.130812
0x6e5250dc1285b64a4575dfaaacc9d1d7f32d5edd,6129250,6.129250
0x71fa452748be3b75568500248df4c7664b7a7ec5,6128370,6.128370
0x505809ffdb36328944cd7c8ff488d16b0c1f7c76,6125906,6.125906
0xffd0b16ad371a90676c4442b4065ea01cf500e11,6125753,6.125753
0x8234de2b297767c19439ede487813b5b6d702512,6125147,6.125147
0x6394f5d8866f97b05414333924d863f0412629a9,6123723,6.123723
0xb135b0ac8ed1658e89eec65396f97fb10bd4899b,6122938,6.122938
0x923b4158e388d35060c502cd7a6a9ab00f40ee4d,6122895,6.122895
0xe3827ebb8d201ef62ab5e32a943a7b67b2a6ddce,6119929,6.119929
0xdad36c76510bae6bb1a2346f61fd548cde8c3c89,6118519,6.118519
0xc1de04c8430aae788838d8fa2b27001a36b6ea9c,6116750,6.116750
0x8d869c568d8abf01b102b74a1b002d4929fb6d75,6116750,6.116750
0x0336e9f0d1f0d84eb8140a2e92a01ae7172edce7,6116622,6.116622
0x76c364c96f83aeb8c6486bab3f24194fb83c7b6c,6115455,6.115455
0xa17a739613af498e7b95aad21061e5776014020c,6108498,6.108498
0x96cdcf3a03c4e180e9719a65301a92ec5ca1d7e1,6104744,6.104744
0x45f5fd3e2cb3293fe8d1f0adb2e56ea1950f1015,6104647,6.104647
0xb6130f2f089c2d875f1ca3170157bd9f41e6baca,6104261,6.104261
0xf38c611b88a36c5b3f5da5107a4e9b71b3189448,6101246,6.101246
0x4fe2e743da6e8d1aa0c9ed5489d8c2c9b5f96c87,6100797,6.100797
0x8626f9da8c9c6c50108711d645a5c1d4cfa30e8b,6099779,6.099779
0x8b1f63a43633d7cfce34862db71af19d785aaf85,6099779,6.099779
0x67851f412ea74e2c2df1f67f98a7083994312ba8,6099779,6.099779
0x70414d9a3ea6a49e897cdd53f5962f1c205e3ddd,6099779,6.099779
0x31a5ac199bfe88f8f85b4758d7dda735613f19a8,6099779,6.099779
0xad5091c4b22f62677d0f3bd2bcd515df79f5e69a,6099779,6.099779
0x8c1bbca523371885a655e49ee4d95539f26e6430,6099779,6.099779
0xa75101f44c4ba3a7ab9121c0eaed37f722af00e2,6099779,6.099779
0x81fdcec8b5951d6095ec0268898edf779b3ff33f,6099779,6.099779
0x9adfd762d997bd382028a579bb68bdd49d97493c,6097579,6.097579
0xc82f226556ebdfadb85bec94befbc1e9301de67f,6095734,6.095734
0x4e009b17ddc83334782ff0c91a88880715fdba04,6093018,6.093018
0xb56bbe13501f20d7714d64ce0332a1e483dee3b0,6091986,6.091986
0x11f71b7fb4eb8f2605e6ed4768226c898965b48b,6091933,6.091933
0xbbcfed7c3653804618c0a80b24731f24bf128fb4,6091913,6.091913
0xab071591d43e5b007085a7182860be939bd7616c,6091819,6.091819
0xa31b99245af5086ecc88b7b43481aa8d11fe0297,6091071,6.091071
0x9fd6f72f6f6e7a08f9925a4fcdb18bb94b622b48,6089176,6.089176
0x0eb1f6e44d75348ee20119f61360f77ac81678db,6088077,6.088077
0x0c56825b60add68d79c3b40bbd306c308516708d,6087683,6.087683
0xe882457a88659ec51eebac43356141bda1ad02c9,6085348,6.085348
0x7484c159254654918862886f1d7f87fb5bb82160,6085338,6.085338
0x98504736bde76842c7e8114c3da9a8e134192e4f,6081520,6.081520
0x08f0565e8aba8e9cbfffcbbc39e0be38d01ace13,6080071,6.080071
0x30bc6d13096e2b146ab2f1f237d80d5c7b089711,6079420,6.079420
0xbec5f81307738aa2fd8183935e342493e26c0cb9,6079297,6.079297
0x05df3b848d3dc4428f38fe8d9923989319dfbec8,6079130,6.079130
0x699731abec3969c509989695049bee72c9891e7b,6078783,6.078783
0x4a2302534f484fe5ee9e3d7dab632fed25644739,6078613,6.078613
0xd0f8ee2b1a0418c0346ac90cb91244ac252a7fa8,6078078,6.078078
0x840e2e4213bb57d2e10497da60e222513a9612bb,6077701,6.077701
0x463b04d0e8f16d0a1edab92511356f86f6e958dc,6077381,6.077381
0xac689b731d53395ed91a7274af79c4ddb4b7ce68,6077096,6.077096
0x0f5eee110dfe0d76cb8ac4291bb5e781551f6193,6076986,6.076986
0x68efbe4867bf0c4e297a6caccb495ae56fed10a4,6076762,6.076762
0xb7f633ad77b5b167e248cef350710c422a06773f,6076640,6.076640
0x3afab9b7bd1d17ce0a4a9fd7e01d8c12f6d73538,6076286,6.076286
0xfdb583041a46e00f6a6c4459b62725fb4caa8df2,6076270,6.076270
0xe7c95433a3116749ff928e35a1f6a5489224be2e,6076012,6.076012
0xd29a9c7f880dd90e9c798d7fb8511e06df550265,6075961,6.075961
0x8d2fa175b1dd20b73ee429afdad7263d54d5d334,6075738,6.075738
0x847c12e5c6481f359fcf1008fae7f3b4424fa63b,6075590,6.075590
0x3323524282b14425247c05c351575c679c7d8246,6075396,6.075396
0x8187ab0b0bb522e76083cdeded394e09898506ad,6075304,6.075304
0x342090f23386d643782fa8d45942413e7d28b919,6074764,6.074764
0x9c2d9ef68d6680f96f4a435f28568a4954cd2a6c,6074753,6.074753
0x00e672134ae739a89c4425b81eeec6690faa2dab,6074315,6.074315
0x9e290319391869b9967f66ca5cd5c223d9ab05ec,6074235,6.074235
0x4cd4ccbd3bf744dc65abd00132fb12ee611646cc,6073367,6.073367
0x5008fecd33e6b629f2839ba054482acfe3d2550f,6072941,6.072941
0x1e71a50101e19bdc92bca3675e364406e63f1df9,6070493,6.070493
0x07dc36eb6f3d7a92b2e2018116d25f6fccfe0c04,6069737,6.069737
0x88d21c5e9cdc28a1672783148157bba4fb643eaf,6069129,6.069129
0xb9122e88be8294b1bd7f402a3662df33ed52c9c8,6066583,6.066583
0xf8b290fd4fb10fbc413957bd8cdb408dc9cdea51,6066499,6.066499
0x8fbbc7b14dcb2bab781a03964fb4b9554eb5f622,6065318,6.065318
0xc5cc1255a25d5749a7faf5e1ec23a0868ae77ac7,6064058,6.064058
0xf1abbf41d0def7a53fbd066b8ee9f002402a006d,6064058,6.064058
0x0f5f7012a1a2afc5a7e4815d095983d49cc637b8,6061509,6.061509
0x8088d7da1ff181e7dee7a6dcbc7668152e78750a,6057707,6.057707
0xbb5516207e7849e32c082bde66ad43bdcf0081bb,6053903,6.053903
0x15a740b85d7c28f9c495ec5dc7b7450aa7e465e6,6053860,6.053860
0xf08a4ced20984dcac122de4535161ebf390625ba,6051228,6.051228
0x6a59da0d191a2244b88b43d327bf9765d46a7ad6,6050355,6.050355
0xa663473951a57fe34c0a8f4e3d869a29593cf5bc,6050017,6.050017
0xa869cf3aeed80c2f800d6de265eb8cd4eac7ea4e,6049856,6.049856
0xc3ea5d6c7c9c1e933b1b7b6890e633d833194c2e,6049156,6.049156
0xa935fda59fe214c619adfb6c4c5126b931e16961,6045787,6.045787
0xdb08f4eb24d86655f27951994246915fdc626d12,6045634,6.045634
0x7e36c0afa568c014a3c0d88a8cb0b83219a3a13a,6044492,6.044492
0x19005baa5eaf6d3442259c0d3ef1a2e5b8b46a91,6044107,6.044107
0xfcc64593075d713bfc9e927d7161ba7b53a33898,6042224,6.042224
0x550526037205d8c8ca08df469d02e3defb3879ed,6042044,6.042044
0x4139537f81373adf3b648732fb60a7674e339957,6041296,6.041296
0x83b6eb8d243de70547b6238d2b27fb903e094e9a,6040586,6.040586
0x636958c636886b728ab9e190a8a77397b97fefc3,6037259,6.037259
0xf7f0bd4acbfc477746cea0f37f192b5454d6d9ac,6037259,6.037259
0xd9e91a913b4f957e475aae706c01fd78ef29ec45,6037259,6.037259
0x07600cd467aaeee383817afef42cd0dccdbf53b7,6035164,6.035164
0x23d75f79c61e7b20de97803524f3023e87b5c06b,6034417,6.034417
0x63aea877b5d5fa234a1532f1b26a4f6d9051866e,6033284,6.033284
0xabceb0f84c830d6d7b94c6273f2ab27ca597aa25,6032560,6.032560
0xeda04f8e66bea33d5d462a1851aa088a0fa2324a,6032466,6.032466
0x03647df7d25402e53d4d20afc3eacfd4f1bdb2ab,6031657,6.031657
0xd78d39a1c71e1cf039192b3c76e08cfb422082d7,6028156,6.028156
0x8491ff3ce336616dab451c720de84ae386f3900c,6025150,6.025150
0x8df3e2e70aa58cc5d14a7036b31eab0e227b3a20,6023197,6.023197
0xeea9a0f9c910a86a58b3834f90642285c4af66a2,6022356,6.022356
0x502c51364bf3234cabb5ec018e698bb7e88e2d37,6019875,6.019875
0xf3e36e557a325af44acc5834759055819e22aece,6015377,6.015377
0xb93ed609c68a9cb43ab40425821da5a81530bf68,6013218,6.013218
0x01bdbfdd901b0e8000dd0ad7ddf85ef6cf8776fa,6011664,6.011664
0xe17b2b9f01f7cf44a73aa04f9c52e230c89ae541,6010027,6.010027
0xb224614c79ccc0b31dbbfacf4fbcde178a0d8817,6009042,6.009042
0x4aa8d4d19c7ca3cd4cdbd655b11072a5e36c0782,6008554,6.008554
0x7be3bbfb940ff29c70a5f745ce59707968b5129c,6006998,6.006998
0xe984323a7eac6fe17e7050eb4e92d7f814dadd5c,6006860,6.006860
0x8315a32e58f5b5c2e420295dedd409dece8ae0ea,6005857,6.005857
0xdef300fad59c5bb3be3e50c813b727861ebbee3c,6005692,6.005692
0x035ebd096afa6b98372494c7f08f3402324117d3,5998486,5.998486
0x44e2f285f26bf65b5396873dd25b8d82a63e5546,5998031,5.998031
0xbc4cdd5140fccc9b8a51d84a8c9d993acb7cc830,5998023,5.998023
0xc85689ebce65bdd6f1ad9ca601f88398bda52ce1,5998023,5.998023
0x0f2ea21a78b39fbffc37034bb38036d5b851c85f,5998023,5.998023
0x68a224e3bcd9ed504b4e1e44beb7209bed58495d,5998023,5.998023
0xab08bedeed3e89febe0da6dbecece70064aea07d,5998023,5.998023
0xc0195c99bf9dd9678d20055152e238609d3f57b8,5998023,5.998023
0x31aef507579c15ffda1f386855a6a6a870c9a94d,5998023,5.998023
0x03e507ad4bd9a5a5ee0cf63c20280c1f29c64d46,5998023,5.998023
0x05ebb262731b0b82954645858407cfb7a1267faa,5998023,5.998023
0xa33709ee816e5cc23fa4b10e9aebc3991a956444,5998023,5.998023
0xfe0770fb7e2f3ff8dee3102271808f14996745f6,5998023,5.998023
0xedc279b0db7d5fadf47f2d911bca520cb544411c,5998023,5.998023
0xff77873d835d80dabece5c0412c0cbe240610ea7,5998023,5.998023
0xdb2700061122633e236f1a006ae59a020b2d72dd,5998023,5.998023
0x9fab9d60e7964f79bba37aaee998697b38c720ce,5998023,5.998023
0xea918791e83dab13ddd86c4227481b7878f19a1a,5998023,5.998023
0xdb5776e0f655d51fc07182da18fa73953eb17b1e,5998023,5.998023
0xe97d36cf516e492e1f73f0fd6205de5cfe7b097c,5997406,5.997406
0xd6a194d3ea3d50f9d09f314077de51129d13e537,5993561,5.993561
0x874352595d344aa86ce6757b35a325d0a3a6d5da,5992252,5.992252
0x6ba8924bf903c473ddd1a0c596de401a9821fc9b,5990196,5.990196
0xc59cb095fe55e8e8eb6147b918864b69b5b1308d,5988516,5.988516
0x9e9ee4b4d22f73bf9db1a7838b6c7c3cafa8d527,5987586,5.987586
0xe41584a7fe7e0d9f62903b643546048966750d54,5979851,5.979851
0x60ff27d36c91ab8e37199e7f9f349170bd4ce85f,5979553,5.979553
0x96166c840b579d23bd39f0525b5032646450b8c3,5977692,5.977692
0xb26d9424f0f435c8b10ed478af36da8ca7d5b095,5977393,5.977393
0x480c761ad99ed9c1fca5982fc59ec05e89798eaa,5976313,5.976313
0xad314c194449e28e3236007e2ae06add3fa260d2,5975825,5.975825
0xebedbee077419714f75b4bed3b3c5da488888cc0,5973631,5.973631
0xabe55908bb0e73a1e1e08fd441afd24689fd217b,5972566,5.972566
0xb68c81772b63ea03b29a8fe7672f08e80c15d915,5971800,5.971800
0x592c0e6f027c30a31a41494c0fda64d254cb6072,5971460,5.971460
0x3b5f3f1691a8417a8216359a2e8047c1f66949a0,5970459,5.970459
0x8a1d03f13f7de4ae4ae9986c804c959b9ed29bfb,5969449,5.969449
0x915b3107b3a808cb9bd4f0ec7aa9b8526edd9a70,5968799,5.968799
0x3a4f9cf981e2af0edc74968143830451a5ea7fe8,5967325,5.967325
0xcff054d126666ffbcf5d6d0460e483a20b732458,5966161,5.966161
0x239f79136dc189021fe9e8f58b25723ffd99fc7e,5965757,5.965757
0x410dcf5bc94a68c8de5ae99c18a89a3a8946462c,5963528,5.963528
0x72dc74c1a82990daf14d0c9f372a9fb8d172059a,5961375,5.961375
0xdbe5d82131aea0c005fcf42d43228813f3537424,5961338,5.961338
0x4270783a1d4e97e2249ca64b97bd29b8896e1cf8,5960248,5.960248
0xfaa059ae6bed1c91cf9cf68881823137a961b86d,5958882,5.958882
0xa275ca4937a755e7070f486fb3ade4cfb01111fb,5958381,5.958381
0x95a32d9e373a3622c56cfe14c9f4039b5a0eac51,5957969,5.957969
0x1cd15d9ec87e926bcdc4345c11987914c57acb1f,5954299,5.954299
0x1b2dab8062e1d7ea6d6bff01ae297fede19e3125,5954174,5.954174
0x5873db9c5be2308d0938f494209a5b5a613c887c,5953279,5.953279
0x43634222b4202014e1f47d8eddd5c99b79fe4e9a,5953279,5.953279
0x3c3ee3d539042e631408082fb508108694182c98,5949368,5.949368
0xfc346d5bbfca224c256a64c72c6cdaacc32d5bc8,5940811,5.940811
0x52e0b02a98de6829d4dd542656a9c92c0c82d944,5939670,5.939670
0x7f8f0391015dc4c355e90058d1d25813790aa989,5938655,5.938655
0x1a0247f92ba6fe90c29d8e269a022d2978075f15,5937688,5.937688
0xee2f8193cade8ddf00f57768f9a9d2e5bddce1cf,5934616,5.934616
0x6a7b470fdf0a67c2e0eb5662704a296e4a2483b8,5934262,5.934262
0xc18120b4b22c78ea55f8a7acbd7d7082d3c73a2b,5933588,5.933588
0x8a7015f9dc12f5e48ec3f92e22572a3235d78426,5930673,5.930673
0x87fcc4fae5bd90f6b5339404a63bd4fef2e16d61,5928535,5.928535
0x72a997dae787b1fcd0a9d1b0e77f8e1a1ae5b4a8,5923792,5.923792
0x6d1260381c23669f6db6229920740104fb7c997c,5922209,5.922209
0x200b3a868d47c79cec28ff057d71109c927ccdd7,5919964,5.919964
0xed6a65822f80bb80d3b0d794e8b1276fc0282a83,5918586,5.918586
0xef71765e87a4ee54b8648e785420cc3562be1313,5917338,5.917338
0xffe497f7240aa5b99ee6ff749de689a18754bc5f,5916708,5.916708
0xae2ee7d41273de46f0dfdc4fa54a8d7a85f16078,5916143,5.916143
0xaadd767eef3e0064a7fb52924f62bba488edbefe,5908350,5.908350
0x0659305689303121247078edace9ec042856902b,5907049,5.907049
0xeee1cbb4abcd02744e936ff50c7cb9026c1f7dc5,5905584,5.905584
0xeef7a869660f22ad0206eec262b895b7738042bb,5905584,5.905584
0xcf08c96a0e8e3bb018a92965529d0c829c80f42f,5905313,5.905313
0xa31e0765ba50b834bf14b38fffebbbe65a04bdf7,5905313,5.905313
0x2792c90189725efd4c8147b2403e864c209233ea,5904312,5.904312
0x9fbcf7f4db37b7558f657cde4d8aa794a03abe66,5904312,5.904312
0xdd55ca85e312a4f93347ab5e4a2a81e5c0ff73ca,5903827,5.903827
0xbede2c6013c5c6f9e58278d8f45ad6b341b528cc,5902904,5.902904
0xffbb06ce00f10acbfa4553920d0be4e7fa0739d3,5900609,5.900609
0x00c99588792137d6027bda0388ca969bc1f3fb59,5897875,5.897875
0x16ad81285cc81f046005891f250fc39580397946,5897076,5.897076
0x7ace43a83aa97f57ab451408defc2901043a6f61,5896687,5.896687
0x7083860b16d73ecb0b3b66be45489dd593940fa4,5896517,5.896517
0x5d08d06056e4c118f212a7f10b7ac104c955a2cd,5896268,5.896268
0x5e4fa37a2308fe6152c0b0ebd29fb538a06332b8,5895028,5.895028
0xb11fe701874bf43197702b53ebdb304b0a1be053,5893685,5.893685
0x167c63274ac6bc7df50bdfa414dda2108c88feac,5893484,5.893484
0xb8ce73f1f6b73965378743040e3662a549044538,5893484,5.893484
0x03f8914777ddf52b9d06d1e733974b6ab8952306,5893484,5.893484
0x353f55f39d6b166863a63542c9eace78c4077cb7,5892775,5.892775
0x9239a4d0d444da891982dfb3065d3ff6988e9d82,5892775,5.892775
0x6e414ba3439116f8b945a4d920523d09ef6dbd80,5892069,5.892069
0x165635ab7685d335d7fa8407158185256a8304a6,5891736,5.891736
0x507cc038bbb890ed37ac360339280da47b680e44,5888477,5.888477
0x2388d48d773e360f1f10d2faa146044971748a7f,5887106,5.887106
0x1423d630d5ec2f8b97002a01aedfc996b964a1df,5887106,5.887106
0x04c037e431509acabdb4eef84a5bb3cdbed1fac8,5887106,5.887106
0x13a66d465e64d3d7107abbfe07dde13abce551bb,5886818,5.886818
0xd496ba65d76bb135dfc5913b1fbdce809f3984f0,5880975,5.880975
0xc36ccad7f09b0d2e3ad2441034639427cf4bf806,5880347,5.880347
0x5beed0516cbf1857183c9fe25179eb3b3c2fdf43,5878279,5.878279
0x72994f4daf824b144ff174fb12ffbf4aee649ae9,5878039,5.878039
0xa41b35537388309f25de8040d209c18f327cf218,5875042,5.875042
0xf27071c352d1845c101d8181aa4ea70f8d0d6b68,5873111,5.873111
0xe9f18de1be5c5dbef23e4530d8ce23d359919ed6,5871532,5.871532
0x29eb182b934780bb25c4656268df4c919225e707,5867938,5.867938
0xd7987c20b0edf412c983c64688f7d1460e103e7a,5866531,5.866531
0x82c621568c2c38da10819429c4617ca2f40892ca,5861285,5.861285
0xec49dd2b5fe43bbb6c996f3c2221260170aee40e,5857158,5.857158
0x291878b220d64573df52df18aae3808034f8a041,5852941,5.852941
0xb1194d635ecbd16b334430692965467dfe1a9a88,5852941,5.852941
0x16c5aadad2e9a6298a9f6a2f9a4b3bef12a0cab6,5852941,5.852941
0xcda72ab571fd91a97efd72f41011e7ab395f8f6a,5852941,5.852941
0xe84a14e8962e07280485d560917de86a228aaf07,5852941,5.852941
0xacdceb490c614fa827c4f20710ee38e6b27d0eb2,5852127,5.852127
0xe899345743d8a3a76c8e9f41c52f61d03e77cfb7,5848001,5.848001
0x67c0d0ddb63948c7d221ead8ae965181a493ab93,5841635,5.841635
0xff7acaffb4173934ea1dc28af75912e08165193d,5839827,5.839827
0x9bfae6861f9c744c6161c31432821af8ef42a19f,5839827,5.839827
0x4f020ec2b43bdad10e30e885c99c0cdea134af77,5833686,5.833686
0x90344cc31738c22de1f58ad9b901cfa0a8b7689f,5833428,5.833428
0x2abf33485edf704511dfa42dfb8afa71a0450a8e,5832005,5.832005
0x4abaa8667bcb11adacb32a19f51ee44276b9e877,5828797,5.828797
0x39888cc1f82eab6daa53dd91e57a1439561ce1f8,5828430,5.828430
0xf5d2bfc75dfa9439747e66e9afaaf3f179b3a71e,5825315,5.825315
0x55794c4bdabe025c6ddf71eed2467a5eb28b9268,5822592,5.822592
0xbe00c6a5900497fa782457e71fc6fa09cb8ac745,5821992,5.821992
0xf8df7e5f9b1be683aeb568ab3b340df83affdfd7,5821091,5.821091
0xc2ebe69af64f56ad871706bf9349e8f9f8110860,5820927,5.820927
0x68fef70c0b2e336492149184353ec5e2d17dfd62,5820274,5.820274
0xb27490eed00716858df4225f0b139839c8a84c6b,5815513,5.815513
0x064e9ea8eeb3ea9a0e68b397db271fb7ac525e33,5814931,5.814931
0x4a4cd2c3e2bd4fee3776a4a7bb83045a2c759b0a,5814420,5.814420
0xbdd26d78e309397aaed4c8126b4f71d96d944b46,5814256,5.814256
0xb250c30aaf06cb8afac263e24fcbfeb5a42c9ba2,5813652,5.813652
0xa1e335831d2075c4bccddad4a5b8a76261268f56,5813024,5.813024
0x10829c0a842e54ca11001a6bb260cabfa0eccc8e,5809699,5.809699
0x31658df07a63634fd15ea2ab8ca6a739cecc0a55,5808638,5.808638
0x5ae55a6336c3bd88d08b42e5283eaed59cc36480,5804732,5.804732
0xe48fe6012f97b6a13c0ce5cef314caf66e972deb,5802858,5.802858
0xc011a577acc08ff08ec69b555014f4f8c50c3c43,5800359,5.800359
0x603ff0c6ee76fa6ea2ef3a0b63fb7c8501f79421,5796440,5.796440
0x08eb34d292275ba25fc2001bf2c8108d97b46231,5794794,5.794794
0x32cbd4cb8147ae61401626caebcf193166ca057f,5794700,5.794700
0x2d95587af5c78073938e884d68cdd57f8d1553a4,5794531,5.794531
0x67f16c98b09ffe14dc270ff1fa00e1d1f10dd6d1,5794511,5.794511
0x384610389d0f992660d683d4ae34855a21f28889,5794511,5.794511
0x934309ce550c60118b8d4e938037cc3247f811e1,5794511,5.794511
0x3d7262fd87aae02a3cd659a27fa3e41111edd419,5793537,5.793537
0x17735ad53064ebc0456622e0309bb4abb3dcbe5b,5793537,5.793537
0xa5a25adcfd24b980e480f875aa2086571047e14d,5793052,5.793052
0x1973a5a1bd689df980257b335d68406998bbc944,5792554,5.792554
0x64b428f4d1a24b69425cf13d2239eaf2defc0195,5791038,5.791038
0x24ea39c3f4744a1ede80ad4a45d6474de29f08a8,5790988,5.790988
0xa6f627d13c861ff6c445aaecee6bc2ab9dd6d27d,5786856,5.786856
0x2f5b20f1873deccae1ae9a2ffff096fb5bdc0665,5786368,5.786368
0x42fb915d37f3a4ea92c29f217a74465a1f331b83,5785878,5.785878
0x19627ff45b2e6c174e799b87aa8dfeef0a5917e6,5785530,5.785530
0xd2cbf91ffeeee53a443f03885e21fc24ea6dd579,5784316,5.784316
0x138961b0aa1305f43a350d56253abfa16c8076dc,5777698,5.777698
0x916f551c3f19e05679b6a4b64c728ec80978b982,5775824,5.775824
0x228303db866f2deec531f2ad4fb30a5a2d5a3b1c,5775341,5.775341
0xd2beb20d23868cdf4f1bc4d4c2dc6eeb19e9f826,5773888,5.773888
0x56833d703b828f068719c78cdde75b28e93cf1df,5773888,5.773888
0xb2f399a8fec76c6175d5f4fc5877e25f660f535c,5771372,5.771372
0x78a7b3846f6b0407c051aef02e365a76cef586e0,5770000,5.770000
0xa196e22ca90b4d7501296e37ba65fa6e72e1943c,5769744,5.769744
0x9c34e375be9f858c16205b59a668052397555e75,5769432,5.769432
0x9dc97966e63b0437601fdf8fe52e798dd536032f,5768350,5.768350
0x7841b00337fec0b794dc814efbd8b40f54d5c9dd,5767980,5.767980
0x65382c6dcad251ecea9000497c683f7aa3850af1,5766902,5.766902
0x27d87f4ab543495100b937b74ad3975f7ca2b45a,5761944,5.761944
0x60ea7dd51c66ee85d037481e4288b091e5d906ef,5758907,5.758907
0x502e2bddac016849c65f34e86299ad0e7b074c9e,5758838,5.758838
0x17c2549b78439f056024ef500149ee75d818bf7e,5755338,5.755338
0x6029f5ba585b9d187a1ca7059028dba0513bb4ee,5755180,5.755180
0x0e61098f20dac99b0784831a36f222e70abb4d6a,5747106,5.747106
0x750ea760b19f87dde87492b69479a5b0a094b018,5743878,5.743878
0xdb10480e5275c1b416e9056c81211357b26462ac,5742873,5.742873
0x7e3725ab300dce7f6b47183232e44e538dfdacaa,5742271,5.742271
0x58ac48d9a9d91742d1e12affcf3a1f8b3e31a73d,5742271,5.742271
0xfee044650102855c553dba07729326b9d48c2b5f,5742008,5.742008
0xa66c49fc508306de126229174f8fc624c3313d68,5738661,5.738661
0x9571addb20491a5b586a6ef53eec98e8f0ef5078,5737579,5.737579
0xcff6db3fa69fe32c87869c2390e8ec33b2f73fc0,5736500,5.736500
0xe24be815d490264a641951d39e8bb0742116df7b,5732265,5.732265
0xb5c31dd815bee73fb5cf47fa597a08f8346ca325,5728999,5.728999
0x9da9daac98064c42ca2357489badd13684615297,5726487,5.726487
0x0c41b769bdc9078ba2da2dac1b7afd2017ed3de9,5718015,5.718015
0xac182797b8d5936bd6d0b576bd5e90f8630eb23e,5716563,5.716563
0xdf17764870cabf8fbaad998492c9f12fc260b6fc,5714560,5.714560
0x0b50a28e4d760e77462f8c5cf7ebac90177ad66d,5713514,5.713514
0x7bba80e55fed1812974ea0db50e58d3f82348c1b,5712286,5.712286
0x459397d644324a9e7c19c71c2965eeab6fff4605,5711472,5.711472
0x7d40a01f4355d3c1081fe34f5c0da83ac5d5a0a2,5709506,5.709506
0x80363c1050f5ec88b12370dfae21d157b167e261,5708964,5.708964
0x09f717b2f8a1afe3c8badb68ba857d198217558b,5707007,5.707007
0x37f3ef11a140bb6528083920ba9fa23e6841b01a,5705311,5.705311
0xd6d330b1a3f54eb7264f8bd2c17803b81ed9ba23,5698609,5.698609
0x7406183da89f79b46669180259a5c00a61ee9396,5697700,5.697700
0x135eac325dcb62b286f041a64ca17652b12b0e65,5694537,5.694537
0x54ac545c398d63d271dd36a5550783e639de74d7,5692771,5.692771
0x9e129370346aec4525b9c705408a09bce86295fa,5690657,5.690657
0xb755bf4d09c73afa3d5104fd82d956a777b33739,5687462,5.687462
0x0ceb46119d3d2b676b0a962fcccec476664c433d,5684986,5.684986
0x30396f99a4d5ccb190afe72c6549a36653e62afc,5683867,5.683867
0xd72e8c1154d40e06dc0c73a9c8b8000c108485a5,5683427,5.683427
0xb3fd83793668a005fc33cc1a9bf573bda00e02ec,5680306,5.680306
0xfc090919ff33f8671fdc2174564c39213e68f08d,5678762,5.678762
0x7e0e62ce5e660534931c6bf0055c7d97e61e1ed6,5676689,5.676689
0x6cfd0f28f06c6533a043fc97f6a33004e8169805,5675267,5.675267
0xd2d6e38a2be284f06ad102e524178fecc233cb35,5675267,5.675267
0xe79dd226e976e12928b70b95d8464c24edefcec3,5672114,5.672114
0xee2e0d5104f61287bb60529eef21fece75e9147d,5671670,5.671670
0xb31537ab6d2a100800b3849652ea82c328729736,5671096,5.671096
0x25509c5a84247e6c5bba44de61dfd405fac97ed7,5669988,5.669988
0x5267c6e6debb10a6544a64329c20b8154870f161,5667232,5.667232
0x6b1c85ab6d78ac11b72d810910b762605e458217,5665504,5.665504
0xea9899555650e75e283e694c50c168d0322e2bff,5664614,5.664614
0xfaf7ef92535310236063615e6d41d251e4c0ed03,5662074,5.662074
0x493c7a8704b99ef3d81aa860cb0c0b7342571443,5658591,5.658591
0xe67840225c8bd265da99c68c1cfa8632e6b3c4e5,5657158,5.657158
0xf6173cc088255426c1c8d0aa82304546e2dd5b99,5655648,5.655648
0xb7c87d35b6db4479ba63e1ef3f330f30dbe78983,5652329,5.652329
0x531769e0731bbfbdfbfcbb0f0e895bdbba986b32,5652307,5.652307
0xf02faa9e7ad5b3511e00f00b4adb5ba15c90754c,5648807,5.648807
0x51001383c0283736664b0a81e383148af7050890,5648244,5.648244
0x2515b754e606b9461fc90f9c5ab3f2df8767fbc0,5646747,5.646747
0x8531a4a34445cb196e89dcdb1aab1c1ba17611d8,5646367,5.646367
0xa2ee7fe29a70e961804f8dcb6908e2eb5e12f3be,5646367,5.646367
0xd680035c10ffee2b904ce63597ce6ced7f02a8ea,5644248,5.644248
0xba56c7171fc0843ce844666f50664d0bb0eb8d3b,5643195,5.643195
0x28d705774217a61936e81d378c51cace23d3431d,5642375,5.642375
0x682c719a13e64533bf818b9c78d469c048d03d4b,5639998,5.639998
0x51f4042ce8b56ba8ae78e98e10dad97498a55eff,5638171,5.638171
0x8abdf2cef517369974ec869fd56f467a46089f51,5638138,5.638138
0xf63168fa94b68a0ab69b652d83b189ebed6a1453,5638016,5.638016
0x6cfbfece62823bd300f6328d8d22b9c7c6e67272,5637074,5.637074
0x2279122cc80b30b77acfcf07ae304bfa8186c51f,5637028,5.637028
0x83d146e7018df3f640eb0e768a59b794bf3602af,5634458,5.634458
0x510b0068c0756bbefcbaffb6567e467d661291fe,5634337,5.634337
0x375ee7dbaf19869972b662554c00e8abde58b888,5634289,5.634289
0xbcad7fbaf1d29c2fdef70d67ee7b0a8ebb5dc744,5625579,5.625579
0x808ec90f0055d27b9951ffac1629fad0aa3ca4c0,5625142,5.625142
0x334815b000e728b2d22f34ce9231436d964aeed2,5623705,5.623705
0x3deb2becd06cb1d362c832854631d34e6f918b4d,5621579,5.621579
0x2a3007042b1724b379ae39b2007ccdad6a30e904,5617970,5.617970
0xfefb915dc4ed73fea06eafcc2a5ba3fc06627f53,5615871,5.615871
0x2c7f784aa22e13905a9c973099f913dc77614812,5607388,5.607388
0xd329ede64bc83b4e057324d8f555aa8fc89004b0,5602761,5.602761
0x30e42cf54683fbf34673750979133dd28fc63fe9,5599737,5.599737
0xf61d311781acd7a6e60c0457c52f9a31767f72b5,5599380,5.599380
0x277ef93da40f785c4715dfcb97da1274dd3703f2,5595730,5.595730
0x601b590c4404a1610c291ead527c68d1b3e003b5,5593035,5.593035
0xccbb8801be32801c5ecb27699e27cdc212fe5a5e,5593035,5.593035
0x6a69b852c0623f8c1c5eda832013539556e24b4c,5593035,5.593035
0x9d36b9d1ab2dca763c5f9c6cbe9553694eb8224e,5593035,5.593035
0xc2bd9b604b0e82169d57fad68a8e4d68011dcf3a,5593035,5.593035
0x0e4b6655cf3c9ff0e579eabc8f1a6cb656c72363,5593035,5.593035
0x8fa5e77866550738a49ddebee993af804c0a0fd0,5593035,5.593035
0x0e9a63fca0f81772f3b2dfd1de1c3ec3bd091e30,5593035,5.593035
0x45c3cf0ee3f1b20091dc8e031a6a8278bde2a64a,5593035,5.593035
0x53f6a67165b8562bd5f97c5c1312746ca4c7f7f6,5593035,5.593035
0x87665158fdb6b5c7a42cca7bbc41c47d7566bd70,5593035,5.593035
0x8a10ce48a69feb2afae266ffa3670a503f62ff38,5593035,5.593035
0xb41b62f3696c9f484a837a23976114513f7c1811,5593035,5.593035
0x4baf91ab0b56b65f230802f0d5d7ab78149ae71b,5593035,5.593035
0x5321d6224f9366e832a9f3f6a40ab9c9dadfc205,5593035,5.593035
0x6069e8dd3edcb1ac213ac914f82a97cc089f8d23,5593035,5.593035
0x741b6c53f67e7fa5d84ec88002021fa49781f3c0,5593035,5.593035
0x78d5def6b62359e2fdb76ebdfbc1dc85b51e8b9b,5593035,5.593035
0xc1479f6600ba5c339156551ec9df26d1d9f7c695,5593035,5.593035
0x44df00d3e21b65dd9509b90b9db67ba8fad8405b,5593035,5.593035
0xb9c682d948a2e620ae62ae548c7755024a0bea7f,5593035,5.593035
0x1a9cb75504dc0d9b5cec1407188c9b81877b041d,5593035,5.593035
0x2272201a1073fb7879f112f4fade23ccdcb6cc83,5593035,5.593035
0x996fd399e5ed31218c1ea20ce68c8554019bfc75,5593035,5.593035
0x5834df2617ca9b06faee2a07a4e0ba20a8fb9d72,5593035,5.593035
0x5cafdc88b9f9425a5f2d6b975e5a675578edd8b3,5593035,5.593035
0x744bc804725bee6ddc571c703582d09844cda0f4,5593035,5.593035
0x7a35c8d9591c27f0f704c98763ef7586e07b1a47,5593035,5.593035
0x8dc03f25703283988209648b775864254ce4171a,5593035,5.593035
0x9673115c134573d3193c73e67949e19bde6b0411,5593035,5.593035
0x1a07e1eec7b6949edbd9b54b7d79c33485518194,5593035,5.593035
0x00ebfb66e878a9be0757030cdd645af50ce487ce,5593035,5.593035
0x04f780445cc52f91d71df58027fb863d54eb5115,5593035,5.593035
0x17c7ccdcecbc8f9f681af3360a6fea6fc86239de,5593035,5.593035
0x190bfea893ce74baabc8a27ff4bd9ce25b0ff495,5593035,5.593035
0x233a90785814065f25d5de42f4b900e854f55e3e,5593035,5.593035
0x24770f389a7d0bd7e40b7e0191098cb093bf7750,5593035,5.593035
0xe3dcf5c8b540d796e393420929bd97f47d5535f0,5593035,5.593035
0x534e800390893d58c1485fa68657fc0b7e8e36a6,5593035,5.593035
0xebdbe06b610a5654d306007c7639f436dd7d0b8c,5593035,5.593035
0xcf04f0605e12eaffabb56a85ecc150315628aa86,5593035,5.593035
0xe0319658c7bcab80cff650d1a0b7ce6e4b61f75c,5593035,5.593035
0xe25bcb92b37df21f4e8cb7042c7da798f429047b,5593035,5.593035
0x47707ebaec427b31f0eef4bf5181ba674fe1a861,5593035,5.593035
0xe9446c4b6c3c08029bf8eb5bca8829041d2b28c7,5593035,5.593035
0xdf0aec6411f12d56180581f05e74fa242541d34c,5593035,5.593035
0xe8cd4cb68dd4c79d118368f36d8564f3134c180d,5591348,5.591348
0xdce4693d563d01c9cbe8300b80d88a745450eb99,5588978,5.588978
0x5af3264d666921a3bc9584639b22ed2878e5307f,5588782,5.588782
0x30fe800bc10b313bd196fea7428b489db7b2b8b2,5586629,5.586629
0x7fc17120eb1cad644e8dfd92f6b0972938ca16e0,5585290,5.585290
0x39a06cda1593bd1cec5336ae8ba398cf44d96d9c,5582737,5.582737
0xbfa699b1cc34712a0ba68b7a8a376fbedc072a95,5575442,5.575442
0xe0dfe3d68389746ad23b9b77b10432377cc7a4cc,5575382,5.575382
0x87cfc6614ebac002a143853ed7759171dabdd52f,5572513,5.572513
0x67d4bc1ecadf7bf01bae728ae5900a37d45c7413,5568777,5.568777
0x992dac69827a200ba112a0303fe8f79f03c37d9d,5567596,5.567596
0x1888e621ad15059944ed92dd5469417eb193fb51,5566307,5.566307
0xda6dd8858bb3f699720770481d526de194752742,5566307,5.566307
0x63dae0946a44eeead00c8b30ec206fda63f7dfe1,5565328,5.565328
0xc44007b7c067ffe40892711472ff4831bf54af34,5565045,5.565045
0xfb155ba3da9dc8ec4d4a4d3adb826b962176f019,5562937,5.562937
0xd720da0266a6f313568e05bca9c4999302936934,5561340,5.561340
0x8799d10ca5e7e59176234041019aa9d68eb4ec4a,5560076,5.560076
0xc5a568896e57d513fdb3b88356f71213866bc797,5559706,5.559706
0x4b0cab774c69d755cb11c976a5ee042b5aed45da,5558902,5.558902
0x5589ede3d99fd4fb116db45e5ebac886df2582fb,5556584,5.556584
0x3aa693f20cd4c7101c2fe64f3cb150cf0be0860e,5556185,5.556185
0x3bb635727d963b96a5de2f58fa8804f55b0bf6ac,5555269,5.555269
0xf2ccedf2f429238c5736157f8fce5839abd5ed4a,5553852,5.553852
0x7b19e81f86b7df0907f0125be03931a224a3b160,5552815,5.552815
0x04e8e06543251e13276d861fd0c203d2e4828cd8,5550857,5.550857
0xd0398b532401bd4e66b4ed6639d482137f797325,5550105,5.550105
0x4dc16b429a04b8bf75041423417d94c2cc9981d3,5549764,5.549764
0x27b0fc6c4a5a0cf213a570097279a5bde61214d2,5548249,5.548249
0xe22b1ee0e32138df285e242fc5487876b6809a82,5547302,5.547302
0x66441efb7e9fddf9369a9b5fc8dd4fc8784bf90f,5546935,5.546935
0x9958af336b9b7e6aeb1587a0c53f74b2bc11d766,5544018,5.544018
0x23d3f72c0e51fe0bfbae863b860f2d73e0317fff,5543707,5.543707
0x95d0f740bf63262dc93d9bcea19a7b7c0e5e1af8,5543707,5.543707
0x89baae9021db2625b1b41277bf1f5d96c9c91ce8,5542911,5.542911
0xf38ed1931f4fb19fc7f3a31a2742ccef98a49656,5542364,5.542364
0xe43c85ca13aca2d5f297fc8f35d8256332c1eab3,5541567,5.541567
0xbc765536b1ab5b70b339d494a9c28d6d3eb961e4,5540221,5.540221
0xfb5970a36a1243e96f16142945f37ef745a57139,5539783,5.539783
0xb3d4082433a9a3139518d4ca950665789ae5694a,5537299,5.537299
0xdcdd19e97983cf680094d5ba0692312a45cde13b,5535265,5.535265
0xa8c179fcaabc8e0a36f5993f9562d2ba9ff2d688,5534144,5.534144
0x26f72b2bdaa4b82888055434cfdf41b617a02d41,5529810,5.529810
0x95cb89da4b6a6ee62aa2d2f5901ca89aea63a351,5528465,5.528465
0xe6d8e1e07d361c7937d2b18b6462a942fe99a6b3,5527417,5.527417
0xdc3c9e0b2049eb2e7b40d19cec47d641162cc23e,5526712,5.526712
0x1992b7388d3199bc59cb25aadc72481a0bbb9f23,5521291,5.521291
0x2556e8315ae9e0638c11a40ea643a511e1f32deb,5521291,5.521291
0xed0863c07d521dd035edd90faf5fec8a220361ab,5521291,5.521291
0x9fc7eeacd27d38a436462bb43ad97e49106820d7,5521291,5.521291
0xd406596a45ffc08094434a4f5436caa15c80ee2c,5521291,5.521291
0x3b54b824ccfe122397c44d99f2df5b5adb39a919,5520413,5.520413
0x88bb8b2b32201fa3ba9fcfbb757ac029f9989610,5517297,5.517297
0xe734388e65759eee9eaeef12d96f1857f1036daa,5514769,5.514769
0x461c287ec8f1ec85d27cf50fbae02234f6a42c80,5514564,5.514564
0x1d690d5b01225384bb00a5bd42dbc473a901059b,5509971,5.509971
0x9435c81c4518af6fb0d3f0fcc462c4fd2aa30aea,5499456,5.499456
0xdc32318aa796e330455edf8f60c62aa75994b4ac,5497315,5.497315
0x464029e0676cde03634bd5931fc0cc92bde7c5c7,5496929,5.496929
0x662d18647c9970510e734611349ebd928bb331c7,5495615,5.495615
0x14eb811a51ee2433fdfd244259b8992c2ba82392,5495265,5.495265
0x117d6df251b93fd4c5e975133da3219baa7fef4f,5494537,5.494537
0xeeda7f71df5a589a9b8c5794aa3d28d66a4ee672,5492751,5.492751
0x30c100ed888e6a96ef3ef215ab2a10a05f6c7b5d,5489948,5.489948
0x2faac9010e89e4afd94b8cdd63a88d22ba499f45,5489799,5.489799
0x1f7ea43d283d0ef906ee92ddead883a8f078cbc9,5483332,5.483332
0xfbf9e03e87101f28d0ffd59ceaa36b764905fb0e,5483028,5.483028
0x5883dc356926d6cdb1c21063f7b5a157ef5cf017,5481275,5.481275
0x4684d601ad7e78ab5498194856f9b02f41b6aea7,5476748,5.476748
0x0747053133c21f411f68840e25d0958a787a491a,5474129,5.474129
0xf24ca644ac572c95d845077e2279f581d8f0e7a2,5473859,5.473859
0xfb522ed2323c139877ad955b63a7f844a733a96d,5473208,5.473208
0x74c1de161d6bf16672c90da43d8e1208895f25f5,5472139,5.472139
0xafb225aca4a0e79a7857573cad9999db6e87b16b,5470211,5.470211
0xc48f33cb29aa3bd0f8d34555569fb54b85384ec7,5467690,5.467690
0x19839daebee7b76b4e38cd7f5127487af695a6f0,5467103,5.467103
0xa043453959935594de91a433bba93f6fd3cbc26d,5465608,5.465608
0x269df84c8fa6d83e498b96b329cb9fa659e45da5,5464756,5.464756
0xbd2117c74ea26b75ee4593d4e4622430c91a8e34,5462745,5.462745
0xb32e8417be9ab597997ce0df1fff79d8e1f68294,5460324,5.460324
0xedbf72f88e72133b10cddded385d2b0f7b27f588,5456912,5.456912
0xd181cbe9297e33f065e36e1300b00445679d6852,5453603,5.453603
0xda5b5e73b6d36a9013f3c10019635627d6d92428,5452910,5.452910
0x3312c59efd786191a831bd65c384cf3aadd581f7,5452073,5.452073
0x076bae9c123da43967d5a902e59eb3cd5c120ee3,5451465,5.451465
0x489883fc73956d4796c791517ed62fed80489735,5449105,5.449105
0x69f527687d71773d2c95dd998aa8695b38d2a516,5449088,5.449088
0x4bdd1d843965a0d670e01eeb9fa493db87532c46,5448336,5.448336
0xebba19eeffd65a93a5622e0865ee08f6c77bc944,5447559,5.447559
0x2c65341c510298b486506039d73d9880c4d49083,5446912,5.446912
0x786ec5da973b008838993710b7645f1ca63f2e2e,5441043,5.441043
0x3d80e8cea92724e7ebe3edd27c3ec5f719e56c06,5438060,5.438060
0x7bb29bb6a90afab3815f6f6ac1336b4a64bb8aa3,5436875,5.436875
0x5aa940832c1ba738fecc6fe5833e461a0d7c9990,5436350,5.436350
0xf711a78333e507e89a2adf213df998d6b693bd26,5434153,5.434153
0x8803ab7219c299d305a46baeb1beb83c701f877d,5433469,5.433469
0x89501ab30d3dc184a2e2e6187579e5715caf7da2,5431900,5.431900
0x0f6cbbac3ee36a1f3879d40d92f597d8c13e957c,5431590,5.431590
0x614d39e91f366139fd506cf7005a5ed1638c441d,5428549,5.428549
0x7196fb7f9f1dda42b142db8cfebc28ec77a3f2a5,5426181,5.426181
0xa5affe19451dcb6870b42d8dfbc816b4173148d4,5426181,5.426181
0x0b91e65bdd1bac77893945a450467171b61371d9,5424488,5.424488
0x11ecbf3b4f3a9461e6008c9cbe79154f715b7b55,5423518,5.423518
0x64431762fa2b5b7e9f9c4daa5b18d1a8a25f89dc,5422542,5.422542
0x81cb9c9bc00df2a4adcdb60eca5085aaae932c75,5421630,5.421630
0xd1971ec423bc7ef3782e959d89f07f6ce397b8a7,5421630,5.421630
0x550bb9d4481000a450526f58e5c994f8dcae83c3,5418599,5.418599
0xcea110cf871ba2f88262aaba1026c371da930a51,5418132,5.418132
0x9fd8de0e6f2902ed35a4bdb2d75acc05a43330fa,5416403,5.416403
0xf118f181ebbe1de00cb23a2ad78585f0cbe9c58e,5416039,5.416039
0x6143c3e867eee55b02d4415d2ac18f104d785178,5415111,5.415111
0x334c597a78c3dc19061307b44390e59bd7f675c4,5413990,5.413990
0x93e02d5642a4ab41445c12f3005e340eedb5ff18,5413068,5.413068
0x79c3063c55c43a74837fc27a49ff3c84967a7986,5411252,5.411252
0x7615317643361b0be9e3c1d64c223e773e0c7a20,5410727,5.410727
0x0f64a4d28ca5d2b3c87a821c488743a39c0cee9c,5407521,5.407521
0xb843de66d048e87d986c6dda826a79e9a724d894,5400756,5.400756
0x5f20a3d997b2c33eaee0183761b292bd7c49cdc6,5399854,5.399854
0xd68965a3bc263c3a2d43c713cd971ae16c31cb18,5399352,5.399352
0x59fe8ddfd894f0d8b041f18c49848d861005013f,5399184,5.399184
0x709af3e9d6de2b53b81d129b40bc93e52fa87f30,5396353,5.396353
0xd800556287ef78a7fde72b755beccc40ae3ebd2e,5393983,5.393983
0xda8c0dc17495e84e86b37c77d713acacaae83cf2,5393704,5.393704
0xdd6b920de1da0bf2f063ff26030bb1db3ae996d0,5392602,5.392602
0x4cb11cc4ce988b40a6c20e798904199519a665fa,5391875,5.391875
0x4c6ab68f596445c43976241bcfdafffbab0a9afd,5389550,5.389550
0x5067f3d29cc99b183ff8331b00b0140759fd7f93,5388219,5.388219
0x8abe0bca2e536bc4a2e0826c0aa423908c882677,5386079,5.386079
0x2791e70b4c4b91d89aaacec44a4556041a64e9bf,5384958,5.384958
0x29746c9d6b317c6df26ac1751d6cb03a55c1b8d5,5383817,5.383817
0x70675b0fffd9be1739ebfd8d70033a2a0d67727e,5380995,5.380995
0x05160aa256f20f41e900d038a2c793e61d8acf66,5379092,5.379092
0xd5c291f4a3f20c30bf466c854b7ba299b60984d7,5377524,5.377524
0xf9c3f65220dd607bfba45a67bacb15d49bb1f5d5,5377129,5.377129
0x90ee9af63f5d1dc23efee15f1598e3852165e195,5376887,5.376887
0xb62becf3cbb2db3f3dce6775ad284e9a1ccb97a8,5367557,5.367557
0xa72112eab4cc41adbbfc415c07bb218ac309272a,5366200,5.366200
0x180fe469eb42f67dd16ee976b5883cf09c09459e,5355317,5.355317
0x72933f37b57fe5d41632760d916e7bbe23af8c2d,5351008,5.351008
0x18c891ed1810bebf145d4744cd337ee52673dedb,5349256,5.349256
0x83baf7c1b4ba0a4fcdb7c20120c60b858fda55f3,5348704,5.348704
0x229d0343fd9439c3d7261bd35279d111bbd5485a,5346195,5.346195
0xa20ce12b78324927e1fa9a6c4f96bea23abe4aaf,5345176,5.345176
0x80cc836954f0647f2696422ccb621dfcd3266b2b,5343945,5.343945
0xf2a0fe12d69e3721be8b6556a10228428581fe1a,5343703,5.343703
0xa771e41c82c4cc9a8b4ace52224ecbde3bebdaff,5343503,5.343503
0x1d9f8d42518b4f532fb94ba37cdfa42d1db7add2,5336828,5.336828
0x066a2edcc0b7278a2cf5bf2a040b4a54a41a9550,5334864,5.334864
0x4b0173b2aa6b8b4ecbfb98206eec04c95c6a6864,5333061,5.333061
0xae1e0f6594fd76ad619eea91b34bc4d7ef2c1b0d,5332925,5.332925
0xfc4fab6003d5e2991b4eb69c3304d9dcf8c66380,5331852,5.331852
0x784d245cf3243ee50f25b7abd02a6785ebc53b64,5330248,5.330248
0x0c6ec9b8ac3d72e6e2b7532c5e4ae0d9a5b6aba2,5329940,5.329940
0x71839fe438514ddd675f8c4d11ed0e5c00361761,5329821,5.329821
0x2676ce5260e24276b1cf040d077a4efba5b877e5,5328979,5.328979
0x8a39e075bf4dc0773c43f1cd22225fa8f85b5410,5326927,5.326927
0x084dc098f1f6d38b821c00f0cf1a5e3f6ba87108,5324164,5.324164
0x9f8cfc509cd62841d8665f6e14a29d14392b3ca3,5322781,5.322781
0x942b85b14417d8b98af8a0852f23bb0922494c9d,5321994,5.321994
0xe530a4ad020b8628b4031998bcd05904a4cd6e0e,5320232,5.320232
0xc9a5928c6b6fd10858eccc721582c42e8b2ede59,5319821,5.319821
0xc9db1379ea31396c24007b364df7ad1bfc311dbb,5318072,5.318072
0xaa678d1c1eea9c2935527c1a933ba7513b5e1200,5315037,5.315037
0x74a861942a5e0100458ce5ddc860c9a808aa5ecb,5315037,5.315037
0x70010c3e2d8b3795cee1a90dbdfcce4477716df0,5311808,5.311808
0xa41dcee235f7f8ab2c7d8a3e36fdc63704c142ae,5310413,5.310413
0x681d57b76e182f6c7cecc85411b095c90233a20d,5309042,5.309042
0x8f6c77716eebb4c3e741653b5b126121d195e6b1,5308931,5.308931
0x619054386455948a90daf22b20888bbd646112ec,5306665,5.306665
0xacc854d84a6482c1345c32d7b4ceb1e9c3ed19bd,5305355,5.305355
0x009a438fcc8c46e313af5fe81ca0425b4f5c4a7d,5301182,5.301182
0x024cd727af0fc4c1f97e8ced8ea1cdf6285a973b,5297460,5.297460
0x60498e832b9ce0df286829ce4c8feafb92cd15a8,5296973,5.296973
0x5ab6811ae08f7c9a039a9ed93c0f2b86328bbb61,5296231,5.296231
0x52989646231f4d745d346d68f26a73e8af00f29d,5296040,5.296040
0xc8d46eb7881975f9ae15216feeba2ff58e55803c,5295519,5.295519
0xf92b10c4debfb64d3a0e78c1a044c678b3c37da8,5295519,5.295519
0xdcef4589fb49d751e7af0971160da9f99290ece7,5295519,5.295519
0x0d021eb6d1c8bbb58437ba4cc08e27d10244a5f3,5293929,5.293929
0x7abf6ac115d3876f719970997990eab337f2b9d8,5291641,5.291641
0x39c5c994349e2c146c250289f0464daefe4c8d50,5291411,5.291411
0xfd1b10bb21556a7940bf1c1fcbd3e3d6325b5bbe,5291386,5.291386
0x6cb37d07f9314d47e81a8eb4447120e7521f9dea,5290319,5.290319
0xc1fa63bd4189a9c49a30010b6a3ab11194a95842,5286417,5.286417
0x58ebced44080cc33c11757d756be91a7fa992246,5283984,5.283984
0x707e93e7110a45a2802d94ef62c2a63f9eb1154f,5283664,5.283664
0x0705d94871f02fa49718693282d95b496110206d,5281813,5.281813
0xa07e0d9c4f1c2f2b97cfe70f935dc159b5bb2ff0,5281702,5.281702
0xd2602c7bdfc9f413974e944280bbfae275d1b1b6,5279376,5.279376
0x645b9cd14e1dfe92c5fce3bed80bb3ad44230854,5277414,5.277414
0x5826914a6223053038328ab3bc7ceb64db04ddc4,5276497,5.276497
0x6840d7e4dec18e5996d1fc1b7f20230d8e97d250,5275759,5.275759
0x01e416eb124e02b10902f760aa2abf5f1da4b7a9,5275406,5.275406
0xbcdaf14f7966522ca3a8a282aa3a13b1772d1dca,5274591,5.274591
0xd2c115ff613dfcbba6708902f2f6cfcbeee08d02,5273335,5.273335
0x8a79af7f0aaa20685bcfab67d7a49ca52427bef8,5272966,5.272966
0xaaef51cad5df293015699c6a7d225c51a81ad6a7,5271948,5.271948
0xdf0c945290e99b5a89c6ea2f291ddafe197aff20,5267196,5.267196
0x79ed6a99de7fb71257a89aed03ae48de3278a082,5266720,5.266720
0x9268c75fb8f147d96ae67f2cd5b1a1329367adf5,5266629,5.266629
0x755ff51d0a95e7f1bd7448506d7e691312f858be,5265485,5.265485
0x6f990ce54c273d90e206238870ab0b7ef1e9d35e,5263125,5.263125
0x5a3e010dec58bc934f167c66f2cc96b8bcb69d97,5259450,5.259450
0x31a794d366fa9b94d15f9d5cce61bb946a09d630,5256958,5.256958
0xf75028beeaf95e861400fca653ef12dd44c18a48,5256084,5.256084
0x3f725524c7b5dc77d5e60be3e15c32f9d10d3201,5251360,5.251360
0x8479000576e386ca9d4217bab35048f458013030,5250311,5.250311
0x558c4b1ad2b22aaca9374efd3562dbda089c40a8,5245206,5.245206
0xa634921b019e095e0973e0c2b620cf1bfdbf074c,5243927,5.243927
0x55e0b99ebe85ead78f3d7e1ca9a1e71f6f444bc2,5240967,5.240967
0x466183bf67de01209b88c3f81caa6698aa7b321f,5240304,5.240304
0x70a8283a2209b3f4e8c93639d94724b905e1b612,5235720,5.235720
0x19d3e2e6a7cccb15063d773fed3832f8dfd832d4,5234464,5.234464
0x001c2113cfc6037e0ea1015a7dc7289de072e7fe,5231327,5.231327
0x143829f2a05c0c46ce54db05fed14f8646450cfc,5230107,5.230107
0x682d4f794dc676b5639e58c623801b893a8eda71,5228542,5.228542
0x62edc0c21e322ed809f1875846283ca64ac03f78,5228506,5.228506
0xc887fadc6baaa8cd234d9104a65b37265522b024,5223081,5.223081
0x2e34424084d157d6ccfbc798cca9bb46176a494b,5219612,5.219612
0x4a23bccf39a5ca0e3cfdd67d74cba3f380eca38f,5218846,5.218846
0xe4a5859e0ec2d52e7371e55f4210dda5dcaef82a,5217712,5.217712
0xd7c72a292198ddfe9d616ab390ad791ab612fd7b,5217579,5.217579
0x2a2cd7400f922085b62ca9bd9ac0f16151f716ab,5216787,5.216787
0x896212da5d35dbf0e7c57a37133f0c97033f82b5,5216147,5.216147
0x293897efb3e2bb6323af3e120832641050312154,5215175,5.215175
0xc96db03420f2cae171e8b32973bf6774997a9351,5211594,5.211594
0xa937c783d3358687acc969456c4fd157ffd211ed,5209138,5.209138
0x9bbb557e55adfe4918a09d8a88ca8915034ad168,5208187,5.208187
0x0cdddf0d030557bb382703312c1dd4c9dd4c4d6a,5205886,5.205886
0xee2b15802023c4ce4cefa5cb03438e1167e54abf,5203565,5.203565
0x13ac233d01893924915824e1992e3da47406b2f4,5198341,5.198341
0x247fa9a42f6c4505fbdd8bcd7def46e1585b5867,5195369,5.195369
0xe6dfe5b4994cb81281bf5f903f398097cb939831,5194160,5.194160
0x192530e642b2a1009149e7197b249ace9e06924c,5192489,5.192489
0x3d7b772b390ccd934f5ed6ced90bd200b7d78b7b,5191686,5.191686
0x4ce000ff7a11f51c26f0d75aa2864ed8f5ac0e53,5191023,5.191023
0xbd47587a78909974c14aec5fd5dea9704403adca,5190623,5.190623
0xb0e3a45b8a02c4461de5376e97cdc1af2b33da40,5178705,5.178705
0xc615306f94c58603d36e0316f05bfa6e08ff9674,5178266,5.178266
0xc4ebd13f194041963b6684fcfc925fa07b69df1b,5178003,5.178003
0xaf54b99c8980753a106442125c00bd1137c8a57a,5177713,5.177713
0xdb4861782d30058fc8a54b12a3c985927f9c1433,5176818,5.176818
0x3a95ac31729140d6ac25c80b90eceec9b929eb9e,5175926,5.175926
0x8d0131bc97bcfbd091d9fa7797388bf0076255b0,5174795,5.174795
0x2d6de058c649b2e546ef622c6ac577b0bb021235,5167863,5.167863
0xda6a00ca2715c3f9a36aa4dcad782551d32e714f,5166188,5.166188
0x0d378e5c8eecb1f0214447d6231448f56a3ee35d,5165287,5.165287
0x724aae03c5804cb6196652e25d84aea603aa30fe,5163034,5.163034
0x33cd077895b065aa313f5117a90716fc4e21c75e,5161010,5.161010
0x8d722e43dbc796a45e73d9c072f6ced67874922c,5159822,5.159822
0x0000049348454fb7b682260f72011087923f6ed2,5158836,5.158836
0xe57f3834700e9fe0166c97be35e97a053d1ac5f8,5154861,5.154861
0x3140f301fa35d667de5775fa1b00ad0a4dc7eb5c,5152707,5.152707
0x9de0bbb3d6401c70c105e985124bb2c0d91ca0d2,5152457,5.152457
0x3fa96f50de9335e6a36dafb5d50164fbac181ea5,5150590,5.150590
0xc45ae31e112605ecc9d083ed4eb27779a46b1117,5149451,5.149451
0xc55b034be9b4ab2edac6bc7958a36204083e6175,5148762,5.148762
0x416cee17dfd5316d525763b10b66afb913457d29,5148762,5.148762
0xef7f43789690ba60034088459f4b3004302ef77e,5148762,5.148762
0x3e0943a372f6849cd54cd5bf0c1fe899fd0abe43,5147153,5.147153
0xe62ffb898bf360ed2a7d645f77285fd9291067bd,5146224,5.146224
0xaa9543f2eff0e7a4b267f839612945841172b02f,5143954,5.143954
0x37ad16643deb264f44bb42824271b664daff3545,5138743,5.138743
0x941c479a6ad50c41e4bf8da2f4f353a509ea73cc,5133792,5.133792
0x31b90f6d1c91ddd34aec85accf217297a5852d5c,5130297,5.130297
0xb6c820979ebbc0e42230b93d4490277ef9ebe3fc,5128682,5.128682
0x136eef57111c24782e9134ed1b7c29829ee0d05c,5125881,5.125881
0xbf71ff2a9be34af7194ae2e6f3759b663643a49e,5124943,5.124943
0xae4f5fde463ce09c24cb3d4fb0927fc403bf762f,5120917,5.120917
0x305e5d785eb274832a68745fda66a70b1ad2c635,5119920,5.119920
0x63298f7d4e1870fac28426f516631e8bd52fc505,5116007,5.116007
0x73051a64044fea61a6100eb0b55c9087be32cca3,5110048,5.110048
0x4dc0e2040bca9faccf5333e2cc765301f11f2a7b,5110010,5.110010
0x385ce1e2acc629cb20e5a41f583adfed9fc3ad79,5110010,5.110010
0x11a9ede8b47f3200fbd6bcd732cbdefea4b89b7e,5110010,5.110010
0x8bdab88305784de6c51b36a3f350a25f1b7a153a,5109201,5.109201
0xb2368664310211f9bbfafec9cf0c813fdc847db3,5104392,5.104392
0xa70bceaa99da8cf2edae5b17da79607cbf6286dd,5103911,5.103911
0x148c3a0490cf722262aa4c786a3816801e3fa632,5103707,5.103707
0x2bae4279c318722aaa544d3114c6984d4315cd84,5100557,5.100557
0x999277e47e782a2f1efff2ea234ee7486c5cbb56,5094718,5.094718
0x1d9530fa66d5332b7e987e5ee33aa3012ea8a637,5093980,5.093980
0x0ef6f2e4244b0941979540ce6990d45dd4d3dc3f,5091373,5.091373
0x53c8cef80756c434ccca99417ba95d876fbdc4c2,5091330,5.091330
0x08e5f4670b8e70fe77d952ba0fbbf9f4762aaf73,5091016,5.091016
0x2ed2ef57564fc52852a8c9f82d1386af51e68eda,5089662,5.089662
0x99222201f28e82c399f1bc41c046c7e4501bd1a0,5089191,5.089191
0x02c150ce728c82859b29fe0b895f28fa9081296f,5088039,5.088039
0x7634ba05698aced55b311be324d4be0507c495ed,5087592,5.087592
0x25acf1a4207a5efcc3b3c6c46e3a14499fc6ae4a,5079915,5.079915
0xfb6de7dc91d6ffd9d66dbe130788bfb9519be740,5077029,5.077029
0xd122207d746ddd8c346037495e79bf8928faa23e,5076979,5.076979
0xaf11495f021c5c2c5f5230f40d5d57ebe4059700,5074379,5.074379
0x597dc4159a4b85c086c3c679a0b6c8fe2836886f,5072547,5.072547
0x096ccee5e0e56913cae154e59a36a3b4c0a00276,5069545,5.069545
0x52016079f88269d2fed8ad9d9d0e10da5a6f9316,5065989,5.065989
0xb9295e29f5fde0ca4a56d7e856e37de178d957af,5065309,5.065309
0xc1508d199c42188d9398fd035526dfacade923a9,5064856,5.064856
0xbaa8401e53c9724590bc358d469e923fda9ed5b0,5064677,5.064677
0x92c64dc78790a5b641a654f8540d2707fd137b7a,5063881,5.063881
0x453b35fd4587d233b3ea691d47514953cf649407,5063881,5.063881
0x49425c9ca32cba067e77ce7de77eaee6e3c9836c,5063881,5.063881
0x33f2bceeefe3c5c2d39a7f5ea425028b05ab7154,5059466,5.059466
0x35e8b77367b0e416d27136808e466e6b574ae107,5059357,5.059357
0xaf89b9b00a29ac1c92ab350aa5ac25d874756d6d,5056510,5.056510
0x58e898c3428cb41a93d0bcd0983019722f7bdb1d,5056494,5.056494
0xe5e6ac50e40450e7a2e44089267ff3929277a991,5055633,5.055633
0x5cbb805a48ea285c0824cba4c3163d1ab062f0e6,5055459,5.055459
0x680a6114dd343556dbd3fa564f790e2d14b45d5f,5050630,5.050630
0x985a846948703bc35a42ef111e360fcabdb9542e,5047816,5.047816
0x54150c71b6e4b6a65a6522e9c4261c9068421ae9,5047428,5.047428
0xb24c177cb0f6869995ece9ff569bb08efe0538f3,5047273,5.047273
0x7c7b1a7dbeb9f142689ce4f23d582b87d3a3ad82,5045355,5.045355
0xd8c8617f153ef851827b0f4d7b1ffb443b58729a,5044812,5.044812
0xc9e9763073e839899cccbaccbb1120105d33415d,5043350,5.043350
0xf7200f7a475b53446a10421dea95299fa9319a85,5038012,5.038012
0x58bd9cb1a1d91c0c9024983253b50ac611c2da19,5037977,5.037977
0x6380bbb52dbbbbe5b19695e64803432928723a69,5034175,5.034175
0x718d8ec697e9bb0b89323a9ae160e5838c156d59,5033765,5.033765
0x52dc01082fc06a78ef3910c101b7823df3277355,5032157,5.032157
0x58e72a40adabb89f48ae48877c4207ca83c6118f,5030728,5.030728
0xad5509273d21f6f3e7a8bb9de306e6e573a84c04,5029572,5.029572
0x43a20211038870f3e38b6dcb0bc7eda8876537bc,5029464,5.029464
0x5d6807c60aa27b03d0f1d3cef96afbe23932a046,5022413,5.022413
0xfe6be1b0641b05b88978635604adfea35d8aa03a,5020974,5.020974
0xa4b9d06ef5c5f5c34fe7ba3e3ea34ae992242f7f,5016318,5.016318
0x821fa4e5fcb337ce72e02f9fcdfbd9bfafe5abb0,5014184,5.014184
0x876b648c734835bb4f9e912504b7fbb90f1369a0,5014184,5.014184
0x751d60b8f0ed213a29227eef8e778429f2220741,5013596,5.013596
0x7063724ef974689e2962662e6fc4f9ca17d83344,5009742,5.009742
0x76c1e8e91dd6e9fa0328e545eab6ea774f53c157,5009505,5.009505
0xc7a38845132909d8f3495d51b5c3aa503239680e,5009187,5.009187
0x09a510ae4ce389f91cd41c1b372783f974713139,5008394,5.008394
0xc62eb44682b354b5e4356df6ad68a1e2eebccc77,5008096,5.008096
0xc7d3f8b3ea83e808b0d91a554c130870e1302d7c,5005263,5.005263
0xb8fd740d626f6f8babf8a9df81a59abda11bd06c,5004594,5.004594
0x66e629aaca321e58fa9a2629ed5fcaa5806d7931,5004145,5.004145
0x8dace19fe85e4049be16a8cb010b83be9a7250c5,5002861,5.002861
0x60489bafdab67d84c77b24f3519328c3ea14810e,5002182,5.002182
0x84df26b640239ec5dddade55d53d2279376d10a9,5000088,5.000088
0x006c4e70a4f8e2f7cf2b593eb9b2c0c35d807281,4998690,4.998690
0x44e1a85fc011f8e9b62dae61009f9dd1b27fe7b1,4997925,4.997925
0x6c98db27c1898496504e7385e8696304b6a1380a,4983443,4.983443
0xb422d9fe67fbe3c8b0be1b4a6f8f92cdfd9a77e2,4980736,4.980736
0xe30da3f55ad8fe7746c784490a5f51710eb220a4,4980516,4.980516
0x0827863f79107db03415e229627f23978cc6f925,4979006,4.979006
0xb29b04be31214da589421ce88d11ab0cfb661a90,4978360,4.978360
0x17196daaf61c87763076a5890a9025644df15bd4,4977909,4.977909
0xe95c8e73c8ba1e69de136c37f55376665cde32dc,4976988,4.976988
0x7707a5bb1c82eeff36db47c84cd46d37ce6ca7a5,4976054,4.976054
0xaf58b992aca3a66682f45d1c6c33a393f5411f23,4974953,4.974953
0xf701951266c6af7ed6d0c21d25af4020c0da163c,4974953,4.974953
0xd0abac5ac34e004990a549a769e0cd33d69274fa,4973994,4.973994
0x66c5b886eb44138a161aeb036e8743fc3fe5692c,4972526,4.972526
0x05a3af939f1b5d05db5c456d3114dfb3f7b55754,4972456,4.972456
0x83b45b9b9b13b4402b5bc8546f0a5deb5d69f863,4963748,4.963748
0x317b157e02c3b5a16efc3cc4eb26accc1cff24e3,4963748,4.963748
0x3ac2091e077a5ea7c476b6ac4858fd98379d6a5e,4963748,4.963748
0x81609a05998f8cccda9540263ec3ad25505f188d,4963057,4.963057
0x5c0972657d8d46207d8ee2afa07d430ffc7ffbde,4962561,4.962561
0x4041a280f02648ec418e05a47fe9b7a90b95495f,4961747,4.961747
0x06ac8f2636121665dd99d21683e5740039cda3c3,4956308,4.956308
0x20d8a4ef633903027b572dc177303d83948fdb01,4956265,4.956265
0xa60eb54094fd9ce3627ddad4de7b63019c6f3c57,4950930,4.950930
0xbdd08b0655ab98e7bc69b3c0fe5308e001ea73ed,4949716,4.949716
0x77e2e6eb0f326f0ab10ca54ae59d6cad9c7fb789,4948696,4.948696
0x2fa35f3f472ce6f16bad81947d59d74cfaf57459,4947962,4.947962
0xd5ece310816d87ed79cab20d30d8cf36117640f2,4944745,4.944745
0xd2534015f29d318889520ce5eb5f56ba8c9a929a,4944178,4.944178
0x4ffc5f22770ab6046c8d66dabae3a9cd1e7a03e7,4943505,4.943505
0xdb4a050be2afa534da940267c3e95ddb17a6ec5e,4938888,4.938888
0xc9185abaf0a9bc31575953bbd78ededfd7084c4c,4922218,4.922218
0xafba1acc74aa89d638612e57aa4a9c60cae7c1c8,4921367,4.921367
0x76447e76f189595d0b1bb97dd68c9229b25df99e,4921367,4.921367
0x496b3fa0607f0477b0e288b0c91415f1d4d38281,4921367,4.921367
0xb13e94f53a3657b46738911e10430716dc17de28,4921296,4.921296
0xb853d921062c83e79523dff1e3f0eec332e26934,4918402,4.918402
0x2951db7d5815b187a7501c2e4271945c1a6433de,4915475,4.915475
0x2ef1ff80d38a13d3b02b545a8a406a45c711959d,4915364,4.915364
0x9636b43b9a9382d5763bbcaba733cc708e7da741,4914237,4.914237
0x98a9d8a9524a84922e5b179322f590ec230c74d2,4912462,4.912462
0xc07e47564822c953912c3e8a8c653bec8a4c3463,4911128,4.911128
0x0e8b1d7a4fcbcdffe0757867f496ea9266c5d34a,4911123,4.911123
0x93ac15d698ca928289b418b54d1584eb5ef54868,4910907,4.910907
0x4398805dbcd8c08e45fa87070bedb69ab238ddd3,4910147,4.910147
0x6dc1c317176fc1f7c1a7f299884c85b362f7b30e,4906322,4.906322
0x2eaeccc4bf791b5581f1ad4693ad3290cd4c7d95,4904770,4.904770
0x2cdbf64c0327a731b53bdd6ce715c3ad6ba099c7,4902795,4.902795
0x453b25267e67b837d811e6c573850d8acbff2e45,4902265,4.902265
0xc9340efdfebcfc6909988fea25aec40af79ed05d,4901312,4.901312
0x2071467ddc56ab94bdb12c3a02f59161b6db0b84,4899705,4.899705
0x61174b7e5e11139f79e6c0f07784373e86d90858,4899299,4.899299
0xf9f9f78f76a1703253e0470f8194ab271c017ba7,4897583,4.897583
0x2740ddcbe990f99df4f22c682c92de9ec8dae874,4896977,4.896977
0xd69467055a4c902df02e23dbd7431dd264ed2c43,4894606,4.894606
0x42d2ba5d094964b5db944ed7f64e6ed8d6743112,4894528,4.894528
0xa31b4f51604ed2a52ee4d74ac5c05684e3111135,4893396,4.893396
0x379e0a87acb2e7072e54f5fadfe92d9619a5da5c,4887945,4.887945
0x3fb68d68d9d3dc71316f64ec16ef5e328c443ffe,4885025,4.885025
0x86a8bc110bd36d2cc5a634353d2ea3e3296ce669,4880175,4.880175
0x5d285a37c46572d42f7fe13568d65ca01880e722,4879209,4.879209
0xd5bd65886491773a447c36d4f0a0575fd5a95949,4879040,4.879040
0x20b99860d324741aabc4c208f5464060a08db84a,4877811,4.877811
0x3cec1f70eabc4f87551e3a9a1c3c7e4cb96b02b2,4877811,4.877811
0x8c953b9ca9cf6dd7a1cb526537f8f7f8d61a01ff,4877811,4.877811
0x8a616715e838c821d7bfc98a91cc18abdb58fe71,4877320,4.877320
0x72e420c2d161c4f98ab1fcc9d232f3551173f00d,4872531,4.872531
0x786165f4c2887870f2e62e3ca728ae16d2ff2ecb,4868617,4.868617
0xab3d822a2d809de4635e3216e3d8979a9a2b0322,4867770,4.867770
0xf1282979aacfd13fadd5aced06dd11b6235d6038,4867748,4.867748
0x505834e34b5e5316e14cc46ee67dbe0d1d7140d8,4867258,4.867258
0xcc6a141d85872fde54e527b3438aa1ddb478ed1f,4863636,4.863636
0x8e44e7f31e90e736036a5dac7581898861f9adfd,4857739,4.857739
0x88db7628f124fb389d96421f48d351e06ea30716,4856668,4.856668
0x43bd2388d9d9ff267332d547e893197147fdb43c,4853947,4.853947
0xcd635e7fae3e44dea30a1268786d4ed169f6c309,4849767,4.849767
0x01b7164af37c580407d1b128ded99250c2994b79,4849367,4.849367
0x25acd9252cab8861c450270f4a94834a3d880667,4849185,4.849185
0x07851628122cbfab6f303dafd191e6436dca5b7e,4846144,4.846144
0xc9d4d6ca8018a5ba86c7613e91a05d07c9196a6d,4843014,4.843014
0xc7a9c40d101fca0c8171da8e0a13f2ed0c7d6351,4842578,4.842578
0x4bdb5645fc52e5abc219ca26257dcd9138f9de82,4840186,4.840186
0x43c7893fede1c8a841bef1e0771946d33ab8c60f,4834606,4.834606
0xdf7d0d3d199706f5b937d6763174a2c73fa75b00,4832984,4.832984
0xe8ae8009bc4816ba8d46309d6c861e0c00a9af3b,4832811,4.832811
0x7f29b17cac3bc3507bee3de080ff1345a3f603b6,4831912,4.831912
0x9df8df3c15bc8ee93ebf3981ccd888ff65415b27,4829653,4.829653
0x12aff17c692981b47e3a76aefa31a5581654d6a3,4828553,4.828553
0x1dcbb7863137b0928ac30d9e834ffe166c0772a0,4828553,4.828553
0x4962ed4f2c03e5efd91819ac9e3306852000a73e,4828553,4.828553
0x39d3f39943de61e06dc097239b9d050020a740b5,4824639,4.824639
0xebdf2eeba978a96f30f23af3c4bd296996a39b3b,4824166,4.824166
0x2e5782c8df5e4d657ea9c4598262454786260853,4823048,4.823048
0x5bef3ef59252e30d6fb36bc2b34e28110e2327e7,4823048,4.823048
0x3f22139f214299ed2f979b26bad50408edabd2c7,4823048,4.823048
0xab17ffe29ef29439e6e0236bf70afdec20dec594,4823048,4.823048
0xec5c0159ab368f566189415d96a9a093490a15dd,4823048,4.823048
0xf5a8a675d867694c8e06ee909bfd12339cc2443d,4823048,4.823048
0xfd8fa6f99310c0ac06b324ab5a41bb0379e75665,4823048,4.823048
0x03149f294b764b4a0e49b543d58b739b46c27442,4819630,4.819630
0x52249df70ab76752b70fd27f3301cf570b06804c,4818519,4.818519
0xe92aaeac4a5eeb6d1d1824d861e4075325e96df1,4817697,4.817697
0xc8624c28c7d95f9f93cb64ec678e2945a9c2ca18,4813930,4.813930
0x7764605e122739d74ee1b9182d02a8d30074a90b,4811839,4.811839
0x3a44deb6159843a584cf6ede188cd9f4161dc215,4810817,4.810817
0xd4a01de7526b28645097f1a6e6b78839b00a6bd3,4805966,4.805966
0x88c54729237f443e02a71f113be37c24962089e9,4801566,4.801566
0xd6a0a4d34361b58356167ec7e87c5165e49e9dd5,4800037,4.800037
0x3b1df7a244fb9564bd27f9115258a8b7417a5455,4798415,4.798415
0x3d33e4176034953018544cc93aa04e3c548be93f,4798347,4.798347
0x9a2a763537b80f916a96beab32d3b41d7f452f82,4796289,4.796289
0x2f8151cc81d49a5c5c56b519eeab141b54ded7c6,4792639,4.792639
0x5588b7ddb5c383b7a1467c7ebef9c169664a1b50,4788585,4.788585
0x4a9128242a6c1e71746244d76990e6ea0ad12885,4783172,4.783172
0x97109f1f69137c04e6e2d8cd66a050717d881707,4782210,4.782210
0xf343db79ab0697782a5af66c363bf7f83ad461fd,4780729,4.780729
0xde87b6e8358c486f0940a0a201a3056b88c18d32,4776438,4.776438
0x85319fdc1faa9bc542e0c9ca88d1e966f2dba273,4774373,4.774373
0x5eda914a0bced985444bd9f931e4437f924201e4,4769460,4.769460
0x15ff7ae09b59fb7268dbe9b299ca1c74abc91b64,4762567,4.762567
0x9b9e8bc43c15559653868587a193bd014dff5c65,4758744,4.758744
0x537b4de3211862bbbfe79af53008d25d7b21846a,4753190,4.753190
0x4e1894cb5c7f530a7eb1579a297a39276ba233dd,4752860,4.752860
0x811aa3a713f69aac7d88104c9570a50f2aac74ed,4752860,4.752860
0x68b50e5a3f9be7931f3514ac747ed2ef5b4a1dcb,4752700,4.752700
0xef75264f97363a9439fc83f4695d43abaa8f80c1,4752700,4.752700
0x1fc129b3d23f2a64ef20f44810b627fff2179490,4752547,4.752547
0x321cd655d63a2f70930af8928c6ab48533948c21,4752315,4.752315
0x6786939a63acf04b5ea7ab42178a30e1453f7453,4751432,4.751432
0xfcc3c4b2bdb916152d3387741ce1890fff953551,4747744,4.747744
0x49c92605496f93c34dfc684f24e811fd6b09bad9,4747651,4.747651
0xcc92f9169e9e96d3479418f9b291b541a0c7f078,4746535,4.746535
0xf84a6cf94ea47a88c1bf83f5f0d40f8496d40914,4743623,4.743623
0xdda6f4b33ff4cdcd97f82d0f0919922c8839f551,4743559,4.743559
0x0d100584339014f07c91bc81680f90ce35e1848e,4742863,4.742863
0xd33a94a8ad78def52025dd8b383b6846e0b3bcde,4741848,4.741848
0x970485cda1d28919d1e78afedafab1f45d879ff2,4739150,4.739150
0x23be21fc23d5b631ab89a7586b1a0bc5eada64a9,4736072,4.736072
0x3320c3b707238613634dbd0d2086540914c7d86c,4735737,4.735737
0x2897958f27ef55067e39afd882f2f5695d266e98,4734186,4.734186
0x53d9663f9d29f949413930b0863a577cfe58d5bf,4732805,4.732805
0x5112e5d2af3e3ea50cba48a900eaf0db7281936d,4730281,4.730281
0xa8e3e01981b4a4bd18ead4f7c4017219582f504d,4729465,4.729465
0x12a8315bc4d8bfcf19df664dacbb4587f709bb00,4724514,4.724514
0x134329342d1bee854f6478bbcaa0ff086accd0ad,4723801,4.723801
0x8d79839c462806e09268ed9ea1618a7e51b3cf05,4723152,4.723152
0x71e189ad789e3a3d669d8d01e8ec18600ed76d30,4722566,4.722566
0x7a49b5448002bb878655b852af6ecda88da8b622,4721534,4.721534
0x5a96f3433e4ca00d046a3c53d8c578cf2187b0f7,4719862,4.719862
0x3239d0059edc1eb0a7033e4a9885fe2d5e688723,4718260,4.718260
0xc9727e4c9d122dc33c005eb9c252d306536197a3,4715762,4.715762
0x0f34ea52714ad4ba213edc615078feb2f43ea6a7,4713753,4.713753
0xcc95efe6cba6538902b848854e1236da149500b6,4710490,4.710490
0xf8529425b211306bf5957b64d6fe5b6814c061e1,4710206,4.710206
0x0ba6ef145274859bdee4241277288949fc06cb7b,4709386,4.709386
0x3292c05abbef1f99126cdf4ceaba04c2841c5539,4699644,4.699644
0xf4f2c93311d01de2e688649a97f50e5da3e83c42,4699260,4.699260
0x58bf14200d91cf819b455421ac35953566ec9ae5,4698628,4.698628
0x7ddeb225c526f4615fdbcc1804c8d3047d0560c4,4695682,4.695682
0x5725a458b319d73b8ec84c47de80620e7b191b0c,4695346,4.695346
0x22295141da22f0ccc4900ed2d66158e4a4d9db8b,4693491,4.693491
0x1aa30bfecdec590a90d5b43ca9d717fcae92c564,4690609,4.690609
0x443a7308ce91071d32e4a95389f2d1b4cd7d5b05,4689352,4.689352
0x3e3403d181a8d477ed845a92b5d9f7c204d0deb7,4687212,4.687212
0x1acb8695bdf591e8ccf2886f32287a15b65a87cf,4685529,4.685529
0x60023d476077a79bf802f870f680a6d9b3fd5ce2,4682351,4.682351
0x111b46246ba9bf46ef15dca39ab7775897271951,4682351,4.682351
0x0ee051a4b9bdb3e1269ec4844cfd32c927f7abdd,4682351,4.682351
0xeea71a8ae7093d816126b7aad1139e097a56d1a4,4682351,4.682351
0xa4808bb87a4b07524ecbf794f457e4b61e3a7d71,4682351,4.682351
0xed84fef1f27958b56a404d4c99ab8d352490b6fd,4676350,4.676350
0x2e451d317334fd05e3b851eb0c3bfc8cd79e8843,4675589,4.675589
0x432b1320ddde3ad7d0b41e41e9d8df4b6247e569,4675468,4.675468
0xefd67615d66e3819539021d40e155e1a6107f283,4674498,4.674498
0xdd54eaae4aae0087c37c523c92f9fb326589b5cd,4671956,4.671956
0x703f65248a19e25d453adbb6291a702c04148426,4670793,4.670793
0x36b38bacb083511a44b1e021eedc391c064ee1d6,4665035,4.665035
0x4f196c2ac70688ec98088cc1978b381507e3e193,4664668,4.664668
0x2cfbc2f649418c31ccb88cb5af1fb14d199b90ec,4664068,4.664068
0xd8c4b2578819aab848961a979136d1c15d682ac6,4662280,4.662280
0x01581fc4b4afe9d6e198d74b5a1b5c9c47af87de,4659255,4.659255
0x8792f760c86bbb3ffffabdfddd63b8d24808bc0f,4658159,4.658159
0x40c750ce992ed5209ab1dec40100b4fbb57dc777,4657987,4.657987
0x61cdf5901347700f3fe4071badc8d901ce93d548,4657746,4.657746
0x4eeffc3a41bc8fb2aa3eecc86c990f87eb708baf,4657437,4.657437
0x013b0e9899fb3275a50ae7ff3feb44fb79553694,4653258,4.653258
0x0a40569ed15adb1b3935589e2eecc6e8d23e6c38,4651743,4.651743
0x2f4cde0e93e5c844eec89a3f976fc4adc9c388ca,4651571,4.651571
0xc9e20be503412dd3c2737ad66ede15de4d14da47,4649294,4.649294
0xa319dc6c663ab35a5f43b356abc6724bf3e4ddd8,4649108,4.649108
0xf03761f6260c764192798fee5335b2bb9e047081,4646881,4.646881
0xd285cdbbee952764c05035caef53f89476ca47e7,4645349,4.645349
0xc8772db002f8606b357df9003c64acb408736044,4645129,4.645129
0x35333938d66b13ac43a506e06c7d25a257bb1111,4644934,4.644934
0x76f34d1a4535241ec054b49d969bdb37f444eb38,4643814,4.643814
0xae42c7ab8e4f72bb7858ce24a63b6a98ba5910fd,4642930,4.642930
0x05762b84ff91ba9997143bbb2be17e8078cb110b,4642923,4.642923
0x34f5c9b9b9ea4c054166fddd291c90d40efc5c45,4642923,4.642923
0x81e7af409d98b16015e37f9e672d5bccc5fbb7ad,4642075,4.642075
0xbb909b914f1e39b0e5c30b4fe6e5d984331519b9,4639737,4.639737
0x2367432dc27e2e96b7ab8a0b0e4fcb28dd5a1c1f,4637693,4.637693
0x5088be4b30b6c83cf1fc5127a68df4eb633c86cf,4636340,4.636340
0xf7ad4d3f9c05b4cc3955c801519f3199e8d0aa35,4634772,4.634772
0xac61f319696b9743b0515b7864ff99a468f772ed,4634184,4.634184
0x1e34b42f23871aaf6a8bff113d7241ad6b936ee7,4633639,4.633639
0xa431b2b256b1e4f9b643b9c1e8934b7c7fbaba6c,4633517,4.633517
0xb9aad7fb7d0854a4bd55cca2c8c606fda499f7b9,4632829,4.632829
0xe22a415b93e462014cb2b3a11a31f676ad27d327,4631560,4.631560
0x11ed66bdb4b77f69570ec8f3e17be5cca6651f52,4628947,4.628947
0x95ede7d91ea595f93d358f8f564117501017b8b1,4628269,4.628269
0x9af4389da5af204bfcbf7a2130f7be7d9faf10dc,4627249,4.627249
0x6064566f96d123fca884cad0c26f428e2c766c27,4626477,4.626477
0xaef4fdb962580aa69c741e9a0eb4d44a0cb80561,4626186,4.626186
0xec2e68b5941a96009be8210229225b1fcc81a992,4624354,4.624354
0x197305c1f2266dfcfffe52dea4b2b6ed2ec7d3b7,4624074,4.624074
0x96de7cc71c7b0b3e23488eeca8c1b2b7f818114e,4623607,4.623607
0xffe78e71c3bdef4cc16cc16a6694604e74611557,4622516,4.622516
0xd8a955c12d1b64125b5fc4ab1a00ab21e580ec01,4620910,4.620910
0x4c38b7564bf95383e427e6c212547346577898c2,4619882,4.619882
0x2de6590dea6ff917b70447f64ce3c926d071bbbc,4619314,4.619314
0xfd50d4d48896e076a02bd5f7534df1244948eaae,4619139,4.619139
0xfc6115729517a8cc9e465bc1de0ee74e36e4663c,4615697,4.615697
0x4117a6e1761e7d9316938abc8a48de2faf388fb5,4614813,4.614813
0xfb79c3a4d001691a6a1cffcebcf426ce81355639,4612665,4.612665
0x250249f3f5d3c6860bd880ee4af0a334e0a0cba4,4612003,4.612003
0xd0747d83df1ba60abbb1d649506f2bd1eae86590,4611903,4.611903
0x0ec4f7a4ebd584ac54c8209335bf52d3ce71d9f1,4610282,4.610282
0x79ed49dfb164d945734853e787a8821d968f3537,4608165,4.608165
0x54fc57114c57c3f0b9f85344634554d11ee438b5,4606759,4.606759
0xae768ba53d675cdcbf635644a6072063bc7a560a,4605686,4.605686
0xc0fd2c655b6b984da7d32462a6aa7d334738d04f,4600023,4.600023
0x620a5bb65af8551699c22971465e5e0a2eeaa52d,4597563,4.597563
0x4e6f7b1d2ef67d9497b74f4a5213892845dbf243,4589950,4.589950
0x271a252b3c66486069c231a60022bb0d09568b53,4589420,4.589420
0x584990d3cf84dcca730ce586fbc6cb6408dbe4da,4587085,4.587085
0xa6cde2c2521a33935b2adf881ecbbed39df3d809,4585223,4.585223
0xb78994cb15815d77a0320dbe8196f113043e70d1,4584948,4.584948
0x7a92502c0dd2fc77532021f759a7db2e0f966cf9,4583597,4.583597
0xfb15c3af09fbf8a39a587c4ed137ee5737d7166b,4582486,4.582486
0x351c1c7517e1ebaf098ac1697c76a9722fe5b74f,4582006,4.582006
0x53f12674c69117c1165347841584b1e33af4f585,4580070,4.580070
0x9eeeaa6b00e69be68f32a5a78f2cc8a872a0df57,4577923,4.577923
0xe6dcaa02967202b9749bfe802efe312fc103cc33,4575335,4.575335
0x790ff44266b1900a4ae03d3c0fe9697e04be917e,4575045,4.575045
0x4b20d25439a722c31bd7653447704a7b734f0dea,4574904,4.574904
0x91f79e320e5fc7cddde1d2e1ed8a0f17403ea960,4572720,4.572720
0x07b20a085f409ebb7d92685693b95e71b55d95cf,4572515,4.572515
0x83c23c573838fc52152956e0be7551c2800cee15,4568355,4.568355
0x6c06b7368bae7aca2a1e4ea328c0c20ad128fb5e,4567934,4.567934
0x9b89d1164e96cefc07944c19a2802271089804a4,4565259,4.565259
0x457b599a4461de78716d3053cfb3086ff5dc3bb0,4562037,4.562037
0x135a6d9d29e3c764b708a3b122385416f3a22329,4557981,4.557981
0xab006ef2d32aa31046ed944a5e3fb334c7103d70,4556304,4.556304
0x28c81ca97654b326ee82b331ab66f73ecd4ff37d,4556057,4.556057
0x0178274ec3e22cb684a35d829f5e15f66441e71a,4553314,4.553314
0x1c935414ae2301c7f1bef76951493c4ad8b3b11b,4551685,4.551685
0xd0dfc932c5fb11957721ff3bb868b67673e34e22,4551053,4.551053
0x5f6a1235bb04a0bd2563eacc11ea00bf851339d0,4550310,4.550310
0x8c6c7c1cb6dce8da343e55df1f3fd63346d52451,4550300,4.550300
0x76d7858661292ff76e8cfa4ecb4d206730ba2ba1,4549354,4.549354
0x1ab4e2400cc4bc7092474b026d20e5808498cbf2,4548042,4.548042
0x802b0c273731a2cf64c747af4b3e23cf154e3a3f,4548042,4.548042
0xb3df7a4cb46bfbe2b3314de7c8bfd81b890871eb,4548042,4.548042
0xadc3c1ac7b171b5a2f7e58c52203c1af37e76ab4,4547019,4.547019
0x3409a9f2bbe43535fd59a7231ae04d2a98e37ce2,4544141,4.544141
0x6b070424e172315ae3a731d238cac0c43517c072,4543122,4.543122
0xdaf13057afa49d98a57f647603c06490f974e953,4542609,4.542609
0x5146dccc1b386bc26be120ea41b1f4a27f796e89,4541551,4.541551
0x3363585ab812178632c53710b880d650b62384c4,4539940,4.539940
0x189373ede5101716194e0afdc4c5f8ce2d9f849e,4539927,4.539927
0x21d1a3455f6620c4588554025370cccb9d24f68c,4538911,4.538911
0xf56aa01de6ccd0bdb2340b7fd90cb40f65270cc1,4538378,4.538378
0x5abe1714c66d608698e1975ce5244f1b9d62b721,4537848,4.537848
0xf69d32ae6eda4d105885a314ab2c0a63905e163c,4537123,4.537123
0xb9e8e3135b87a55e25febc411d2450ea63476bc6,4536361,4.536361
0x9e5da45f991d1b6ad3637765041bb0ab95fc8b63,4533988,4.533988
0x31ce4ae28d04791f8da6e3810cea7d151c429498,4532951,4.532951
0x85c8a68554400efdcdaa5a0645693a9b1ba1499c,4530708,4.530708
0x3cdf9fbb9ec4685b336c1a513ea62c550eed9f2b,4529945,4.529945
0x12a1da4cd1c4cd0a5c0dfc922f996f79511c708e,4529098,4.529098
0x035ee4f41c81f461cbaa8a4f5586611cacfcee28,4526273,4.526273
0x6a5f06f42f905526ee049cafccbe9d7f31ab5aa9,4526273,4.526273
0x9089bfa23f30e60ea092c3270f5fac1614a664f4,4526273,4.526273
0x1c32c1272c9dbda6c7245a79f4236d3366005e11,4526273,4.526273
0x1e9fb4364f7d28bfb41f88e294861b03bfd8fe22,4526273,4.526273
0x29504bcc11f1d70da76337ad323916e62e103c9d,4526273,4.526273
0x6daa29ef2fa327de75ca283b88157b547e329377,4526273,4.526273
0x56af4379878e6342e8fc7535c1d209c308cccc2c,4526273,4.526273
0x938d9b88e51e95f0e6016ab41ac7385587129f79,4526273,4.526273
0x7ea1e7e11cd122900b922e53a0759215ea09e473,4526273,4.526273
0x81806b7dd0870e4e5cb16852a0c4d3bc57be3b4e,4526273,4.526273
0xac9319cff69a299f82c937487c3b6cc1bf4489d0,4526273,4.526273
0xb1094269a6f9a9f67740adeabe81f5e6db5234db,4526273,4.526273
0xb587ed01906667dab1275aa56654611f8de49675,4526273,4.526273
0xb92c48264b228382684eccc94f5a2029c6cdce2b,4526273,4.526273
0xbdf5e8e0761bcb8efb1288721863d431d5c8e284,4526273,4.526273
0x8c3a45d528ec72b110cec9ca164e0d7fea9cc39f,4526273,4.526273
0xb88581e9bd61784a832b6fd40ca06bd81f94142e,4526273,4.526273
0x678991c01761855900d241a715518a880805e754,4526273,4.526273
0x88fc935ecd0a14c7654804c9b16e9416a27830db,4526273,4.526273
0xad28a7cee2ab1aa5edd67572c2c8ca4c61997b67,4526273,4.526273
0xbdcc3d7baff8fd682bd14925e36228f142593596,4526273,4.526273
0x45f3ff39179220b11d0600aea41b7452a1c33cfb,4526273,4.526273
0x3f05b06e4476522dd78c4319adf8a5ecfe1f0bfd,4526273,4.526273
0x42aa967f644d368a78b2205184c990f445ed4e53,4526273,4.526273
0xaa01931aaf7212a31f6e76255434efcd8716e14e,4526273,4.526273
0x13a36cd49f4abae43c3abc5b88629d6aecd82dce,4526273,4.526273
0x2450ec1b30a4957bbfed18be925c09c4ad36ad9f,4526273,4.526273
0x34d3cf5e50c639d5693b7e72a8f7d911348d7373,4526273,4.526273
0x713e47c5dd568d6a24c864aad0e412cfb372f130,4526273,4.526273
0x05d119deee88865e44ae2ad8a23cc09937d2de9a,4526273,4.526273
0x1aab58bdd3db31956547a18e4dacf03287c00b0e,4526273,4.526273
0x1f7cfb355bb0271c2c6f259761d5b97f45519fb7,4526273,4.526273
0xdca7aadb8904df1b510732feef0cfcad67418585,4526273,4.526273
0xe19e9213562bce12c224b60527f48bb9b7b2e966,4526273,4.526273
0xd74b12eeaf88ea1cbd4186663dd1bed580c96d08,4526273,4.526273
0xfc91e14a606cef9381c3f2761fafb613df5c2dcd,4526273,4.526273
0xd8564fdcc987a583fc7e4711a37529c6a65f37a6,4526273,4.526273
0xd22f30b9b574107bc3e228059290420b1ac5c70a,4526273,4.526273
0xd65eae5115002b6c57fe4304862c2ea415348b9d,4526273,4.526273
0xf55351b0d1e02f5d7e406a12ab1ceab06a7a0abe,4526273,4.526273
0x48928f8b709c33a077bff9f5fde8aba47399311e,4526273,4.526273
0xd7b3ae8adc9e9c12259dd32d83723ddf0d5e83e2,4526273,4.526273
0x5992d3f499e1ae0b010bb8d8ea1486853dc247ce,4526273,4.526273
0xdb3bdc485d79f539d55388f385fe651899c6545f,4526273,4.526273
0xff25a826ac54149372e627ea3bc248b698f943a4,4526273,4.526273
0xa387715aa2648a53c8b92a091adade174810d100,4526273,4.526273
0xd8ff8d3161635183682bd07b214c6f02b8cea7ae,4526273,4.526273
0xe15f5498b24c492f975b7744e751f77be067e06d,4526273,4.526273
0xe6be73a9eb5292cae2892c693a1e0aa243f72bc7,4526273,4.526273
0x2bc31f312c65a8e81bafbc36e3264b55a5a78b28,4525844,4.525844
0x5458a306b6088d5c641e0dae2a234fcd6c592075,4521557,4.521557
0xc672b36fe9dc8672a26da79135571b492e0a7562,4518162,4.518162
0xd454ed303748bb5a433388f9508433ba5d507030,4518162,4.518162
0x81bd9ec493dcc0f7e3bcaff097fc1c2491935e27,4516585,4.516585
0xc4de49a801e83a569d71c02e5a1b8908b2faeda7,4512187,4.512187
0xcd790d0813bef3add5ddc1ae5589d3a9b526cadf,4509994,4.509994
0x572c9cffebe39fb3ad85a15b214c700c4703e512,4508924,4.508924
0x73e8feaf22dc3395f8559483535528c9d4c9d816,4506876,4.506876
0xe2d2543e7e051f26008853dffffe808c74135b88,4504391,4.504391
0x3d22550e25b501552beb012a73eafc776ae5ab15,4502480,4.502480
0xb8fd5ae6906fa1991e86ea4f058842217490869a,4501756,4.501756
0xf3af30012f9efc6484fa4f23065d81d5c7724b0d,4501510,4.501510
0xe99c97efce22cc2f82313b7b7f32f17809fc6fe4,4501510,4.501510
0xd7045d3b691b4625bb2b3fc974d4f7377803860b,4499189,4.499189
0xf07988a8d9ee6acbb57fb688bb492502b2dc7303,4497733,4.497733
0x01c344f461be873c942da998f081a58c53dcc2cc,4495676,4.495676
0x493c0e89c7616c91c8e10c9373c563d8cfb67332,4494598,4.494598
0x8af0502f8260a8c5c4d9f893128c14525086b461,4493663,4.493663
0x1f0db4859decfc4dcca1260a3c7507a67716f1ee,4492558,4.492558
0x01683c6d57d26707a337fc2159f455ee28a8e1fe,4489545,4.489545
0xd9c33deac324ea75bf011b9359b4a4af6fd0fee7,4486507,4.486507
0x78f6c325c01a9769861579c5f7afd974d5b5bc25,4485611,4.485611
0x042a19271d4fdb81cc543090536c6a28cdb7c924,4485611,4.485611
0x1174a86aef9f09a96876c4486dad05bee6729961,4485611,4.485611
0xa1341bde752b79572e960b4731b1a1dca9a8f83d,4485611,4.485611
0x997dd01acdaa0b0bb1f504de143ce5ffd2f02d98,4480486,4.480486
0xab22b7ec7092b90903225abbcd4e4a912984e63d,4476124,4.476124
0x4ff128ce2cb58a424848303e9a7a6a7e6cf1ca52,4475459,4.475459
0xfcdfda023f727dafa35e8ee2715bcd7411c86b21,4474524,4.474524
0x4406c04a6cbd9f812277e0e85594d809d7454405,4473901,4.473901
0xecfc6e2232bdf6c9ae42aeb2b123a760e45517d4,4473255,4.473255
0x18c56743dfac1feaabaf10ec5baba16c85c6594b,4472521,4.472521
0x9122b47cca49a69fc424499d37463730cfa904bc,4471889,4.471889
0x5520989bf88eb2c1f07e4045a7e005b14fac59f9,4471383,4.471383
0xd99aa4ffded9aa84baf37175a0a141dfc479a1ca,4468094,4.468094
0x9f65bf0e2b83e9bad5d531f0a26b49f077e4cb0b,4466205,4.466205
0x00ad22f082d35e066c7b3b1405bebfc84f339943,4465445,4.465445
0x3e4ec4603e2e6173d7c2c24a4cd9519a9d867067,4463177,4.463177
0x0f140553699b319be1ce6f1e151a3d788d676981,4462588,4.462588
0xa8d4722b49d87bb6d136cc8dfbc85ced1c69a504,4461323,4.461323
0x859eb852e93ecc12f24790ab764f98a571b9757d,4460795,4.460795
0x262dbe557af597c6a15115aee108c75efb4243db,4458367,4.458367
0xf88a055732fba525073bede9ebdf76f6051b07d9,4458043,4.458043
0x22d0787bd2c728c4ea9dbaa13734baf4bf6f0c1d,4456400,4.456400
0x184407a94317d2c30abbbdf99a51420c61243705,4456214,4.456214
0xa4312263100b1bc63d0108171c2ffd7854ef7ad1,4455450,4.455450
0xdb6dce9de1813a9a104c19e5fc4ff266140c500b,4454491,4.454491
0x22166c1d6091b0bb8ea4be64f8d7c3182e5fd68a,4453923,4.453923
0x4c23e41f1afa0c0150a3d49935d352c83245e06c,4453761,4.453761
0x39c91732cebd951fd07cda24a77d5dbfba2eb5ab,4447522,4.447522
0x61d34a0bf48e0009995c0e48efbb7c07eeef1391,4439520,4.439520
0x2ca14d562bf1ac82e2f385da35e7fc681954ac41,4438872,4.438872
0x5162fdd0d340aa10e790ead2296b4ccf6bc3000e,4438620,4.438620
0x33f09af1f09dc576c9e548aeb1e1de348f21e018,4438515,4.438515
0xd6a7f1b4b56642b7214fa3578565aef93dd0d5b9,4433093,4.433093
0x4e4ea5091cd20b279425be51b32966c587208ee4,4432713,4.432713
0x02f86a8783152f5f048afc57b5a2afb5529ee745,4431486,4.431486
0x667fc4b1edc5ff96f45bc382cbfb60b51647948d,4431203,4.431203
0x03ed2992a1d07ab57ec01f0c8914e22b53e48d87,4428580,4.428580
0x71ab0bbd59156cd0623746971f4eb0067b6477ad,4426913,4.426913
0xaf5403943882a174b60be19d2c6c7db570f3e209,4423852,4.423852
0x20f1191e4051299d1a4e54f8ba95b636ab427898,4422052,4.422052
0xef33e160d64620a76122bdc33d5ec1ee75a36412,4421126,4.421126
0x38d31a5c839fdcf1202fbb3a1347b4fea35c694d,4420919,4.420919
0x5ad3b4d6f860570fd62b765b3b873ae2372ab469,4419134,4.419134
0x434a8f1b7112e065ca52a133cf632135eeb9d806,4416450,4.416450
0xcb2f2143ebd9cf8d198e217c21942598fb4e3e6a,4416306,4.416306
0x2628129b0e5ba5b9a9c918143b6703b63429b084,4415774,4.415774
0xbe406de6da32c349d57cd9fc77e70b3240ec4a56,4414874,4.414874
0xa999071b8cd62b8418ecc53dba387c27f926a620,4412227,4.412227
0xbeab13d1906022f0c6aded7872231ac4d801151d,4407642,4.407642
0x1b4b8e12dbe1051a30307eb655967caec7bdae61,4405663,4.405663
0xfb973320312d64ec9776f7c4dc214bc0c0e33130,4404295,4.404295
0xf1e91ebcfc1db8913f04737cf3697f8aa20b8515,4403925,4.403925
0x3f3721173aff420ccbec4790e049b66e26cd9886,4402638,4.402638
0xa1984678f5bb52c9f5135518f3ae803c1bba9888,4401272,4.401272
0x7e40c84d77fa23d851f147ba67404c57ea33dcd5,4400681,4.400681
0x892d1ee50f34fdd964313c87580cc98910bc38f1,4399725,4.399725
0x50d9b71efed301ca8ede6a5be96b765a3bb09081,4398991,4.398991
0xaf86d38ee97ac8f463ba8757f74bf0f49fcb7f38,4396248,4.396248
0xcb5dba0256402ada334160d3069aee7d838b02ea,4392225,4.392225
0x61e96361da1bf39ce69810a1aab6d8dc3344a9dc,4387094,4.387094
0x6b8e1994795d3495b1ffe12d039ae49af36a9a6b,4386028,4.386028
0x41a73158b862a6c2b023f1316d06f7ebd868818c,4384686,4.384686
0x7e3b29f2eaafa9008a2c60a2e107a0e6487a7628,4383461,4.383461
0x0e829d4f8c67a1621c47e8ba29e1524c35725b96,4382681,4.382681
0x5ae7588f759374e71cb12773041be2ff4e7408de,4381961,4.381961
0xc388fa1e4e5637c8c6061cca3b6f4ce868fb312e,4378819,4.378819
0xa0f08dbbf48f3ee31a8ea5e056ad3420bda14218,4376951,4.376951
0xc4519ac7b577975429a432b62fd9af490b98d000,4375651,4.375651
0x45aec1c6b52e6f641aa97f7011f1b3c1fcbf3626,4373421,4.373421
0x3213ef068d8def86a068d0cbbcbb3c00664894ad,4372985,4.372985
0xff417b2da326ad5c6d532cd9a83f73e6da0f7185,4372068,4.372068
0xa6d1feda6fc70680816ef6a23faf5e454e2f9c09,4371968,4.371968
0x656d9b21eccceb27a51f4329795f23af6ef14e7b,4371209,4.371209
0xa6f1f0f7f1c784260bc91532ea2e778110f46db7,4371209,4.371209
0x5d6d9632c2782e040495d6ce29030cefd534cfd2,4371209,4.371209
0x1ae98fc08d1871ce15c38a9d9ad04d2b0c2619c1,4367969,4.367969
0x0d1165a1afabbb6146b546d504e399fe0d68d005,4363285,4.363285
0x6cc4ead03b6fda979fa33b40546ba5d09c35396a,4362545,4.362545
0x91bb8ebbcd87a3b43ab292f4e9243bbb47ac1546,4362082,4.362082
0x1e857bf05cec1bd14785a2b63751e143e882a451,4360356,4.360356
0x9edb4aeba2753499d88dc40086a5230182889b52,4357817,4.357817
0xc050aeab010e7160b02bcd72ec7ce556ee0e92d7,4356665,4.356665
0xa3014342cb92492bc3cfbd3857acab41bed9e88e,4356641,4.356641
0xe696b53798ba62d98451893dbe908dda0a78bd16,4356641,4.356641
0xca470efab224a780fd0fdbd32efb0273e0932b58,4356641,4.356641
0x54cf4bf645d59785ff46f43d37c05f98c68c6be2,4354803,4.354803
0x3ed34931a2886f7e15f73b3bcb2ccdeac9604202,4354157,4.354157
0xb944dfafb3c9a66c4246ee1a2b11ce3d9d963b4e,4353680,4.353680
0x17a8eaf9241a220e1ebda22a623cb058530cb0ab,4353349,4.353349
0xc0064f283a1f502545cdd202615915b776a5121f,4347679,4.347679
0x9924acd69b59ccd26398f3ea56de561213e10e05,4347679,4.347679
0xfa03c0841ee70f6563a6cd3c84afc90a65d66c90,4347453,4.347453
0x18ec3a55c4b492aec31bfe37d6dc2158632703f0,4342708,4.342708
0xbcd1604d70b0474ba4463df252d2107db1729752,4340929,4.340929
0x9179107e3d45d841179729f02dba57c3342d7fdf,4340744,4.340744
0x8c9d6173cd7a77dd71e1a4e67c5cfeda424e6242,4338773,4.338773
0xc8c8e848a548ea04d2a840b1a991b6f94b27ede7,4338773,4.338773
0xcd877e3e7f41c0e1d4b7ad9ce45d7e796bef7f4c,4338773,4.338773
0x97cd05ee9f47c6aba029c5ed4fbce8ce817586e3,4338773,4.338773
0x5bbd0f628c70c03aec5716a6e9f158d4b1ec6f74,4338773,4.338773
0xaee2e6432db54a6f3770d57f1108cd326f2b224f,4338773,4.338773
0x02e455c6b2ce664b2a556d3473ba6daa6b00edac,4338773,4.338773
0x8484917aff4c44e51981174a6dcf52dce8c9a567,4337809,4.337809
0xf494284a01b7efad10dfbd9d107ba98c8fbf9cea,4337435,4.337435
0xb30463539598777659d0b54bef45b11bb9a70414,4336123,4.336123
0x0ed5ac934bdbe04ea6d7fca1a9bacceb2d23ff1f,4329339,4.329339
0x547120a6754cd20a6fe7b61cd788ec17cf10bd35,4326507,4.326507
0x6c835c9e82dd2b2e3cd1291090e6aae3c775f1b1,4324075,4.324075
0x508b195234af8f998fd325eb3e9d2d0c010dccc4,4316180,4.316180
0x706f751b75d49f2e18a8ddb3fd861cc9272b3b6f,4315740,4.315740
0x1ab790d73e953e3253eed7b89e8dc183e985513c,4313925,4.313925
0x5012ca9f8d08d370ff3fe6662ed833319bed1c52,4312940,4.312940
0xa8adc75755170844155e7b73118ab994ab0c7d8d,4312638,4.312638
0x34ca73409572e3f1b68eda3cbb0bfd7b3e7cffa8,4312038,4.312038
0xc8b884855ab00e84ac8dd32ddce8fe09d24c07c5,4310497,4.310497
0x09586e63b1205a91956dc2360063b9342e9f01bb,4310328,4.310328
0xcc0fac1f6299886e9406b1532bc82e63c555bf30,4307762,4.307762
0x3e77be40f3ea7ac71687802ef40994088e4a33cf,4307705,4.307705
0xf1caea27ea10ecae48fce7428476a592a5569be5,4304642,4.304642
0xde0cb28fdb51b09b660d04d34d3c4843d735600c,4304333,4.304333
0xfad710efc302d5435df40af2cb90b6c6d0017764,4304142,4.304142
0x5ecd360a15898b49e5106aec9a4bbbd4b9230359,4300366,4.300366
0x1955628a4992f2f25936adeb54ba14132f690afd,4299236,4.299236
0xa17cb4f8ef540d581d1659161c4b95af127499c4,4298865,4.298865
0xadd2c95b591c28e48d8b6b94043ee6da40fffb5b,4296177,4.296177
0xb36c1fb9a64e9e20759c799598668ec48cd4899f,4295462,4.295462
0x4ddfaca412c22f9bd42a6a80ebab5d4bef2348cf,4293639,4.293639
0x0bbfa21348f3cc0879860d8506ffad88bd2a6b19,4293429,4.293429
0x95272c5e0f8bd14ed7f79656b3ace6b06c85e5fe,4292153,4.292153
0xe620cf1f08935350d7f0eb09c270a7f3cfe68039,4292153,4.292153
0xed107d632412586197723c317ddc4a530a7ac711,4287366,4.287366
0x6bb88a7b982edd0498aa1362574d1e2cbe84eb20,4285702,4.285702
0xb21dd92dc327270aa0619761cdfa2e60e8e87460,4285453,4.285453
0x44b50f81751fd1aed72ea6a118565b830a60df41,4284839,4.284839
0x72dfb80d1b93f83596348cd27dee2255b3baac54,4283344,4.283344
0x3727321b9b1318c2716b743e4eea28e0c8fc7f58,4283050,4.283050
0x42d860909f50644f65e42aeaf39c3f122e1538b7,4282822,4.282822
0x2a02c0d8b4d1f9efbbccf40aa5fdc1ad1452cd41,4282816,4.282816
0x16fed1a4b2718b1a3a490469a0a3ba4a110ec69f,4278979,4.278979
0x44bbfd26520eaba6e58995177a4e74284840d2ae,4278979,4.278979
0x84ee9599d93c561caa59e3e86175d03c81d5da20,4278979,4.278979
0x0b39968c787a641f37de8dbe7807e628ffd470db,4273792,4.273792
0x4b4781df451642f490de17b0f58354e426f63223,4272812,4.272812
0xd2c8efdc0256d4de45b72b63d64376482ed2d3aa,4269254,4.269254
0x6a879656b929651c2e146a3fd305eaf5046e3839,4267078,4.267078
0x275a74e88418a28f238efed64ade97b29bf557c9,4265752,4.265752
0xd1c3d9952b7b6e322736bcb01c27209bc021ad97,4262885,4.262885
0xeec00686f135ee3f8d9ea4d62269dce0b5df651b,4260356,4.260356
0x06ace69d7880fb6bb1a59508845c7490e3b268ad,4259701,4.259701
0xc119c1ad5ba8c8ae2d85a465ae175652ffa50f20,4257269,4.257269
0x3345deb0e8552220eab98763309bce486efafecf,4257180,4.257180
0x63ebc5fde3588cb9c72375f16867cd6c748c4390,4256006,4.256006
0x121e1573b7c6c15aa4c036d54bfd2974cf38a163,4253133,4.253133
0xb85d1afa5db95b02fec0f81bcfa42c6f5fe2cbaa,4252318,4.252318
0xbed8be769cf111acd785cf552c724c1a951bda1e,4252279,4.252279
0xc22f1a68d9f91800cc32234fe62f3edbd26e0e2a,4251374,4.251374
0x290f30f4a6d24e2a7159cf0486b6d751b5321155,4250713,4.250713
0xa4f6638cde88f245b75670b510fd8e46fafd1678,4248133,4.248133
0xa54cee1da30716a04c28b7a6cb724fc310c8b709,4247143,4.247143
0xfdfc5d457f3912b42457f44fe5eb548efc7d4acd,4245336,4.245336
0x62d629da7b18f6448cf5b012526853739d1aea8d,4245183,4.245183
0x9ed2c2d47703b6475f014c7aa02921a18a931a04,4244576,4.244576
0x9d3dcc92b19eb66ae50e3b9a9b6efc44a0e3d34d,4242927,4.242927
0x91c320e565bab66818d86d8a3ca39385abb6c007,4242249,4.242249
0xd9305601bdb47800f48de4cf91555884fc446252,4241811,4.241811
0x866b36cb746aaade3a74d8921d0fa20eea8476f0,4240341,4.240341
0xf5b89252f41cc38837bdccddad11272aed0c4106,4235362,4.235362
0x6ad1ad422cb55a8f41d10458e16cbba36b9012e2,4234968,4.234968
0x430a2c5e331487682d11150d881c7cae187abd6c,4233250,4.233250
0x58d70bfa5b7def2b44c2b6c6e1f50bed4950b4d6,4232278,4.232278
0x9e979fa66ee39095a875a87736b30f5f2b23edd7,4227830,4.227830
0x81d03b3d6b33bdf879b21c15e8d017b7c0568c47,4224355,4.224355
0xe095554cce1246a567e1758dd1f5524765d8cd84,4219181,4.219181
0x37b40207bdb80063535dc6bc9ca795c57718822b,4217946,4.217946
0xccefa6cc02eef6334ade9439d539eee9997a9c37,4215009,4.215009
0x6a98e36ca8b9cf4b0b016442e23f54e0e5252117,4214113,4.214113
0x36cf7f9c05a686935ef6208d362ae3cb0746f7af,4212426,4.212426
0xf298852f0f884eed5cb37a497c63fd35ad46f66d,4212126,4.212126
0xe4bc891d2d771739a88b6ac11419ed1a4ee5c542,4211668,4.211668
0xbf067c17394fecb00728906faaa00afef5948b9a,4211436,4.211436
0xb5611a2ffc654d3f3410341a325dd126e7f803b7,4209540,4.209540
0xb55217d374b942cdac90f5fa6a04ddf21f171f27,4207531,4.207531
0x147f138fc56629622c77f0d6c126925d55e79ff2,4202641,4.202641
0x230d54dbc8dc74309276111836d5710d0c2d748f,4202495,4.202495
0x3a929df29ae011740d4cfa05df628a67437733bf,4200246,4.200246
0x8108c6980a6bb1452d9ac753c81dffd727892cae,4200246,4.200246
0xab96b89eb9be2db4d8a25b22c30e6da890d789a0,4200246,4.200246
0x37effb3df8023b26719970601512ab0122473bc1,4200246,4.200246
0xa404e1e0bdea1575ef14541cf2448496eff9cccf,4200246,4.200246
0xf8ee882e94e1f38ba87b48bd722ab00be5725732,4200246,4.200246
0xfa3af77e789ba9ff1186339e123839a26de8e70a,4200246,4.200246
0xd2190227f722334e3cefffe1d378f4b380c3e9b1,4200246,4.200246
0xf90ee5131576e0791aa57a83452eea57d11212f1,4198614,4.198614
0xcfa92a3140d6145ea127a219769e91340a436e98,4198215,4.198215
0x6ce6f050ab264139e6dd2ee68617726a8a61c2b0,4192101,4.192101
0x698fa8dfa821489cf4b69225347f28a56e3c3129,4191349,4.191349
0x61aa893a40f2f9ebbb9781b3e2e53ffbae0d69f0,4190975,4.190975
0x8fd1a4617197077511f8d12cd024027ca25f2ba6,4189464,4.189464
0x60d4dd03fca377816c959ff89033ffc8af4efad2,4189371,4.189371
0xfbc7e16f3b59190a1ac99c6a723ff0cfa3cd7075,4189143,4.189143
0x6651042612e1f6475d23b8362f38d226626e279a,4188273,4.188273
0xed35dec0934431df061da0959108e29c8aa162f0,4187863,4.187863
0x05473f416ba1a3281e6595cba4e5207deba06b92,4185940,4.185940
0xc9c4e3fcd24e47faaf0525495f608991781535d1,4185622,4.185622
0x177c7596ab95564a037dddc1eeb7926c5c4adc19,4184688,4.184688
0xa100493b709e10d93eff25ddb08f15b246a22990,4182509,4.182509
0xff33c82337dce4a11af0bc4b7cd6d281738a5a37,4180343,4.180343
0xa4248f6d54f558fbd53b6fa18e77fde991570f52,4179155,4.179155
0xb8530006b544561e8ae916bd34b06e6d7ad0c001,4175094,4.175094
0x1596b404043cb2c92b0bff4633f0f574bc62a3fd,4173293,4.173293
0x470eb10147fee8ee5c0ac522efd1a518fcc62a70,4171017,4.171017
0x51d2c4abdf244bc9eed0f0ca792009c5de636fb9,4169228,4.169228
0x88ccfa1116cd615ad60c1134021c0194d5f528b9,4168858,4.168858
0x2a030ff3a0a001834eac35b2fe4bef3478ed04bb,4167788,4.167788
0xae6fd8ae4b774e57120813634ffe08d23f137c67,4165271,4.165271
0xca5e65bbdb6f3ad70aa964a47d59125057c1fc0f,4164165,4.164165
0x8d7e609eabc813df14ef5ae36346de96503af0c4,4163087,4.163087
0x7cd9807aee7307bf8b42b59b61874351fe19ad08,4160631,4.160631
0x32e49dda638696b15ea3199dbc7441d18431be46,4159387,4.159387
0x49532249d6f6431320fe3a143911d75aceed70c6,4159147,4.159147
0x89636bd66c3082f6e48175d75b9a485df07de77a,4156481,4.156481
0x545c9b5ff0838f85ed1873e385d674641dfd60f9,4145689,4.145689
0xcd2477638f8ffec51b1d9e6d8ed10a052c55c7a0,4141715,4.141715
0x20b618df0bd39613d2d329a0532dd04412f52dd8,4139108,4.139108
0xb0aac3b98af81b785df3543b1c79957127f9e446,4136073,4.136073
0xb87aef440e6f207d2602720811ebfb24126c8ef5,4135293,4.135293
0xdbbfde921ffd25dea25941e7cdb66a2cfaf1d3e1,4135237,4.135237
0x22f86b5c0a226bdc26d6ba0894f508ca23758c08,4135073,4.135073
0x023d6f2266c53d5f3839cafad70931f109e76445,4134739,4.134739
0x87c5893896bbd12bb7171dd244f7761e0cc422fe,4134479,4.134479
0xd76679b6eeec5352654dc11aa70e21ff2b5b9d25,4134324,4.134324
0x9576aa2610719aefa8220be66542da28e9609618,4133811,4.133811
0x6358d138ffe4d4c8296ab315b64f9f7640502167,4132996,4.132996
0x6906851562c3ad5234ee1de83790cbcfa49fb246,4131999,4.131999
0xd777e83ebe86e77cfd2f65ee1872c39a227e247a,4131586,4.131586
0x3683d559ebb7c8ebc548ea0869c4d2a99c0be05b,4131085,4.131085
0x14191de23052e51fdb0de0dee555af5dcc9c23a6,4130554,4.130554
0x10fa937bae706d1bb37ca90c38d36ab88f4f8094,4128383,4.128383
0x05c07bd6d84d769a9b3587a79ad9bd0e3aa7fb4b,4128180,4.128180
0x1a1ba754484e4d424996b12a30cea021994d462e,4128097,4.128097
0xe994924091a7034ce33fbcdb082836165f5596d4,4127574,4.127574
0x64efcc9493a456154ce22309bd3fca9e19f63138,4127184,4.127184
0x6e5102efd9eaa9c4c4c0928a08269c5e3e45ed3e,4127019,4.127019
0xf58a5160d3c22ac69949559e182aaf5d5531c4eb,4126270,4.126270
0x00396f9b20388ee51473c5045abc24924ece3b06,4125921,4.125921
0xf1d57a02ea9d43df42ffa4b0e7a4d0aff4d80083,4124972,4.124972
0x5decc3a14ef9be8f3f31dcdae89ba3551039dc82,4124443,4.124443
0xc275e1a29fc4e236d87ae699560d89a1df7960ad,4124359,4.124359
0x9677e256755e1718e7e455b3bf9bce84c6db6b2e,4124308,4.124308
0xdb9fcb4b832b686900a25b1af5d404941d20b93c,4124028,4.124028
0xc02198acf2a9ef50a242b0f8899a2a1202962053,4122949,4.122949
0xeb29596e0765097c07372ea19f544749c07c9b1e,4122692,4.122692
0x7df3f88dc8121ebacd56de8776b390d6bb92b470,4122617,4.122617
0x3890588849f20a8072fe7d2ac769e3b27cb50f60,4122533,4.122533
0x6567d6e8160aeafb50bec246de48fb32a8cced74,4121623,4.121623
0x7a96ab20bfff070ac13d6e31e936fdff910515f1,4120373,4.120373
0x7fe5e013798cefda6d3a75d030c757a5ce60fa27,4119876,4.119876
0xc546ae6019ae60df5bdea2486bcd0a43054a938d,4119024,4.119024
0x883757494b516a3246bcdcb7a69cc1dfff49a3fb,4118878,4.118878
0xecc8a74f828f6b5ec1509db1efa8919fd4b5c4ce,4118465,4.118465
0xaf0ced6416fd2d195f13de87da3145f0de868d1b,4117894,4.117894
0x7c72539e1e84fc943e99c1578342bf07441bd728,4117763,4.117763
0x7043d12c59f9a15368e9d65be28ee44ef40c307a,4117385,4.117385
0x9e51af065cb9a96e48d5e9afe5a1163a7a9bd992,4116229,4.116229
0xf27d81af8ebaeefef87a7692cceb3318cbaddb97,4116055,4.116055
0x372e89ca448947e0546d49743284c8507d22cf13,4115792,4.115792
0x2e2afafbeeaa08d6883dcdebee84a2d623a9ceee,4115666,4.115666
0x381a8a82402f5326455fd564ff90a1e1fb4cb3d3,4115640,4.115640
0xf2790e6ce96174137e96d3600257fd1b17aac64c,4115390,4.115390
0x2152bf2e953a93f7f616d7ee42ddb1da146390cf,4114915,4.114915
0x7acf89517e56612f26ee1416a1fe31fb3714f3e2,4113400,4.113400
0xc34d076170899f1b3bcd41fcee7ff09f9b027938,4112071,4.112071
0x7c5288cc13a8e3b8c14fc51d1dcda3ea6ef3fdc1,4111920,4.111920
0x429f455fa110aa5720e603c9d3337c39d93a7e7a,4111238,4.111238
0x2ee94e859683a768249f04aa41f636713707ddc9,4110824,4.110824
0xc2ea4f6294cfcd65780f19480cd55b807a07bc13,4110045,4.110045
0xbb4e5a3340f80e387eae9300dac170f1a131a0b7,4109164,4.109164
0x8d2dd7f1c465c1666316930d01b7cc46775fa457,4109164,4.109164
0xdf3e15d2335be8190ba84e25568d6341af2bc0be,4108715,4.108715
0x520e2f756d5dfbe2f204f9152414c707e6748d3b,4108168,4.108168
0x66842ad563b4881d40a5003263df36354508a5d0,4107481,4.107481
0xb25a9908175e1459f84a2365d3393ef42469b9b0,4105708,4.105708
0x77d02030490991408954fb92c02ec5e02c11978a,4105345,4.105345
0x4a2e1fb4c3e4dea6ebc0de99591de3e6cd836d36,4104845,4.104845
0x1539725431930776ec89d95fb175c47e35542471,4104597,4.104597
0x777733861bff5179065c39c536fcf04d20514e98,4104513,4.104513
0xaf03c8d7026d64870e9233980ad09d72776f4567,4103599,4.103599
0x785f721b6fdc11a490ed73c37a6c53d12080be60,4103518,4.103518
0x99b8bde5a8e17f95cbc88e1b03f57a827188126f,4100860,4.100860
0x0fee51ef42e86219441292565513d2ac3d365c6d,4100528,4.100528
0x91c79128dd8343123a464679b9be68fe2d732d45,4099782,4.099782
0x445c9da83c4211fa8829672785599dd8180ade7c,4099588,4.099588
0xda678fc69cf8b7664994ac59d4388e718200f704,4099588,4.099588
0x9e7d96f10f0b74aaa8d866000764d26feae3d682,4099588,4.099588
0x398c570b9191547dd7827eac6712c39ade4da211,4099366,4.099366
0xba932ff4531c73f8cf87b0a89cdd6a3064f5ee1c,4099366,4.099366
0x1b6c673eddb8b6cc3197b07313e9a2deae5e23e9,4099366,4.099366
0x2866599fd4302df181122cc7dfa48722dfcaf2c9,4097427,4.097427
0x45dab4d30cb3d23fa89797038d7c73a1f1601caa,4096128,4.096128
0xe5f0716459b5a88efad25358db68cc5ccd67cbae,4095628,4.095628
0xb7b1aee42eb9908cd7376f481bbafdaf1216e0ff,4095214,4.095214
0x3c277e4e83fa983c2e296873e3d833b144cec968,4091562,4.091562
0xc279cf64b606ebf147480893cdafa81d90112a98,4091228,4.091228
0x278a8453ecf2f477a5ab3cd9b0ea410b7b2c4182,4090234,4.090234
0x8111be94852af0b93d7d3864f85b731e0ce95ca1,4089401,4.089401
0x5b2aeb262cb19570768e43577198c0aec07b0356,4088903,4.088903
0x14469af0ba7b3475b86bd7253dd7a6b615a67022,4088077,4.088077
0xc32969b4e9c601a02aef0878cbf090fb8dd32cb3,4087241,4.087241
0xe489ba50a7cdc9922a4881207a06ad2c8efc02d6,4085926,4.085926
0x3ba4ee9607ab3920ea6e3fd4bd119ccc2d6b4de4,4082427,4.082427
0x852590b0d8587445e338612db023522352554068,4081702,4.081702
0xe0f5ef92791bb4c5f7f29e966b56f40ce695707c,4079850,4.079850
0x8b54f9fd3d748b141819ce90ac7b9280cd174e1a,4077858,4.077858
0x50998359dafd2fbb3022b46f3059561fb5fd77a0,4077692,4.077692
0xd64c69277d2c842c9ab17683479ac063aa35d4f5,4075869,4.075869
0x42aa7543257aed0face0bc5eb1f6657f2a234067,4075610,4.075610
0x299725ea90d45e3c56097b6d3df280578a94e7b6,4074606,4.074606
0x08b70d6b5ace31e79d11728a61d8523c9e73e577,4073509,4.073509
0x54749de96c9dbaadfc79c9fe1549275dbf06306f,4072959,4.072959
0x356e4e4e2e88a0aad40f6ac2a502631c1c8831b7,4071516,4.071516
0x54ee98ae685b4bbf942ff21967e79bb4ecad67de,4071132,4.071132
0xa74585a790432cbec555469976de0714f5132bd9,4068558,4.068558
0x9cece0ce440654a70b22e47381b83813ba123e6b,4065568,4.065568
0x9e31d2e1603bfb0b884185456bc8e06568bc5490,4065549,4.065549
0x10a88d0168233907cbe4e697957a82c0aab97977,4065375,4.065375
0xa15256032594335ffee3a9ab2cfd92ae5106d233,4061676,4.061676
0xa2d6e94c9f138be1dd71a99e95523da2c264ab62,4060836,4.060836
0xd0833bae4cc0e3ae6da1323c3719f0260ea1ec13,4060338,4.060338
0xb5fc4fcd34de867c1980a0892924e5b3208efcdb,4059955,4.059955
0x83c2a1cb673878476e28ac9d8d766ae29f9a5295,4059424,4.059424
0x35c9832d0baf4f3d16118dbd29ff08bf36ec7803,4059080,4.059080
0x0ed63aaad9f9e4aec77b06858e2ccb1afadc2d34,4058674,4.058674
0xdf595185968ff7d189904f47ba3ae41ba1d5ef68,4058344,4.058344
0x13fec67da1cc769fe7293ceeb7a5a483424d0d17,4058036,4.058036
0x7a4a37d43b99ef0cbba367c5249c80d613df61bb,4057993,4.057993
0xdedea0a7309ab3d35f9eed7ca131d8c1e3e43602,4057099,4.057099
0xfc04bef67ec8059dde47354fdf428e764d3d7d03,4056364,4.056364
0xb87c1f23f77f871e59fa0644030e69c7f24c888d,4056351,4.056351
0x2e18d896167547fd3f55583543ccc843ba8b97b7,4056102,4.056102
0xc9ebc66c1bfbbf9d30b965cc4e73c1fb6db52fdc,4054774,4.054774
0xae7bf03e0596e8493bbb15396251bd74e853e0ae,4054680,4.054680
0xf6573ae7abe4df8c4f7f7df8f1096a3d22e94a42,4054608,4.054608
0x64e43cf470f5c93c0be64d5c294d2a3295943eb8,4053445,4.053445
0xa64d386ad50e70aa94d2b694911d4b69945d70b7,4053362,4.053362
0xbfa4160c316f31d06c4459037388cf41ec7510ac,4053279,4.053279
0x416d72e2ab93aeac8a0ceb9bcc21ad9c68290f49,4053247,4.053247
0x97fb6ddc5eabb40d977eaf12c902218b25332cf2,4053113,4.053113
0x0a1cf42ed6922dbb69cb9d235084bf1e27418a21,4052864,4.052864
0x9eb5e518b342f30482c39c96eae6fe13d8b47706,4052365,4.052365
0xff6905a81ca07db929569a1da1a4d4e5f098d35d,4051906,4.051906
0x1a2a24e8ac0bd22c4f9b4fdf34bfcd30820246bc,4051213,4.051213
0xc8e6b42af33e300dba31ef7d37be53326883434d,4049209,4.049209
0xd3479ad96436304aef53de7657fefeee4f11c7f7,4046299,4.046299
0x325557b2b6a9efb97fe90c240d1b5a9cff1178fc,4045224,4.045224
0x60e52c5b9f008f30fed154a8be53ba3fb50003b7,4044974,4.044974
0xfc7afbcccbda5c0b0833b21ad457de6851101c8f,4042733,4.042733
0xb5f9d7c01cd6698dec920c9417c00c13bfba56ac,4042150,4.042150
0x8ea3b8459069635a3f72c0f7e177899530710892,4042069,4.042069
0x6bed82137efd1adc5000b313d76f3bc0b4737167,4041169,4.041169
0x64b1c04d5b0f5e6501748a7a7f913fa78a1c98a7,4040407,4.040407
0x2807c205bedc4361d913eabd02d30f4a0d64e559,4039792,4.039792
0xe7c0de8937ca02f262c9357dd7ce079c64045bf7,4039792,4.039792
0xa0cde0b04397d0cd0bd3b183cfeb5b15e791b0ad,4039246,4.039246
0x830345519b5fe5e7684c8b8774e937ac8f377a57,4037788,4.037788
0xcdca07bc5d8e20ffa938a481448841e02ccc6370,4037752,4.037752
0x8d184a205a6170c03454288d007224a4988a8a76,4037449,4.037449
0x40889f8cf0227acc27569f5aee6b622cda714f5c,4036423,4.036423
0xd859beadaefe26857b9102430a831d6ef309ed15,4036262,4.036262
0x6d07f996d6dc38fea6a988bba4480ec123f2c15b,4035841,4.035841
0x4f43c9f389ff44ebf7f3363c76250aa2ff43feb3,4035437,4.035437
0xa0104d4572a8d2a99b207ff986938d8ee9fc6490,4035426,4.035426
0x15e4ba6e86572da54103646cf147e8912c93715c,4033121,4.033121
0xafcdd036926f9d99169b7dec908c17ed609a9ae4,4033108,4.033108
0x5207ce072977e7b9edfa9461228aa651b45f04b8,4033016,4.033016
0xc688dfafdbdbe7971bda658279f9815b97afdb89,4032573,4.032573
0x24291056947cf631c88dbd617dfbd24cc35d229f,4032354,4.032354
0x736a59484922db44e04f7dab52d38c51ae73eed2,4027869,4.027869
0xd2ccde0bbab599cc4fc545104f0297d0f657f82a,4027786,4.027786
0x8495839993851e772887791fc5d274ec990bf7af,4026813,4.026813
0x7abbd9163f5dbac7d948068e096d0493ff07b1ab,4023883,4.023883
0x8a8ca95203b972e965d714de4ea368eaade30c2a,4023468,4.023468
0xfd346520e8f57a0467ba550322024e2767aafc66,4022302,4.022302
0x12f0f1bf8f2ae89f1076f7ead61a0cdced0841ec,4021640,4.021640
0xfcc4e72bca39d771835a11d771863e9e8600c83d,4021640,4.021640
0x71a1726d671a5d9bcb29f7913794667c600f9e7c,4021058,4.021058
0xb21cf61c3cb30d0f884eadc3d81cd7d8722fd820,4020683,4.020683
0x0ca183df86b547615d39b02ffc5af4078ad86b92,4020514,4.020514
0x2150add241f3b4c5fc4afe12368383db21ff5bec,4020052,4.020052
0x5733952ee025fe14cf620c0b7b7a5eb06bb2f6a5,4018733,4.018733
0xfb79a5f3357215b7b1daab24fe4772dc033625b4,4017322,4.017322
0x9ae130414bb8d365dc38d7e3eaa3eccba8c4278b,4016189,4.016189
0xfec8cf697bdb560cc2f09a0f37058190f8e56f1a,4015745,4.015745
0x2c42478119289cc228c8e869b01ad9fac838bcb3,4014748,4.014748
0x6426bbb2f37020f4a4541c9c9c61ddf98fbdaa70,4012691,4.012691
0xab7fe6f6a2ac573192a43e596100e0f804d95085,4012649,4.012649
0xa88cac6d901770a733fb6d66b67403ddb24d663c,4012649,4.012649
0xd1f2dc90a9fc1fe027743e4c388aed790bce51c3,4012649,4.012649
0x6064cca048b68a0dbdf81660ea01af4e1f9bcca4,4012610,4.012610
0x22ae2fdc292e15f2e7ac31850d1e2f60fbda07a1,4010765,4.010765
0x4d8e3bf5bbdb5d3756cc58dcea1f02acd8e5ba81,4010148,4.010148
0x41399f948128374602c9d06ecdbdc35572c37ca0,4009148,4.009148
0xa5da24bf73cf3fe56120dad62d25258a65509b4f,4003316,4.003316
0x8a53071b039a2b1b13f0c282c941880d0109d5e3,4002431,4.002431
0x7f3817accb1489f6c8eeb48f5b5b00dadaae09e7,3997273,3.997273
0x1ef5bc5712c40df3353cab1566354e0adca6a20e,3995721,3.995721
0x55ac9a237d8156b8f87f16c55f909de4b5d20508,3990282,3.990282
0xf0bc7bd443fc984f0e63f07b912c3884e6ccd0a7,3988949,3.988949
0xce5bad47f9c47184a70299933bc017bad27e2bc7,3983492,3.983492
0x078d241dbe88c96d02e69cee7e13be12b3612205,3979996,3.979996
0x65d33f43acd24ecb49361eaee7fdd27ecdf193d4,3979996,3.979996
0x22b1726b3336bdcc01ab7caffb7fda662d0da002,3979996,3.979996
0x8b3f2c54b6b76cc67a866b3aee5f295c2d9bbd0a,3979847,3.979847
0xaa352b759ea1c6494fc3ea24cdd2f0e517b6aa00,3978206,3.978206
0x489dee5055c36fa804ab75d9b28e39bf2a76b793,3977380,3.977380
0xc466fc172fbcc4826db7e2b58abd4683995bd164,3976011,3.976011
0x98de69fc87790bf9679e5b781a03e6821f3d2f75,3974127,3.974127
0x9a8c83a5996a6a43527f9dca945a30123918b0d0,3972749,3.972749
0x30b1d2f532fbe2df45a93a275f7ca5c3f88a29d4,3971578,3.971578
0x703518c0b200f99feca73743693b96f3f2d02e90,3969239,3.969239
0xb76430ec043a3a1b735e558ea868abff94b7b0f2,3966579,3.966579
0x58547d78c1e52b844219b7fc52dc745a27d0a373,3960969,3.960969
0x8f05d4dd922bf84b6df9a904f0c733b302139aac,3960744,3.960744
0xd31ddb316910e47eec195ac016cabbcbd636be40,3958691,3.958691
0xe12448142222378cda358e923a4ee6e995036cef,3957667,3.957667
0x96fca82bb2ce4c5a700a14581412366cc05dd6fa,3956700,3.956700
0xde438a305fa86fcbac945367fc4402406542172f,3956088,3.956088
0x28017d81dcc9234153648469d2ee1af8ffb7757f,3954106,3.954106
0xd78f80907d649543d605fd9a51841ff7a75ebb43,3949956,3.949956
0xf3e74df9af092d5f8a807a04c2adf7d8b0413f57,3948867,3.948867
0xdf6cac3399b1d374a803735f34a33e28d98acbc1,3948145,3.948145
0xe4efeea52369d9bc4010811d76688682ca61175a,3943464,3.943464
0x500faf5a49ae5085482d156fe7970578114c7d0b,3943207,3.943207
0x5b9bbcbcd29e0448d6b2ed64acdc96550b0f9899,3941339,3.941339
0xb9afffcb8b000e6fd158176fc0811d21bf2d2e1e,3940769,3.940769
0x56e7d81e1124d7e7e1f1459efd720b491ba80da3,3940769,3.940769
0x579e9035bf45a94c9ee79fa3f12eca91ce6717b9,3940769,3.940769
0x440a4a7e7073d2a560d676c8a1c7f88a9fc18c5b,3940769,3.940769
0x9fbc318fb93821b36de5b0344ba1e522a5d5d7ba,3938027,3.938027
0x5f432ec7567b8ee14841f1662bc6cc52c39fcfdc,3937093,3.937093
0x62e2cd0d0b44d54ee57bf6db16591e65c56e3a7b,3932091,3.932091
0x0298ea8ad843849f4a6260a9d1ef3fde5c5192d8,3931933,3.931933
0x90f6e685158ccf5195ac81552d2b23f14bff1fd6,3930106,3.930106
0x63978663d2c24a1066fb54c43d6003ba2bd47ba3,3926257,3.926257
0x708650a626335292e1f9752202c855836cd08d6d,3924762,3.924762
0x4325e67dae83fa479a0345566c0e2983d7034f4c,3920348,3.920348
0x944b08e75514f81755f8e0b7cbab86f046b2b55a,3916859,3.916859
0xbc340c2177f3d11dc56424f8130a09b3a0ac4abf,3915873,3.915873
0xf6a7404dc3efd58fe1f3a49eb5e385d848c8d91e,3914550,3.914550
0xaab0496f2a20c34f3cee7570e9c6e8b852c455f7,3912039,3.912039
0x9f4ab09f3dc36411372e8327bc925f7c527d41fe,3910142,3.910142
0xbcfc3075f14d5cd0224af8835e8cee013fd77f78,3907158,3.907158
0x69ad2c6b4393a7a118d9172d5363050fbe97986c,3906869,3.906869
0xc75ea8559b95797153851ade087cca353a450914,3906869,3.906869
0xa6f1f0d5fd5ef0ae7ad4a685d384ae12e1ee5d7e,3906831,3.906831
0xe6f4613433264fd7cf0a408619b3144ad83dea0c,3904759,3.904759
0x236fbe7a6dfb5c4e38b0adf4a87ff52b0fd82047,3902629,3.902629
0xb66b291642af4704f4f3c769c03ccda2d0c7d95b,3902473,3.902473
0x52432473144056fe91aeae9240ad21e6b8213440,3901638,3.901638
0xa2cb34d5d167579132726d8922a7df5a044a73de,3895392,3.895392
0xa92999a61bef284823ac0ac5009b978a50f7c3bc,3892569,3.892569
0xc7dc2eebca9bc10af7fbe88195ffcbd3db45479d,3890002,3.890002
0x6db682fd2d13364ba467ef25df2ed429f3d8309c,3887823,3.887823
0x87f912894dfa765552c320a9b026653936b2e4b5,3887399,3.887399
0x75ed9e28559acef88a3a384f39aaf7ec04fc9822,3886627,3.886627
0xbc6770e11697ac8e3a210f0292e4698910bfa21b,3886627,3.886627
0xfb0672f48f9b518ca188a3a44b011ed3b7e7aee3,3886627,3.886627
0xa49fcab78c150d9bd1148b5154a542be1ce83254,3877938,3.877938
0xed477210615bc97dbca929fa44a130c6b0275d0b,3877826,3.877826
0x0e3a7bbeb38b8095fd308180d55b2d9756da6f89,3875128,3.875128
0x143a44dd0053dd9f9b746b3820844345d2b9997c,3874510,3.874510
0x8e07334a80b97b67c787b66667e50f9f630d2317,3863718,3.863718
0xc23153a767d0f20983e5194045a949e968597a54,3859789,3.859789
0x57c8f06ef727d01ead84327d385514cf9dbc2a1d,3857272,3.857272
0xf6d5553204c3ea75adf0f5dfc4ac2e92e88c2243,3854357,3.854357
0xc2ea63654c1ed3c7ca859127598187ae370e218c,3848905,3.848905
0xcb5edf43cd64dc881a9a77f4936d3a0fe49ffedd,3848330,3.848330
0xa601e8484dfee14479922b1291bf06cfb3d0fff0,3841948,3.841948
0x34acf0bbdc38a1655a6ab07b7f1062faffffd527,3840751,3.840751
0x5d49bd7f71c6a8f77a9706d4bd149784c11f1b07,3836598,3.836598
0x5ae899713d0a696f85b43bd90473b5268f0c1b30,3836379,3.836379
0x31b48d410003ab480bd66398f6e0712c55e11587,3833967,3.833967
0xd5e72bba00a9dfdc5e763445ac5b39abee425669,3833085,3.833085
0x4670d5d858b2e731d88a7883d41ba4171dc901a9,3832277,3.832277
0x1574edf87a4ab47a23f7d2e551664719fff9824d,3829910,3.829910
0x557f412c8bcba9b2cde6d5e782c66fad634384fb,3828307,3.828307
0x2d408ff2a9fbb689dae38d307884a6cf559cd3d4,3824797,3.824797
0xfaa2250a41c9e19dcc7a77a14a8793602910ae01,3821811,3.821811
0xae3a03aa2d11bcd194dbcebbca63a731affcb6e2,3821232,3.821232
0x7536efec28f28df15956689dbbc954bac7fbf35d,3817908,3.817908
0x1b495621508637f410c6ab614529473e0d4226a6,3816844,3.816844
0xec78c49b69bab6d6c9667317d3f1da7d57f72f50,3816300,3.816300
0x395e7a6b702aeb825fe042a0014ec7b83e38776a,3815789,3.815789
0xafa0e58e1bc1401ac9a0f2662e0f838e54dbdb7a,3815012,3.815012
0x3066d0225d038ae82041620c98a186f881698566,3811575,3.811575
0x1586660e40749e7d785174ff67b30b107c3410c2,3810961,3.810961
0x2566c97398107f24048fc365dde4b9e0a0b19327,3809768,3.809768
0x3f18b8b7ea6a6f6715de3b75434d45051b495b44,3807711,3.807711
0x144a9ec70061203c5edfb4a4c1002e688063576d,3807204,3.807204
0xafcb37cf04d5859da78270c1708a2052c5aeb5d5,3805945,3.805945
0xa8f4960cc0f77bf324bc03e8cd1712610619ccc5,3804521,3.804521
0x2016dedc02912be50dbed8e8093d1e3ff528bf54,3803611,3.803611
0x30380fda63e604dc682866897bf05c06722f39e3,3798343,3.798343
0xb97a62d000efb969c531f9a28a9819deb8605ede,3797924,3.797924
0xacd05bf726c27da196366bd84bb9fc84b5e44a5d,3794069,3.794069
0x6608ab432ab697ea1506a9d31bf9c2f88739c4da,3792086,3.792086
0x5aab82331282590429e8ddc620f916b06878970b,3790065,3.790065
0x68e03802f69a1d69dd0b1e5b68ba05d8f586e2ce,3790033,3.790033
0xdb400db6152ce93c662a0b050eeba27ceecfac10,3790033,3.790033
0xd8bd59549a0b741934e157ec299b65463b3b944f,3784708,3.784708
0x8cb5e212e6a3b70229ac1edb56fe5e6db199dde4,3784553,3.784553
0xcc6b154fc804c3b2d38ded27c6ec4991da2ecb14,3782854,3.782854
0x48b6755c9d46d2df39fc7218e357314e200cfd6b,3779670,3.779670
0x832d2bb4da81de2d79e21e7e67adc7cdbafdaa8e,3779644,3.779644
0x52b0627fabb1126d73887e424d77932f61096307,3778411,3.778411
0xf318226bda48e96051e9beb19ce64872ba660dca,3778175,3.778175
0xab561e75acf6a4626f3bbc689dafb41d74901f84,3778152,3.778152
0xaa9bf79512443f8c691719b27e8f755625d46d13,3776894,3.776894
0x29c7a1e7da7256fd389b3b89afa2e5fb88cdfcfe,3775000,3.775000
0xd3bbf61fab71b616f084b03747fb3c40ccf885f6,3773463,3.773463
0xee219649df63a76501b986d13f6884d019b2204e,3771766,3.771766
0xe98c760735c39ad36c6b2c5c57dd0cbb3bfebfb9,3770662,3.770662
0x74fc2d23c2243cfa55ddf02ec2ce53176bfac782,3770517,3.770517
0x6a45ec1bc245a0f497ea11ba19ffab063963a602,3769442,3.769442
0xc75ad9f1b13c964d6bf9396cf78e6165f79cf947,3767189,3.767189
0x4a118ed231eac5726121efc35c52e7417b240b19,3766095,3.766095
0x237acfe49a141350a6a534250287ee76ed2a3b67,3765046,3.765046
0x844fa4379f3c92f79b32f92574ed3694c2b7b49c,3763943,3.763943
0xfeeb64a9bb1c5beb57d6e17726c3c8faaece5c2a,3763378,3.763378
0x54ea4408ada255ffbc062044708c1666df084041,3762269,3.762269
0x1a51bcbc8d3642680d8267550f54e6e4cc5c4984,3762249,3.762249
0x5ba7368e47ea6d70a0d5d5aa9ecb4845c645b15f,3761558,3.761558
0xab9ba39ba828b9de4df133c1ab7aec872288f7eb,3760082,3.760082
0xc802072697cc2b0993208a95ffe2e7c72b44399a,3759451,3.759451
0x4b5a40370cb8f56621b66e5097fc79a3f44b914a,3758684,3.758684
0x34868ed83815aaa53cd1f85032beaee678a9e8de,3758151,3.758151
0x2d121817d801d65fc9c877a9ea871a4d7efabe51,3755547,3.755547
0x1e4b6ce67b05a4a62569fc4c0d2502f5c75274f2,3754791,3.754791
0x083a6763d2ae5d4938c8dbba767dbfea6135c4f5,3753190,3.753190
0xc5776e5a889ca498da5b6adeedc433e7969b2813,3743326,3.743326
0x7eb9345a5253a8e070e4a137ec8460592e778018,3742477,3.742477
0x336e828f4e90d69a0d0eab73d4298497b6ce7e63,3739026,3.739026
0xfa1bacc6441affca34f8b8b69bf54f4ea68a380c,3737649,3.737649
0xfd9b482ee7256732a003e7c6747c53d832101f26,3734270,3.734270
0x5a323e5865a12a933c288b1fd59dfe40bef2d97f,3730415,3.730415
0x13bdf36d6982e6e9eb73b1aca0ff16f5bb1f17dc,3730046,3.730046
0x04c6f47b718957d60c6cc0ff9f93df9ac6e3ef6c,3729326,3.729326
0xdb614644aef03def21e5f0607d2e801f7d5eb9d2,3728359,3.728359
0x1e342d8cd201ce9d9c14f3a015c8dae0f41e40fa,3721260,3.721260
0xaabd5fbcb8ad62d4fbbb02a2e9769a9f2ee7e883,3720236,3.720236
0x56eb8314175f38141618d112cb8eaa2efcc39044,3705725,3.705725
0x9f0c7b4f36f706c31b2f81d7114c3bb26ef704a3,3701914,3.701914
0x8862386c7eb8f9819f04b8bcf022d356aee41bfd,3701467,3.701467
0xbeb8acde724d565fe637353e120fcb5ab8859f3b,3696291,3.696291
0x13ccc2153f47ee8e4936e655adb754c2806d2af1,3695030,3.695030
0x7685bbdddb7c52d83848247d78404d74346c4e73,3694461,3.694461
0x8ea6a9ecbd56dcc4315846cafc6b9c66bb8c815b,3693787,3.693787
0x55d309143fb337383c5ebd8c5a08da33791af464,3692846,3.692846
0xad2edc8727e2011c097c65cab0f2dbb78ffb9537,3692121,3.692121
0x82b71c0e5bbc1eed66c92af7619cdaef2a2f6a0c,3691609,3.691609
0xeb5fa860324b6ee2863f96c318b2acde30baf444,3691571,3.691571
0x11ada4871303499c6b537a18db51b2fedd5c9a84,3691329,3.691329
0x23ace930546558720ee45134697127dddfc59e43,3691211,3.691211
0xfc0c7beacd53cb9ddc48c00140c0cc4fbc07f61c,3689241,3.689241
0xa71b7c868de1f1898559dae13ee71bef1ea43962,3688275,3.688275
0x171ebf6dd250eab66c2a1cc6661cb0733820382e,3686441,3.686441
0xd1d960c995cbd376f2feaa41bb8c221496afcd56,3683523,3.683523
0x76b2e03c667a7840c96879ebbd5c345face14403,3679818,3.679818
0xfd37a5792db7cf6694c3b27528acda97959fde66,3675373,3.675373
0x30787c37f869534cf635bc44d2b1ceb4db3445be,3669888,3.669888
0xa6f95ffa23ca53d33390f3ad6d1da06f8a456ccf,3669635,3.669635
0x03ba272d947e06b92a8ed168a1727cc3a21efa0c,3665154,3.665154
0x6193cec5c774ba174f94d158386c5663328e2ded,3660996,3.660996
0x1989fd35683704034e1bb59376ef9eed9540da24,3658529,3.658529
0xa80209b06d7f4c0028b3a3aae4011357b7eaf752,3656664,3.656664
0xe0ef4eb7269eb1b05de8e5b83e5dc88d3bc50e2f,3655481,3.655481
0x6e5c026be9eed261b90f46903db438bad3cb2439,3653059,3.653059
0xda2415150c5fb1c2373f3cd2ad8f6dbe18f56b64,3647721,3.647721
0x91a332f12e51a5ab2b343c6587189969b533f55d,3645180,3.645180
0x0ad50c58d425a264105d826f65e9db156bd864bb,3643626,3.643626
0x19af9a019e67ca5f6d2608b24ec8cf9e095af3c4,3642622,3.642622
0x7b16889f255adbe4b15fdb9637318cddccc49aba,3642497,3.642497
0xaac42a5d9febeecac2744fd235fabd59b9a31927,3641326,3.641326
0x6482a70aad765660b84ad32805f83a0fdb959eca,3640085,3.640085
0x154a346da5afefd91074cb3f0b0ca9c3614c0814,3638745,3.638745
0x29802d502273dd188ce84ade49cf6d744f1251fa,3635249,3.635249
0xe55432f7b77d556c472b175c759a2ee714a1652a,3632989,3.632989
0x858bd1a7bc44b28a350228a98fa3a9c9b5c38e7b,3632189,3.632189
0x7a919539f613372973d48be5ba90950507733595,3630670,3.630670
0xfaaa50baa2af9a36f8d544962535043835659a71,3625850,3.625850
0x15ceb2acbf45a3c2549de8a055862562bd739e39,3624454,3.624454
0x80e151f1074c0d1cdca8546bee30934a4e6d1af8,3621413,3.621413
0xf42314e9dd3ff80af865b91fa93d7ac07e4258b9,3619189,3.619189
0x9305b1b709f3972970ac01df0a571986afad585c,3619001,3.619001
0x6188c0f800aae4aea3f6d1e49580e0689f8b0f8d,3617703,3.617703
0x9a8c5b9e17a32644a8bd858739957ee5c0e4442b,3616672,3.616672
0x4328e034e340aae13e9d64c9d7e1c769509cf8e8,3615460,3.615460
0xf32631e409857411f499dfad1bdc7deb34232332,3614838,3.614838
0x617324d3ca4bde529f464e15a7d0be31667ff34a,3608326,3.608326
0x3e00aee52066ee270f8badf0b5bb41993f057321,3608303,3.608303
0x68b9e08ffac4ac97206c175cb48a1762c93bbbc8,3608020,3.608020
0xbd6a759d8ead695ec18266ae98bdadf0f7d0d83e,3605468,3.605468
0x3e7505f558dc1fd682aea1d0a4eaf81bec122975,3604977,3.604977
0x7cd17c231f4d8067eb9bdd2eb59ddae77a68eea4,3602965,3.602965
0x55b61dc81a1baea734b075934a509d3ebc1c9576,3602718,3.602718
0xbdcfe9237ba009e79a1ae79388c59ea09a3ea1c6,3601734,3.601734
0xbeb72b567a4fe8f7419ce7a42fc0cfad315f2d22,3601025,3.601025
0x45349a412dee632eda4277e535020e7643d58d93,3597816,3.597816
0x56b6ae8609ef719478e84c7605ae9604816d699e,3597773,3.597773
0x00fad8a0306f26f91ce9cb6543139736034c2136,3594584,3.594584
0xd1ec11ebd2ce4cebc6158cac36fb70dbb393d249,3593865,3.593865
0x51cdd9ea4cef5018e63692b85c4012f485964b0c,3593698,3.593698
0x87430f80f12ce92eaadd51d26e26da71f4dca41e,3593333,3.593333
0x973173f450a681aacd71638dbfb77ffa37d2ee99,3591111,3.591111
0xa3307a33bfadb991e9fc4508495f627d37adb98d,3586856,3.586856
0x64864c9802096285154b78804f16fcfa3845706f,3584235,3.584235
0x05851d119088f27e800d3be32e61d2cc6294cbb2,3582809,3.582809
0x065849cdb1bc2c19ba465e527d73eaf68aa21670,3581275,3.581275
0x67f784e6e3638c2cfcf87f464737655f7d5f65b3,3580193,3.580193
0xef1a36506cc85ba8e197f0580437c382aaf305a3,3577756,3.577756
0x9a87e3a6cf8c7937521329bbada96c8c4a986b3a,3575773,3.575773
0x47af42d4e33d3a3802b1afde21c2b3f2f7b0a3bf,3575528,3.575528
0x212cdb41185426a761ce4acf706e47548f34ba3b,3569037,3.569037
0x9fd21d13a5f712d57803b43818e8b4f3b7dbcddf,3568805,3.568805
0x2d5146474ebbd99f85e43bdcc551c0e3c4cda6f3,3568196,3.568196
0x1ed149f36abd45598beb45d6ed05db36a9b408ae,3566647,3.566647
0x91b91584c455bfeadf78cb695b86dce187137fb6,3564284,3.564284
0xfa9497a4e78bf352808bb12352f4b2614a13380e,3563348,3.563348
0xefc741a6bc6f1383fb1f526df36a2745c586e939,3563070,3.563070
0x297068c4406b780799e9ff08ac7f7f0194561782,3560311,3.560311
0x39c661d4c266f2ac99e70e13e84817a58e06b9cd,3557036,3.557036
0xecfecf375160d2e3d1ab27a31a161d955c7650cb,3555786,3.555786
0x07d7d3badcb55dcb5f5d4c77b0513b9ec73507f8,3554965,3.554965
0xe01de0d103ef8a3bad49573351cbdcc8aef13509,3553271,3.553271
0x5dba0242fcfe5f190e17b7358a4908318eb8f463,3553235,3.553235
0x293f6822ae1558b306c3225ccb1423cafc1b5e1c,3552450,3.552450
0x5c9f7a3d1bf6d515a316b6c926ca369a35cfea71,3551399,3.551399
0xaf1af8eb65e247c5426b3e33ded45e128e05680f,3549083,3.549083
0x8752e36db15568405b40d61ae5f583df80f434bf,3549083,3.549083
0x141d43a008ecb5132ae43dfde85305abad00513a,3548343,3.548343
0xace1ff51424cc4f3f252da117615488d5ae91fea,3545366,3.545366
0x7786eb1220bf6c1101f0793356e5f520256d7fcc,3543952,3.543952
0xc489bf388468e7e092c71c3ad44c889400ebe032,3543836,3.543836
0x70d7113d1c48d011c74a9bc54df2d97d91c7d05b,3543047,3.543047
0x4c735538fff14605a9eccc1c31136542a3d3e73a,3542381,3.542381
0xd822afc905cea78079270cc267275b267dfe4209,3540101,3.540101
0x5587137ae64cc26a37443bbc7a0f7f0e04ff17b9,3534924,3.534924
0x030a6ec4af9f60d6b1510ecbd230648bc56f52ce,3534043,3.534043
0x2c0d00da4cc0df7303baf92447a04d76171a9383,3530723,3.530723
0x61a1336d0498951e8594dbfcfb4877d7a842fc50,3529783,3.529783
0xdf743b9b582e10f02489e0fbed6fd9cef191d736,3527028,3.527028
0x32f32efc7df6274d545c01042448373b6964dd67,3522774,3.522774
0x05d41274057a0ed09e4b65f8ba8fe3d452932925,3517547,3.517547
0x72c53e2496414345608fe066ef586ba0898bfbbc,3515208,3.515208
0x8404837121422213169da62225d7de53d085206e,3512585,3.512585
0x44d7000fe2c7d87a21a53daf7c54bf8fe663eb03,3512249,3.512249
0xe86b9a980c06b3829614d5569046cf5d78b055c3,3509966,3.509966
0xf270ff01b896a5c7be06a17ada9a6ba1e130974a,3509817,3.509817
0x1317c62f99bde9bf41dcc0381b5cad04cdd50bf2,3507504,3.507504
0x0be74e970b209ce27ee1c5d1924d3d422287088f,3507361,3.507361
0x70a7b13dd68ce278293f9c4d6d810208abbdb2b9,3507283,3.507283
0x035c848247df9ac50d607c9442ba4d7bd3e71efe,3506085,3.506085
0x66da1353e98a06bde77ec967ba088438f5f391d5,3505882,3.505882
0x7cbfe5c2219bac8f00b3a4d6220cea26e4f8e14d,3505840,3.505840
0x2c14fb58010eed04db180e2b02692f6a87fd42c8,3503581,3.503581
0x8cd385c500170b3e8e5c99b92b14ccb9d53201ec,3501925,3.501925
0xba0be22a3e7bd3952275ccd47b4a2d7c3b529572,3501925,3.501925
0x7281fa71cace1d57c8377586672bff7eaa60d51f,3501925,3.501925
0xb0ac277a91cee5f134a260579ebee0faa8fb9c52,3501109,3.501109
0xc5513876b9351f8709bfe0a33b3eda4aae927b38,3499606,3.499606
0x3b86bfcbff200b32aa5178a5a4ece0696b190610,3499259,3.499259
0x47bb35336f5d31f96de79e71b500dad936d9a484,3491588,3.491588
0x6623cff5d8aab89b606db8a85092d30282feab02,3482383,3.482383
0xe5d1dac1572e843b0151b0abee01a8c88015508a,3478554,3.478554
0xe1a0ff410bb6a275d6149c05a3a4e486c4fee2ed,3478288,3.478288
0x9f88ce4eb5fbbdca7d911fa75c6f8fbd95d2bbbc,3476825,3.476825
0x2146fa841f0c1076c064e14c05ffff6e7ba41865,3474805,3.474805
0xb4aece4002887b832a921e1f360a024dfbb1c443,3474461,3.474461
0x706fea1f30b021d062a1cf69df70eb5fbd01b987,3471438,3.471438
0x14903764d8699da79e185348aafb8889a91759ae,3471187,3.471187
0x3e67cb70fce2ebb7f36665f0d15373e63c75e646,3469946,3.469946
0x1a16fbdcf99aea472f4d6cab71f606433790f6a0,3466748,3.466748
0x4c86b7667c1236d7ae939e0fd3478c68fdf18784,3466748,3.466748
0x5652c847349b05b4228725b1833ba3ec475f762a,3466748,3.466748
0xc923dd451dfb1fc6a4608982c6c077414da06a4d,3466376,3.466376
0xde34914f0a61ddc973eb8acd2c43ffa246353d12,3465080,3.465080
0x881963480d0c939f5aeb2a384e861f895047f9e2,3463681,3.463681
0xcd57f900515b856d3a069c74c10e63fcad1b4b48,3463406,3.463406
0x08b16c8f4936f7448baffc92aded5094eab5d88f,3459594,3.459594
0x75d43c060d085a5fe85ede52a4572ddcae7dfd10,3458103,3.458103
0xdbd2d63cd834a4ec106edd274beaba7bbfdf9598,3456424,3.456424
0xeec55bbf80700d9c726f08883fc7d66df2a880b6,3455421,3.455421
0x689ce6a8cf8319ba7cb99cd9091e05da81557dc0,3455383,3.455383
0xe5d55b08d9f0a6cc14df5e81b4ec9d6e2afe9f45,3455383,3.455383
0x5d5d2944df030e06de3c3a1319d55666d823760e,3453382,3.453382
0x5061a0f3f3f44d213a85385162500904e4632751,3449696,3.449696
0x53079ca29e016c248a03f138e41777c7b3ecd4a4,3447453,3.447453
0xeec3f9cc3ea12117c28788b74513be7e1ce8217c,3446844,3.446844
0x6a790eb9393b97dd841fc70f1aaf63d40fa5602b,3445867,3.445867
0xa797e937a1cc374bac1de3459454cb2729f76d6b,3443740,3.443740
0xd253b2d95aa793d99b92895f2e6b4dbad889cf0d,3442918,3.442918
0x391a76a919d10c3109c112d9d18630e8a349df9f,3438563,3.438563
0x59b8cbc4b829603b6c94efdb13975edce59b0e2f,3432609,3.432609
0x50a259a4ac82ff596ac929bbe120846677f04384,3431577,3.431577
0x6580017f8f5d5733ab9ba1f87fb25d98d8203bba,3431577,3.431577
0x0f08f913e6653dbd7b5dc271cdb2b2df3bd90a76,3431577,3.431577
0xa24b8e493ec3388d241f15eab66086bbae0cd89e,3430869,3.430869
0x21c9614f449bc1002d5c96d7f7a95c3d7242f763,3430302,3.430302
0x565f2c7dfa79f0f2d28ecb1e66785a5e83f0207a,3428366,3.428366
0x7829bbe81fdc3351e852fae8efeda51650ab3147,3426895,3.426895
0x48c6228c837dd9953684cbe1ef1691c5cc6fe68a,3426091,3.426091
0xfef47ca3ac8f3f1ad1f51ace73862792ab95d01a,3424321,3.424321
0x4e7e43067c1d896361618190d21b64f3665e5111,3422869,3.422869
0xc0eb14d90471bd287b5f1b527b931039bf35e498,3422815,3.422815
0x4b57a12759795840c414dcd525d1bf3adf8f0c8c,3422582,3.422582
0x7ea726de86fd2e60480902c6d31efcbb0f9b6da8,3422108,3.422108
0x3bbe472f17b20b65c6b93d9d2ce394ef98e85312,3420784,3.420784
0x41e2eea8b6d6cb2d9e0dae55e66fa3a1ab7e2db3,3417711,3.417711
0x8dc6439168f5c20772b5d27db9aa4ae65e3fee24,3417334,3.417334
0x0341739d573e4269eb4ace5f83e637227e783270,3414467,3.414467
0x38dd8af98907064f1eea0540b3ab4da56db28497,3411745,3.411745
0x5857b3520b3e2ec93fcd1fba9db53116ed4223a7,3410915,3.410915
0xdac98a13cbda345d1c918ed360609ba2e2e79e70,3409171,3.409171
0xe57570085e73e53bf5df5ff817c67d20939d396f,3408444,3.408444
0xef2c5cfbab1103227f70f715e94ec89031f839ed,3405284,3.405284
0x71565f4605f8e881d9686097d668b8a91c17b4e7,3403172,3.403172
0x779819a9a470ed7fb46392239e842e7820d014bb,3402317,3.402317
0xa7c5c691dda0edfa51290a7aec8de8823ebd694b,3401820,3.401820
0x3d44e69f104e5c65c1a57f722053ee59e4092bbf,3401562,3.401562
0x337486713564b15448af003c8307c1f5457202d5,3401357,3.401357
0x3e546f589c4550a7a17d74270d5910e6b3fa6ea7,3400916,3.400916
0xee4ee969fedde356f059076f1dfa262e96c7234d,3400460,3.400460
0xc957d6c2c272acab833cfab7ad54f349510e3a26,3397715,3.397715
0xef42113cd8cb773f55809b4c4dd78f1903e50a2d,3396401,3.396401
0x1ca2968b2bce16baf4da01b0aa21b1892db33592,3392495,3.392495
0xaa2db956cd7d0698973d078cf5ef23685d8da72b,3391877,3.391877
0xf641145f264329a3c44e0606656dcabcfcdbee03,3388546,3.388546
0x5fba0e2d890176172c1ff7fe7f7467a44c00d9a5,3386699,3.386699
0x99c1ee0eef7c26fd65b005b93bfb65ee8d414a99,3382031,3.382031
0xa74425a31bc6e9b09ab168b1ff153b9366068553,3379388,3.379388
0x5825b1250486834c96a03ac71c8e6b7dfeb72e4b,3378179,3.378179
0x36ab3c6d200c068076a56252b2b3f731112da862,3376888,3.376888
0xc11f90a8cb30c3a61857e45cee2f0f7277feb424,3371945,3.371945
0xb99bd7ead2d2b7f8a7b556fe1097aa6fb7296190,3371142,3.371142
0xd29f97e32cdd04c3af3c0e01fa313c3b9fdf5ceb,3370923,3.370923
0xc9f5230de9d0de0d69649153593b1743649b7383,3367380,3.367380
0x418ee3eeaaaf5a5a73ed1e95c22cc6c0709f0cbf,3367352,3.367352
0x1454a3be2322b60b813713e11af36bbaf4cfeea7,3366500,3.366500
0x817fc75cd1ea320114ce1cbf46155b741fab27b9,3363278,3.363278
0x21bf63c0418d4f1d13f884c50498b2259b321b43,3362616,3.362616
0x720bf57f67b6b00b97cbd9d967a0af2427352435,3362496,3.362496
0x84e01b0e1bd5716aa592762e95b9f5ae0f40f3c1,3361227,3.361227
0xc3db09cd17f9c442afdd164c11608650362b21c4,3355854,3.355854
0x710dcdb43a8d695cdcfeb5bd66ebba6fbdba50a8,3354123,3.354123
0x1b729547337c041e0032384c659edba8599e0cb4,3351681,3.351681
0x3391f542e7dd79a8cad5e5ef9c7cbbae4023dab8,3346530,3.346530
0x9a020c7069e325f2672896f653711a6106a336f4,3346110,3.346110
0xd9b99e6622054891dd7a8fbc9b8c8ec1fbb50017,3345333,3.345333
0x8855c4916f11a31e493ea5c032f48d1a490206de,3344626,3.344626
0x3117d93d07770930f091efd7afb378780cf4322d,3343004,3.343004
0x18107140105fbdf1e31465119336f44ac17dfea5,3342580,3.342580
0x2ed562bf4e0fd8d23d169714ffa568cd1a91bf73,3339782,3.339782
0x8d28b6d855378bd6254bb86f0cc07a76e6848487,3338696,3.338696
0x857b5e6948cb93863546f6932190366df2b8eb1c,3336961,3.336961
0x1e572678738674481de656233e8456bbc4b3b0ab,3335779,3.335779
0xdc1e55ec649e019b52e6032b273e0d82121e4222,3335665,3.335665
0xc29ec9eac9a332ec9137aa44cca3975098085f8f,3334725,3.334725
0x120a94949b627db6891c937d5f21a14f5d3b24c3,3333919,3.333919
0xfe95b7a015af9dd500e9107104f33c94529032ff,3327881,3.327881
0xd4ef1aa497a13118d3874b65472d3f7f613f0fc9,3327219,3.327219
0xfc7831f6ebdefe750b28bc65a4b382b9c45e4363,3326052,3.326052
0xfb8cbbe182a98569d6f5cb4dda7f8093f2f36476,3323162,3.323162
0xc95db221ca3b8fa8f4247708b3ff545388412964,3321542,3.321542
0x3ed364cdc2c4a32391a6c127fd7ae4721206d4cf,3320240,3.320240
0x595feb58e3b91c0b992f7c17fc4bb5bdd762de82,3315466,3.315466
0x9dc2d8ac2056d907353eb579b9adac576ea54800,3315466,3.315466
0x3ea4ea76efbc4da7207635b3705654ba8d674a62,3313842,3.313842
0xd190f4b5e8fddb1de71e4ea903ed28aaaf10d919,3312920,3.312920
0xbbdb0bdc9751c111753b325ef5bdc75fb4149514,3310070,3.310070
0x0bdf8501d2053233a0f04e366bec6b72bc746e27,3309361,3.309361
0x38ce3c82d0ba49fa89a2f50cc7845b30f196b9bf,3308733,3.308733
0x25040dcdf1fb813040e22d4c1899bdbb66bb941a,3308457,3.308457
0x34191fb0925f866e40fbececf5bbbfd5e5186f0d,3307292,3.307292
0x0639e840829e39ae5ce839d9121047273362db1c,3304433,3.304433
0x91708ad3c4c8c060facf2900b508e030edc26c61,3304433,3.304433
0x1f8231ef50e99d361b5252a24ec2ec44285367e1,3304104,3.304104
0x282c4fc52e3f4748eda868dbeca62a5d675de255,3303861,3.303861
0x0e7e0ce5ad864de615d40583d39af6527c08ebce,3300353,3.300353
0xa7aa7404d2472abdab37e7027cd2e148fe4f74d8,3300086,3.300086
0x360bf29aa612951f04663b47c9e209c8b8428cb7,3299922,3.299922
0x9fc27fb296edf4b8b6aa3ce42e9ba24bfa4c8d3e,3296451,3.296451
0x12f48f152cbf53657a80be044de77d71b3d8643a,3290618,3.290618
0x6d76e4da2d5abf80d5f4c4953fe59942106f5481,3289707,3.289707
0x212b1a9cd18e9ab80b5d71d444b49c9a7078665d,3287938,3.287938
0xc3253e06fa7a2e4a3cd26cb561af4af83466902d,3284597,3.284597
0xe3d190864cc6e9a20c3ca3963576dd9aa01cb987,3282400,3.282400
0xb1c41450cb8a11a7e605e8be5ca30a4c9c9231c9,3282194,3.282194
0xd6562d900af84387dd09e22a4908bce6fed3bf4b,3276320,3.276320
0x816976766437f17ea47829dee74a87aeedb0a3f8,3274821,3.274821
0x34ff128777b27b609b2df85547898d1c65886d34,3274821,3.274821
0x701fff99ac26e1d964e3fbefd62fcdc35a7163da,3272572,3.272572
0x99512e7455a57a66a902281a27181ae9d754cfc9,3264901,3.264901
0x43d13cd244aaeaeaf52d9ab91b200d0c9a17df2a,3263208,3.263208
0x942114d2222af79422d11ddb0a96ddf2997fecb9,3261008,3.261008
0x8ec2aad0fb6271db1f0d815781cdd52ad4f072ee,3259112,3.259112
0xe5745ebb9c5f0ccadc2ae92e4d3bdb57d4e1047d,3257700,3.257700
0x3c616ec740e618a0b94ab8822f060d670d62117f,3250043,3.250043
0xe7bd8466ad92c83dce8eda0ee177cfb1f8c6309e,3249696,3.249696
0xbec18cfe334c7828848e4c686417bb297f0137cb,3248489,3.248489
0x82f9d16811f00a0affb6fd0a61bf80bb5c4af786,3248392,3.248392
0xb9deec227946744c3a44f2159bb9f11ee929f1b3,3248259,3.248259
0x2acdb330a1f895dc9238f707fa4c770f2d4d9ff7,3247704,3.247704
0xa5f35c3da184f3db7d51c6bc6f3e2c745b0b6cf3,3244982,3.244982
0x62bd9efe91cc1dbf5a5ae73541819c9e1b60ccf4,3243422,3.243422
0x62fdbd98eb8b7da7a48b54bb2fafa61c225ef235,3240050,3.240050
0x420c769af76ae6a065808f1a67c9f53bbd98a455,3238489,3.238489
0x52a2da86ba42bd1ff0414b9d37cc0494e773e1f5,3237525,3.237525
0x5ffb20b715658fffa3685c1514773ecd57df9708,3231882,3.231882
0x6f2fa123f3b795f418f9c1c73ab806316b44d194,3227044,3.227044
0xa6c26951acf00f0d7466c328ea25a059bc05f1db,3224909,3.224909
0xa4de864c3e220a5efa0c4e36d2ff25864a8b1902,3224393,3.224393
0xb7ee3ec90520b34099e9b015640a97180c339772,3223380,3.223380
0x2d7b3f8db2dfad609c27356eeadd07a05928e300,3220953,3.220953
0x3a61ee0c739a94d6af9081ff5c46d239ba8923f7,3220582,3.220582
0x3a11dd5ed38908fec270f025c605c07420acd734,3218732,3.218732
0x655819ebb493ce2912d280d59b3120bedf9d89b4,3217907,3.217907
0xce64f823e105c91252daedd8f9d528450452d20c,3216289,3.216289
0x6ea53157a52bc6948046b16cd257bc6ccefcec4b,3212764,3.212764
0x9a2baa30a0cc34201f8b9b7cccb684f13eb9fd3d,3203880,3.203880
0xc309573c56a2feb6afb8dca2f34aee0ac4b44879,3202848,3.202848
0xc5b46513ea71294ba740e115f88b697c26d25c8b,3197910,3.197910
0x34f4a20d92cfbbe06ed10a3908a5086fd21f0561,3196810,3.196810
0xa97964e16e566697b7f149d6bf05bac38c8de402,3196656,3.196656
0xd9d09c4b56fe0226429ebe398636938830facb48,3195382,3.195382
0x37643b684afbfa52c83098e23d763169fd00039f,3193077,3.193077
0xe7235a6616c1d794eb24c2c774e5d92c1f309d1b,3188129,3.188129
0x62d88be6218a9e4b1cd473ecf47b226882e413ad,3187939,3.187939
0xc2f8de2c509c6d9c8430af6925481955f47df022,3187422,3.187422
0x8b14adcb8d8d7901b831f0a81bc73d3127ecf071,3185354,3.185354
0xecc85c2e526fefabbf50c7a1f00824be73c5da3a,3184204,3.184204
0x3562b3644df90145941e2932b8cc81451bbcb99c,3182619,3.182619
0x1de75eaa0812a3073d710e3006f6dd87a816f9cc,3182295,3.182295
0xda54c1f79c126a2b3960744e40bd0ac0bfd43147,3178585,3.178585
0xcd56e89b2b176bbebbb0718bb347ea2563d2067e,3177923,3.177923
0x455d8cc938049f8642e575a06a9c863bce9a6163,3177250,3.177250
0xad597d85f1f74280bcbfc7a6759a4b10b303b9e4,3176554,3.176554
0x45ac8be019cb28ddcf85cddced1fbf05115d4e56,3174235,3.174235
0xdd59f271e2c905148dac57416d3ce781f8a39342,3170915,3.170915
0x850db991f8d4f41e8f1ec8da091a24197ff62151,3168792,3.168792
0x67097609faef3f72d22477f1c9de7919d4f6178a,3165400,3.165400
0x266188a9eb1b8328b9123146402af0f4e09bfd73,3165124,3.165124
0xb6683ad5656241b200421a0aca57c6e5c1a2b3ff,3164165,3.164165
0x74c22ab1d780f518643590076d7222e309b45e9d,3160906,3.160906
0x1ccad32b6d8444ff2596354adbc8b3f6987f8343,3160906,3.160906
0x4b907410860f89571ab1a7130259d3443fa077e1,3150177,3.150177
0x1c670dc214de4819730e7305703ec8c986b8c7fc,3150177,3.150177
0x333bd1558e02e42676cede4c439448100f3b9bc9,3150177,3.150177
0x2dc2e97fbe3cd533f1ac4de558a3472a36da39d2,3148572,3.148572
0x3f833174bed8083ff9db33df9a12e52f3990c55c,3145926,3.145926
0x172d4f3514983aaaadd0c2ac16ec3ecb23abf894,3145483,3.145483
0xf719c10a6df1900e20d6cf1789793da7867e95cc,3144085,3.144085
0xb7bc22c585096773ff8d0b4476635d34e1f378d9,3144035,3.144035
0x1401198c4583a6e3e276b4a6885447cfabf73404,3141684,3.141684
0x06ce9513d694789314ea05b5fd72fec4f38237b8,3141314,3.141314
0xd434c86df0947df2d6c847f55aff772b613a51e3,3141216,3.141216
0x0947f0ce4e49f3b1725fc4c5f8e8f37e6d3050cd,3138462,3.138462
0xcaf390e4e1318b65c5947853359d5d0543aebd37,3137478,3.137478
0xa763ad4f657da5487372db1d69689fcfdf642df2,3136556,3.136556
0x9d8d7220d060fd12ca33336b7239688e366327de,3136249,3.136249
0x335383e3a03a14407ed8fb85c4fc838677332f77,3134777,3.134777
0x3a6e0b0855d1e5342ac9e0d83d30f8dc5e1b55f9,3134262,3.134262
0x2d12db57554f0dbc18247d1caedc73dfb1d93786,3133743,3.133743
0x6f1c53ecfdad9641dfa4eab8eb317dc005cd4cf1,3123501,3.123501
0xdf52d02d46584779bb03e1a845a60e381539cd23,3122986,3.122986
0xe601043c33d78eaebc8e27e0436e7a0d11efe1b0,3121414,3.121414
0x1afab6369a344178564060ec4028d0a8c32452ea,3120313,3.120313
0xfa6e1efed2fce1337c6b2c0c0e7bfaa3927e6f23,3115873,3.115873
0x28bf51f47e903925c00a03264c7e7a0576785600,3113715,3.113715
0x96540ddfad1627357a2b0fa71ed225b489170c80,3112957,3.112957
0xbfaf22d92f75161ba8f986ef0fc2b04d6df9b2e5,3112957,3.112957
0xaf4adf5965fce97170a7e6b8ccf6dc65a3ef2407,3112957,3.112957
0xbd5aa7e7b77b34edd4fa87858cdc51c4f35a2b31,3112957,3.112957
0x3a37d4f43802ed4f62f5b35f229e01fc5c8f0c75,3110881,3.110881
0x7d17323a896243acf4677b2cd6bfdf091c74d08e,3107476,3.107476
0x70756385fb8539bd1b25f628185d4160b8c8a05a,3107170,3.107170
0x21f201ceca464377b536ecaea26559f5a84f3d37,3106966,3.106966
0xc7b5b1b02977a7298db6dd3832b160d4abc0f96d,3106690,3.106690
0xbdd677d469dc4a7b7679184f71be3def6513aca3,3104303,3.104303
0x147ed8c25045b9a58f15e63efd1da8a50f08e287,3102159,3.102159
0xc53fc02d1412bda659647dd0f8807404e3eeb850,3101710,3.101710
0x4179012988445b9690c442735d92a47410046f19,3100797,3.100797
0xe49ef958115a60a59d760c565ba05cf272e9d810,3097142,3.097142
0x5cf3a73b5da6be6a3cf2d66342941a68d9c43d8e,3096360,3.096360
0x39a82e04c4f9da766bff33c4492d484ce9724e95,3096001,3.096001
0x01c076a2fb377637e36d060719dce0a64216d897,3095536,3.095536
0x760e253c6f494879fa95fabdf84a31a72f079e9c,3095536,3.095536
0x98c7a0c5ec68939d43f30488e673f59b668967ea,3092316,3.092316
0xd3da9840816653fb0f4fd7677284bdde3caf3edd,3089066,3.089066
0xbc411e75ed5b89873d737be3092f00f2bc58bfe3,3088548,3.088548
0x08fbf97089054b60092420228c9223e28533ce75,3084137,3.084137
0xfe59cafad66e0b27ebbcd91b27aadc338753e600,3083650,3.083650
0x28f335e53bde7e2546a78437d73ffdded57f0374,3079829,3.079829
0x154a5c5b7adf2c217664041b55de3f2b5dc276b0,3066727,3.066727
0x00ba01d8e19fcc210540627e079c4b8c951b2d3b,3063227,3.063227
0x77d7a9f0376a0bcb7c6cb31f7197841187a4737d,3062550,3.062550
0x0e0687444fe71d01d5f9293751b3046160011d0b,3062345,3.062345
0x96ef8eb74c30d6a52a0b42ba21332804f9e9cce8,3062345,3.062345
0x8a3a61258d2a724185b6ad07506c8703d56a67c9,3062345,3.062345
0x9ffb49d48be167a6b7489bf05837759a055f8d6e,3062345,3.062345
0x773f6a790d2f611086c989c5412d68c004d235b9,3059087,3.059087
0xe5901e068c6e17af92398aa4d52b6b3e61e1845b,3055183,3.055183
0x2427e2412e721dfb9a10b405e445d6583e8e724c,3054397,3.054397
0x9adcf2fcc26088a0437b45758abd85c994e575cd,3054180,3.054180
0xa209acd28c5e5f4738e396c93d9841b0cb39a587,3053743,3.053743
0x3dbcdcb000ba1c1e8598a4fbe410a516f2102929,3053311,3.053311
0xdb742472deaeb9d16392b56be283bfd17500d55b,3049948,3.049948
0xa0f63d9e750d143bca5fdd815692052994007152,3048870,3.048870
0x15c3d6298743e3115df3794f6da20ec4079d1eee,3047111,3.047111
0x1cb96c15327757d3f87ebcf6a2ba895e1437ab0c,3045178,3.045178
0x4b36dae68ae191443fdcff240f070ab8d7a4e00a,3044656,3.044656
0x4103a69d709b9a9b4d2c50306f513fe9fc4a8995,3038919,3.038919
0xe254de29487084c1c978cf4e47bc5c376023186d,3038437,3.038437
0x5e0d2e13ee06fbfdb2a4866286acb79b420847e6,3037720,3.037720
0x28fbfbf988d376d6a43251e80d494e1d8356b1c4,3037276,3.037276
0x124f0e7a3a638a98be8546dc4cb8fb739a4fde26,3033365,3.033365
0x15dc263e7752e7b7df0e4d99959c4591399bed03,3033135,3.033135
0x76e956569ef501a428b895992f0cab415752ef08,3032695,3.032695
0x01cfe784eb2a36ca774b9bb551a6a4824472b7e1,3032559,3.032559
0x314cae1652a2e9fe87dc1b3cb4bf84bd6f339837,3032026,3.032026
0x380629d370b814269bdfb786701baf6dd9b8b8b3,3032026,3.032026
0x8ecf732421714633cd8938643b0cef47948cbf63,3032026,3.032026
0x82503d892307f2d974ada74960f2825c4818b041,3032026,3.032026
0x4187840065f725e841bddfc3b5e3a94b7dad2535,3032026,3.032026
0x89dcca46e4174f8d7a0aa851e292abb7842f61dd,3032026,3.032026
0xbc590183761e2eafc810b3e2ce505074baf06d33,3032026,3.032026
0x278fd12a38668427f556b86e46088b60eb110ba4,3032026,3.032026
0x982b4e06a28956181f11b19d3ab98d218d17c3f3,3032026,3.032026
0x54664dacc95f1cd430ec48238d51cfe09ea4f4fe,3032026,3.032026
0xbc99fc3b760450ee0545d73e6c4140903adf084b,3027676,3.027676
0xa632b1df749d58cd11ce98e3a6c7bd18808ac001,3025184,3.025184
0xa65f4bc3aba03347e5508d1707a90b9c7946b3f0,3022949,3.022949
0x95861622f2a196952561e8e6125221c516500c8a,3022861,3.022861
0xc82c3b298f5f574f42cbe041d5fe5121742c6a6a,3020271,3.020271
0x82637d3bd84f5e255a989ed0e6763a2ef04946c0,3020176,3.020176
0xf1901e6bdc9ce90fa71dfed64356ad6d59263673,3014766,3.014766
0x0e57907ac2d790e8539c9b32b51235f6d89cb7a8,3011765,3.011765
0xb92ebe57fd183ed138ab6014e5858b5da3373f91,3011230,3.011230
0x078ad5270b0240d8529f600f35a271fc6e2b2bd8,3010544,3.010544
0x4f8db1e75bf70c2b3b078811c2b1c2219238197e,3009094,3.009094
0x8801a681de5b208a529d191e1bc212ab200e484c,3004516,3.004516
0xec95a3cc87ee9429ef7c9d0e6b22aa4932f1e9c8,3004516,3.004516
0x2bb7ac316aa443830b41ec49ab9fe9e5d5be09f7,3003268,3.003268
0x1f82d2d48e69e2d46c547c0ceff646797ecaf6dc,3002254,3.002254
0x66ca7e5716339e305d5eb595057374bc10ea8222,3001756,3.001756
0xfc6edeb989187ff13396450d5fb6efc4860db1f4,2997622,2.997622
0x634c2832a82bcdfc373ffe99528eb8358e7ff887,2997526,2.997526
0xd10d3a2e875bd44eb1fce437e6c0c89d6b1ee2f3,2995081,2.995081
0x1d0a39347142a5319acf521e0e7261925cffb029,2992729,2.992729
0x986eca7648b3f9349cf66831a5367cf3490e232f,2992227,2.992227
0xb78d17ce309ff0df2a363a6c8c4a43e0f61f62f8,2991918,2.991918
0xc4273c1819d5cf6af10d04377602c30eae6791ff,2991727,2.991727
0xd20154b476eadafccb5995ad439ea9059e400d3f,2991640,2.991640
0x58bec1462e6fc1b3d25f3a5ced150e40aaa72ec5,2991164,2.991164
0x2b5d03d0775d1d5097f1e1df5be7707c36297864,2990748,2.990748
0x6369c63a68b4d6a5070b9454303f57d3076eef08,2989916,2.989916
0x90983607e3049864fd3962a3a36bde85a745eb6f,2989840,2.989840
0xa4f256737f72b567d6b596b5c67e93f9513c7986,2988827,2.988827
0x60d10cd553843eca97dbc793b90566ee0b163796,2988643,2.988643
0xefcbec968df1286d57e16c2cf31edbde3aa11f39,2988643,2.988643
0x4c7324a5af569e8c7d492317e1c355bc91152446,2988492,2.988492
0x4148699b6aaf11dba028bf88661e19937f8a9fa3,2987448,2.987448
0x89696f52fa845f15d133d48d954210e1c6bda2d0,2987249,2.987249
0x677c3780ab0bcc71018b47bd62131f89579dbe46,2985581,2.985581
0x9a3bd2e425408996d6c6330da007af9d2e0a500d,2983617,2.983617
0x3853a5cf066a7b3a191719a4620e4e81a21b9200,2983537,2.983537
0x6ea77bc185b8aee4842e0ce9c1926e1d273a999d,2983170,2.983170
0x3759fd66d017c67d550f6f3df37bd47c76fe1f31,2982449,2.982449
0xb29601eb52a052042fb6c68c69a442bd0ae90082,2980807,2.980807
0xb1625bf05dbe39c762f1732746df26bf618b9b41,2976239,2.976239
0xbc4de75390a105d5f1d8ab1ffb7b906b47aa6453,2974249,2.974249
0x837e7d10afd9255425a8ad75813970d4c6fa525f,2974033,2.974033
0x3cbf32b9c776b34c092f5f14428b1e59ebe50bbe,2973863,2.973863
0x578728e317e9d1ad986872754f1afa83d9e02b99,2973457,2.973457
0x0c74f2640e452695a9ea1fb7313ab59520050980,2973410,2.973410
0xc6779028770f397660b6672f706a4d9ea3cf6d67,2972900,2.972900
0x4231095b5a455da78ef81395f743cdc73c975e4f,2970484,2.970484
0x2d9a7e9b88e9708819c922812037d0483692df6a,2970350,2.970350
0xc42c6f727a40584f6b46f716c0a9d7eebd44e9fa,2968875,2.968875
0xc47e0d6e2ba1dd66eb99af864761d0dd135e0101,2967751,2.967751
0xe331ef612cebc0aca6d0b586542b3c25c82350bb,2967197,2.967197
0x4accf078a63d0435a735373b88dd695db9c3aa15,2966036,2.966036
0x0309e6cf1bd17415ed0a3bccd5a5f4bddbc3d8df,2963232,2.963232
0xa7eb3ccda8fb785b8a4cf0ec45265fe358a83583,2962596,2.962596
0x81cb43ea3e72d8fc69ae590c029ad00d841c8392,2960061,2.960061
0x394c82976a57c4309138c072149ee57aea16560b,2958571,2.958571
0x47d3f74062306dc3763657d1ead420fd2db98d55,2955222,2.955222
0xc1a3ea4fc4c56278e0d2c23fc1047f23f1d5fee9,2954720,2.954720
0x7fdb96fcd9102d5f05ef455b0d0e1f3fe94c0ce7,2954050,2.954050
0xdb304855a3cdd53fcaafc125046105d7df502be7,2953712,2.953712
0xcb554f27902d597bc0a8220614cb52e47da4fb31,2953062,2.953062
0x9777b9a756998a6386bb2486385f3e0c879b2e6a,2952791,2.952791
0x4f03d9261a2f06f8e6298351c325e5cf3d288f52,2951468,2.951468
0x3447312009b25e9b9a0b53575069d96a42c4accb,2950721,2.950721
0xb36b30fdc4485db803ed707ba6022d4b5ad20187,2950093,2.950093
0xbecff80df13651790b00c87bafaec34a752e72a0,2947913,2.947913
0x98c8ab941190a4ff5afd9c2d9c200000145690b2,2938478,2.938478
0x07d6fac07354e70fb9936bc2d8fc09b97f7b77f7,2936560,2.936560
0xbadaf88d3defa7056bbf36fe63357679bd25e331,2936560,2.936560
0xc707858d70dae5e1d302d303b9b3438036d7ab38,2936550,2.936550
0x58b61d71a801beffe49ed1a8e01a908be965ca1b,2933815,2.933815
0xb42216ddff159aadb43e7692c3c08c8e5723414c,2933801,2.933801
0xf5114d601938507c9c381f8915d03a1196ba8771,2932327,2.932327
0x1431a59a078a6cba473c3899b6ad358ad698d2a5,2931432,2.931432
0x64851660b3f0b2fed17ada70de37769036d4114a,2931244,2.931244
0x6a6dd8d75a8b8c34592b6e4287139616c61ec77e,2931021,2.931021
0x5fe9c1dc216eb6f92e2a6f6c8f8138013ebc5755,2930255,2.930255
0xc79721c3a9ad33058eb81db05927997253237059,2927689,2.927689
0x6478c54d7e93801950ef4970424d2e84bd1a7ea1,2924922,2.924922
0x749f90c2f42f7184a018ce3743c413bfe4f316ac,2924730,2.924730
0x61d1cad1a3c06adbdf50d0785580d2df41a9ab7d,2924730,2.924730
0x9a4e72dedce55b5b159a98189b3a513b5769086b,2924730,2.924730
0x11722d20cd28c5d40b2f8e39dee66bceafcacfdd,2924458,2.924458
0xe71713f0e445d98287da2d7f39fe5bdc93820ad2,2923671,2.923671
0x20a3eba3b395f7a3379ace789cb2deb9b7657025,2923669,2.923669
0xa3820f4a0f4fa404c7f8356a293d2ede669797ff,2922727,2.922727
0x1206bce3df18bb08033ffc1ceecc36ead0c3f1d9,2921991,2.921991
0x41bd1bc7e4220133fd5d8a002d76b38510ee18ea,2914970,2.914970
0x0924abeac2f967e58c2b70702ae470b83c1d5e8e,2914137,2.914137
0x6c15b41105a01119211a9a9afb081e9d6a82b6ab,2913116,2.913116
0x0a3e1b6279185153ebd38eed6d341741837129fb,2910936,2.910936
0xdbbc3a2efc38a8c830fb66815c6c0ff77e348fe3,2910673,2.910673
0xe68225784acd41551f37d50553e2ce7e4a0cd4b7,2910483,2.910483
0x89f6854cd2f782fc671f2a8abab4de5ed269c95d,2908961,2.908961
0x74187b5b3a5fa736363d8687e2ac8ea8dec4f814,2908627,2.908627
0x7b7c330b5c42aeb5a9998762fd30448f602b6076,2907482,2.907482
0x5f67767ae4177c50059ba612d8195c961e8c7309,2907482,2.907482
0x6f4ba2386fa59bc7d2443090e810b6f3c7ee38b4,2907482,2.907482
0x208d304d31ad79dd510e4554904d8ac038654471,2907482,2.907482
0xb7284e9b91a7765c76784ca52b66642b97b132c1,2907482,2.907482
0xdcb1be79ca6488a5afdb9a04c9022579e86ea831,2907482,2.907482
0xe91343273836af32958d2adcbb035db022be9a1b,2907482,2.907482
0xd4011c4fbff1aa2bb87b1a751d3db27501856f51,2907339,2.907339
0x2dba5feb8be0ae0c4f6f1f4745f2bf8e8b4ab089,2906644,2.906644
0xce98265f60e50530dec6b1f4fab8fd36992988ab,2906349,2.906349
0x79e43018b8b1f39480b8e771724d508460b22461,2904250,2.904250
0x1c0ec596303ce6666f5a4d24c29e78cf881cb5d3,2902206,2.902206
0xa4c506ab90751492d8e8e954a90b5d6639b0521e,2899315,2.899315
0xbc182f7b0ee71184b826402dee7656dec4c72582,2898618,2.898618
0x7877d27da102dbf6902bfa28c7dbcb841b360cba,2897465,2.897465
0xb441ac1af091275d3ab50e238e1ebaec620da457,2896899,2.896899
0xb14d92fcf63ed2977a6c1024dc5e0dee9b81d09b,2896133,2.896133
0xfde3fffcfe1ae3302c4e52790093a53482aaea82,2895291,2.895291
0x5d20d9306e8b0762f3091ac7a9fecc36c09ae300,2894282,2.894282
0x37dc565ae498a03e5da838623a858fb12b7967f0,2893830,2.893830
0xb59a11655dd30a6daee68fff5c796a1d17b4e112,2893764,2.893764
0x4dc9504a2e2c8bedea3839fb605fc8069a81f427,2892537,2.892537
0xcc06ce8120afc5c02c8517597eadeacc810b130a,2892383,2.892383
0x7163473f79f941c912480d96258fc8dabd11fab3,2886641,2.886641
0x26c9fc612b005781127246bbc5dc39f823e3106e,2883647,2.883647
0x7e3c28ae0028aa978008cdbffafaf20f7be1aefa,2881575,2.881575
0x35f34185f753d5fef739d46dba7a26b2bd88c83d,2881536,2.881536
0x508b0907701dfad406bc80e7833fd60e267e26bb,2880458,2.880458
0xde3eddaecd3388b145cc70a885c4f1b29332b05a,2877745,2.877745
0x397c574588d81dd1ed8f912527247e242b8127c6,2874592,2.874592
0x314686cdcff77c6b7878d3584e34fed3ec76af50,2873549,2.873549
0x9a181bdc5af28d8d6c3c7f831fd83ff959a9726a,2873549,2.873549
0xe3aaa99b13833d7998a108ebdb5628f6d09c9ac4,2873549,2.873549
0x1bab41746bd037b95a21b710002b9c42562a0bd7,2869360,2.869360
0x7162f366306ce57bf55b0b7d8ece540ec0432a07,2868782,2.868782
0xa611cb6409771c9c5c2949fedd722023e4961ce2,2868782,2.868782
0x54d7eceaecde05dec9a55a3d57969a66efad8460,2868266,2.868266
0xb25d4ba894bbe7c3a191ab47b69092781f4318b7,2863205,2.863205
0xd4a68c22ad6e92d20805c13e71ecdb9c6f24c3e6,2861601,2.861601
0x6165536dd77141d095e10fe7477d5503e0a93467,2860187,2.860187
0x543e9463b9b35c404be5b0133838c4dbc21a9495,2859927,2.859927
0x59ba5a51e972d87e3ec9e4dbb11ef79553fcbb74,2856522,2.856522
0x79aa42948b895a2a9193432eec2c51d7c4a986a3,2855383,2.855383
0x5d2e6e6efc52bd1c6a1a393800fe514f2f78fcaa,2854877,2.854877
0xd0b936e2a1f4cd31677cd1e2c20253e7de655777,2852092,2.852092
0x8781438b625de0b7cd67eeeb5db88c002b64b678,2851611,2.851611
0xeb18b32694e8d6e176c6d2019c4bb3c2705ea166,2851099,2.851099
0x6736a7e09717108d09bafbcbc834d7022fdbd548,2850659,2.850659
0x739d11098c9f14068c3a790e59cacac9ca1e52dd,2848838,2.848838
0xc5d16847874f3c47c5dfec353d01105896459d0f,2848497,2.848497
0x73699f6de8e7a202e151db1b61325d5298fd18f0,2847520,2.847520
0x8dd02270b0c317f0328f66bd96d44c19bf4a536e,2846984,2.846984
0xaf25aa29ccb335c8667e1708d41e931688ea81e0,2846372,2.846372
0xdb4d5a3e683df965ce509ef191d979e77543bb4d,2844814,2.844814
0x728e7db06ba64dac2e436b7fb62579363fe49721,2844243,2.844243
0xf65d8984bb591efff245c927f7af2bc92a67645f,2842482,2.842482
0x0db2c60743b8e57201d0ac37d6de444d0bed92b5,2842050,2.842050
0x6a18b5ce410fe43d5943f95c88df05100c540a57,2841160,2.841160
0x971ca71c09c41f80aa1151437f3a908e4c3709b1,2840951,2.840951
0x5116bfc7187d163fe704f707402febea087596ff,2840567,2.840567
0x655e4a4618b1468969a14f8fc069d8fff6c57a64,2837110,2.837110
0xc2332295cfbcd03531a77b00a019f39335ab8d43,2834220,2.834220
0x4c08a0ed88b7aa84c5fd1796570f4979f5d56742,2829162,2.829162
0xf75093c36290188be922e861f1f5ade21aafcd1b,2827502,2.827502
0x0c6372f8ae22f9b1177882eb1c0b11f0632ab682,2823806,2.823806
0xa3f516854395065e28ed04f425c90c6c31b96ced,2822809,2.822809
0x7a63e95e91cf846d1b24b57f5e27aedb039cadf0,2822328,2.822328
0x9dd711b0cb4430f429231e5cb9940dbd1952a36f,2822255,2.822255
0x22575c39f67e289572dcce496f9c4a9988fc2fc5,2821489,2.821489
0x04b0213999827178985ea2ac96b0cc51cd3a61a3,2820152,2.820152
0x262bf24ec8d163af884f7ff4c1b9cbfab38b5bb9,2818714,2.818714
0xf3f7f98e74d601e7ba33e17f565d5aa0907de73b,2814001,2.814001
0x896002e29fe4cda28a3ae139b0bf7bac26b33a8c,2808284,2.808284
0x29227973b8f25615c3b77596de43a429c169f4b4,2807004,2.807004
0x9105766acd092d6c0bad7f06852cd1864b92c654,2805781,2.805781
0xa07cdb4310245be8cadb9918cbe1192fe82bd8ca,2803980,2.803980
0xd60bb1dad4ed8df7e34ca61d3a9c37768da070ba,2803964,2.803964
0x42a22772dec0cae3b30658fb880f9cd07397c637,2803906,2.803906
0x47b9cd8785868bc45a832fb653ca68faeed097f2,2803857,2.803857
0x725b459d3099f001c81e084277b0141ace2bdb0b,2800770,2.800770
0x470bd02712ada0b1c583d2292bfa523575e3bab6,2800678,2.800678
0x6c887ae4a90738e9dae3ed4ec57b507986a25525,2795706,2.795706
0x77a4c60555838ff9c719ea5c7b31925d03bce774,2793218,2.793218
0x0c3a50b75db3970f0220cb07c3f6e39af37762fe,2792839,2.792839
0xff130f62568496ac83fdee22fd18ff7ce244ef50,2791061,2.791061
0x93bbc20397d5c9622385a97dd2da11070945c0fe,2789966,2.789966
0xfad6ee484df491868e7372141d495d21fe0a45d3,2788502,2.788502
0x79f9f1cc726a140139f7dd88fe027323683898e0,2786761,2.786761
0x302b4332607d90b5cb783c54ca65b24e73bc6758,2785748,2.785748
0xa25977e9ec59b8a67ac1dbf305ac40cc96a86971,2785695,2.785695
0x6eb20b4f600981f486fa32ee7ab9f7c70dd3a7da,2785463,2.785463
0xc702bb3f6a00c8da110e7190235621c0383ffbdb,2784825,2.784825
0x5a0953a330b9a76b7316c0a4bd694ac74924e024,2784198,2.784198
0x44c3cf2d964d7b2f9be5fa612b0cc436720f6ead,2783866,2.783866
0xb04e7243abe8b66d2a46710a4f09605181373e08,2783151,2.783151
0x7e8f78757ef81df84021e9edcd0f9bd84d139470,2783151,2.783151
0xbc69afb96bc22fec954e2489bdf0a3fd7fe1fa28,2783151,2.783151
0xf641f4a1cd7e89acc79f0ed8039dba595fc7a5c4,2783151,2.783151
0x07d1530b3560afaba17496c011976db37b3fc2fd,2781427,2.781427
0xaf9df16c45e28a2ad96699cc11b104c12897f625,2781238,2.781238
0x4d2de2ff40936da2e8dca25ba55f47163eddd68c,2779499,2.779499
0x7f88b00db27a500fbfa7ebc9c3caa2dea6f59d5b,2778493,2.778493
0x9ce7737add67d6b52baa6db636dba1d57c5a587a,2776555,2.776555
0x674b81cdf95d42891f339fb4a6e03e47a66ea9d8,2775600,2.775600
0xfc589386adb7e00f71787e2b9d1e27e0cbf0fc26,2775384,2.775384
0x95210ff72620b3443bf92fbd62a9eea27029ce9e,2774150,2.774150
0x8b48f18e32aa1ef2bc035463b7af6a863844ad6a,2771485,2.771485
0xaed7be15ffdf70bb7e122771c799abee3a3e34c1,2771376,2.771376
0x618591037f6aa7321b26e663f6f0f83de151803b,2769998,2.769998
0x296fe5c0d402e86c8d6419d57c0cd22ef112e26f,2767465,2.767465
0xb9e4aba2c792afcf91637597ddab97a4bc420102,2767440,2.767440
0x0d3b8744600da2e200d2a46f676fd5a29b7bd1bc,2767195,2.767195
0x68d7232f5ef365ce2e28aaaf5ffa61d8c8c77650,2766145,2.766145
0xb73650f876ff477a91809c29e2c45940c072cda5,2765938,2.765938
0x3821913fc2ed12d0ba3d4b56f191db1c7bafc76d,2763893,2.763893
0x24a498cda4a8f56125e6d167004598b5d2b19dc4,2762293,2.762293
0xd40cd3bf22403c4983ea185ea01924b338288138,2762179,2.762179
0xbd2f62fb5a4287549db9a1af9278fb78cbbed6a8,2760730,2.760730
0xd370067acd3843a4fe42271b8ea137f187aed8bc,2758537,2.758537
0xc28036bb255840873cc530a4845617ec7939a042,2757576,2.757576
0xe65d8f5345bbfd8adcf8f7e5b79c4b1f8420551a,2757017,2.757017
0x3e3086a014872dfbf106552dfc3a8f4066698bba,2751717,2.751717
0xe3d3a7d6852c1210035fdc84da4b7c507a601945,2751688,2.751688
0xa9cca02ab22b3d4251f342314dbeb9af8c5537a2,2748198,2.748198
0xfd7e4b0433b269bcc19f9f0653cb8023776ba168,2747503,2.747503
0xd261742127ef47922ea409095115939102062224,2746725,2.746725
0x81adf6f13c5c13930666ed339b693aefb99fa9d7,2746657,2.746657
0xfb2a809eea89c545176be34b8ecdb4dc1ee0453e,2745726,2.745726
0x0edf6efdf6c7186f7d5fe981fcedc4bdd8e8c015,2742523,2.742523
0x5625153dc76329aef5bc4baf2e8053d3d0e7e8f6,2741911,2.741911
0x96840a3b9b0e16c07c39664549eb36dbe1901c0b,2738678,2.738678
0xbac7fe1787906e7f8eb3302779cc78c2201ca5af,2735783,2.735783
0xfd607bfe0f451030d335e75f926ed6183bf9f362,2735628,2.735628
0x0d4794001bea7f314b11dddf8ae2c1b7c9f46be3,2734723,2.734723
0x899349b38b636dd14d665a7c6a0e0b91b9bbf8ba,2734442,2.734442
0x044c67c87f25121ad98d8be0db43252d400a7444,2733333,2.733333
0xb1bc5e1863a9f2abd79c4193c7e5dee0d7268d0c,2730415,2.730415
0xc4ef9496b336889561ddf417626994dc92553628,2730177,2.730177
0xe51891f47982d986fefc4b98706947230fcc6d49,2729724,2.729724
0x78adce27f80432af457cf0aab809b738d49978ec,2729713,2.729713
0xb46d5324a77351bd0357a7c9c8758c7d9f94d125,2729277,2.729277
0x76eb8967c4412a9dba7a83f739c0ce5c21303c58,2728464,2.728464
0x741282a4c5e8053284b83790f3d534e48d8b2917,2728217,2.728217
0x67592c823bcd2fefc6987766584e17aab6d582c0,2727817,2.727817
0x7744f3c46fd1b97ef63b62d6ecc624ec41e95565,2724055,2.724055
0x412de63f24486dea9b122650b743d9985a8c7542,2721688,2.721688
0x0f683e5a0f835c5a9a1ba2fd43f4d03acb1cf888,2719662,2.719662
0xda42b928d2bcd5e80e02b48701cb5b87e8f19ae9,2716584,2.716584
0x89884819d2d341276aea54fa8cb7a3cfe55226ec,2715073,2.715073
0x6541607c75bc3abb53814d38e41f2c373d4c7ca8,2715073,2.715073
0x2bcd25d8d7bb17206d83cb359fbacf16abd2796c,2715073,2.715073
0xa2a507422a945a0de9634e1557532a254502538f,2710056,2.710056
0x0ac63dd610cb6b62b7922eaa820504bcf3ef7af4,2709253,2.709253
0x7cb85ee6a587a1184e9d074fca9afc55a75b3b2f,2708532,2.708532
0xa89e9e7ff8ddebbb38b41772511c285d50189146,2707030,2.707030
0xfeeb7cd9c0cc9fd67aa4cc18547d248f2a02bd61,2707030,2.707030
0xb85c2b4d7f3fdc605e7c26d06b1a640371992602,2706752,2.706752
0xbb5ad3dee7ae5d840f025a7fdec61857088f8bc1,2703096,2.703096
0xebc604badca5106d8d6cea9b19ab6767e7a12f3f,2700920,2.700920
0x18b26f063ee2868da64a66e54a81f28ffd64c794,2700873,2.700873
0xfaea6322a2a0b3465e21f76de6613abb1a9583ac,2696282,2.696282
0x332351790932a8a834b46bf93864c537fbc9bd03,2693657,2.693657
0x95d591fa62edb98a5abe8e5ca90091f73a4489b2,2692890,2.692890
0x475537aecc89f3e72075e2295d07d589c532aaff,2692634,2.692634
0xdfef318a07696129985f6424d0571540d0f9c0a4,2691561,2.691561
0x6764fa13cf171e8cd0bdbfea6e0dcc879a5dc708,2690928,2.690928
0x4bf6dc3146ef88d2ba39fcb4a467c1787a6d4f22,2690387,2.690387
0xbb8780260d9d1875844a80487de59119d13edd70,2688736,2.688736
0xafe85695b106b0f97cbeb991fcf77e8a4d4807b4,2688736,2.688736
0x28075a53bc765c22667092d8cb7195ddee93cdc2,2688736,2.688736
0x43ab6e4de1ffcda60f0bd0a495a6ce19972ececc,2687541,2.687541
0x0c4cc64e597398753eee27d6fa37c69b5ec53f2f,2687097,2.687097
0x3933f408595c3e960c6e216919e02a820e85474c,2686190,2.686190
0x60af7190990f9397653fd385349e24316cd10236,2685114,2.685114
0x004775cec7c60ccefa0a05a119db956c3a1f41c6,2683724,2.683724
0x015f30e38dd4e022499aac0bb11ef9b73c3119a1,2682867,2.682867
0x36aea4d2d56c5f2cc703ffeb60081d86ba7c7df1,2682811,2.682811
0xcf0114e64c1afbe8225a5e0d60f8b4f99b4b38f0,2681326,2.681326
0x00a2fccde12fddd73347ea80f92add7a95cc970f,2680878,2.680878
0xf1fe3dac002eabe71fffe2f9b1b66c982a90d5eb,2678604,2.678604
0xd9f06477eb0fb3d9eaaef7dd392d937cf63a0808,2677843,2.677843
0x24fcd4390a550bbe17b1c08113984119a597e570,2675101,2.675101
0x1b2055564258b3f2dd3bb9ca08ce519c5ff34a88,2669813,2.669813
0x97497ae6a631671968320b15edc7e9c7c75f51d5,2668134,2.668134
0x37f7340626d7088a5d353a92b04f1089572b4111,2667666,2.667666
0x834af4ebb0a76a492f7d00443fc3f48958abd540,2666416,2.666416
0x651450e1bd566e94532aab1c2f3fdcd59bed7917,2666241,2.666241
0xd26e3948172f01306312498d3603e83c068acb5f,2663943,2.663943
0x3dd67c08bfd73a19257882de4fc79c82f83173d4,2662109,2.662109
0xebb66d6535219a23772cfb948a88d5df67f5c3c7,2661095,2.661095
0xe8143569760354d4c49d0bd68186b1afe4b4cb8f,2660970,2.660970
0x5b7692c28b19485df6c576780b01d5b8392807e9,2659935,2.659935
0xc525cf7b63bc1fd6111f27809a3bae0611d42b62,2657201,2.657201
0xb8fa5a77bc10ee1d1933a4b34eb2fbab2c4dd00b,2655474,2.655474
0xfc3ccfd09fdbf1a7e930c77207eed2c42eb48c77,2654973,2.654973
0x68ac2b542bf5577f42a4e94901657abd04a65e42,2653230,2.653230
0x7a06ab91db6d295dc9afb6852bef97f174c537fb,2652413,2.652413
0x4ad4c88a99c1635cd0012bc37bfd9524ea296519,2650857,2.650857
0x1f7453657f7f26fde625eb07ea8d13b665db2425,2649179,2.649179
0xfbb65c2cae59a681156db36e9379008cdb25d862,2647333,2.647333
0xcc1004304901bd943079f2e75b642b77a094293a,2646490,2.646490
0x19aadf9b693ef2d583bd58afa7e2ade9ca13c4e8,2632097,2.632097
0x2a6b5408ac4685341dd896f3ae2b122619abbc6c,2628809,2.628809
0xf0a99a0f260474e5930f370cf04d48c5d6fa0a00,2628024,2.628024
0x08722954139f44a9a48a921e462c71d4cff3c74b,2627179,2.627179
0xd7518d58aa2a0c05ee28e4589e9ba58165de2df5,2626946,2.626946
0x5f8460c91ecca062521b8df42a4a060d9fdbe4cc,2626084,2.626084
0x94a11a3e44c1468974fc81e9628c637d4f8fb3b8,2623887,2.623887
0x42891dd640f8c6dda76f672956edcccefb4993ef,2616585,2.616585
0x8847d7b8e3df29d16f5fc32764ebedcabfe6e951,2615304,2.615304
0x8637907b593e1d8563f90bd145cc0c450e3bd268,2614282,2.614282
0xb25046671017edc28835ee3d88662522e66f7a6e,2614080,2.614080
0x5a9bd3e84376d2961d64e7088d0aa60cab148100,2613560,2.613560
0x6c049158df802e11b14dd4c7614e41e7c6cfb74b,2612510,2.612510
0x3980cda34126cc4cc1c407169bb99aabcb05e076,2610295,2.610295
0xee0e9252fa434bf28b295124636172871407af5a,2608528,2.608528
0x5c47c60b0214dfee65c5bc95ab8fc6eab64c94fa,2606790,2.606790
0x97634046399f2c345214f56a555dfa0c2fe6b846,2604839,2.604839
0x825531809492c9bdaf2d1c25205882c7c2e82058,2601403,2.601403
0x3a8cbbb307b764eea5fc998157a88586fe95e3ed,2601225,2.601225
0xca2e02d24bb30a15672456d8c427e5a2cdfaa354,2600605,2.600605
0x7c77fcf7a7bff1df95653f81f57af645a13d7304,2600452,2.600452
0x54c464f615f720ab31b9f83d2a107fd5c7093023,2599619,2.599619
0x3c9bef437cd7df5b7a94ff52c2d10d28705942ab,2599555,2.599555
0xbb0eb39859dfb1f65e2ee16421e777b256453527,2599525,2.599525
0xb4021901f623d6a94a258f1435c5cab018d1ac51,2595999,2.595999
0x92624bc0465be3be70b963b89606f326fe21faac,2595479,2.595479
0xcfa5775dc741b0d933d75f855050246eb7d080e7,2593955,2.593955
0x3a70e8c00f3bcf3eb845b6b6928aba92b465c183,2593595,2.593595
0xb74f72708ab9a02643fcfe36e783a82d1f76f314,2591216,2.591216
0x93c6c4773e8ceae55a2ccc3064c4819be86f6e07,2590657,2.590657
0x2dac9a71400f16244ad06f127f7b2acbc1f35ea8,2589486,2.589486
0x0cb2021b38fe4e67b865ea124a2fe0770a588509,2586476,2.586476
0x7209272a95e96c45963e91c1971029a9a40469a5,2586194,2.586194
0xce3d3fbb42d4e960f9cb068c3a65242a269feea5,2585134,2.585134
0xd33aec714381ec13053cdd783ce88423b7dc437e,2585134,2.585134
0xa8abb55f35d619a7062a83df838f5b1dbd3356fa,2584606,2.584606
0x973fbfdf3f9741a738fc5cdf46935f2decf586e6,2584350,2.584350
0x6ae022886fdb0c83b5cf767e3839101f043d56e2,2584149,2.584149
0x707988ea7270b66ca77f14e33ae0f88c59a9be02,2583700,2.583700
0xb7e163c290f1301adc7d37b42ed6d7067093516a,2581246,2.581246
0x1e2d536fa000f66cc46f6909070aca8d58dcb4b0,2577378,2.577378
0x0bc4dc986df4eaa6456015a9a31632cb3e4a8585,2577078,2.577078
0x7348874721fb51f5fe78843b3af60328474dfc61,2574049,2.574049
0xd0d323d51af669b500071b74178f7bda310bd069,2573316,2.573316
0x8e8d1e637d207c374105fd9bb88159f4befaac98,2572885,2.572885
0x75b5906a037aab387ac4c4d8e42926ec7c3d3571,2571016,2.571016
0x34e65567bec8184a388d1c051009f9660b866c9a,2566414,2.566414
0xfe7883047e198a6f5116904fa405061e3f44eb54,2565998,2.565998
0x42dd016d8c60cfe8bfef6a46dc76e0eb5c57977e,2559129,2.559129
0x47d9507bc1f8ad8323ebdf31733f9d6017a56ed9,2559129,2.559129
0x832d2c05378866639aa55e69c6d986536fa95dca,2558000,2.558000
0x9752bb3823c243b3a997b477d5b649c457105bc5,2558000,2.558000
0x4051f9a1b55196328f7cddb17a90c04e6910a2ef,2557229,2.557229
0xbd7956f3a8166db76c93d06226e9e0d4a74dcd23,2554862,2.554862
0xc7ab672d24a91d05cf0a252ab13423b268c32cd4,2554407,2.554407
0x009268406b52502bf89024c992ab192d9cd81e1c,2553133,2.553133
0xfa4da1eb77e72180db3d6a225e88ed7d6757844b,2550779,2.550779
0x845da3df35ca17f2ae0b272c56a989e62e71d882,2547321,2.547321
0xc211a364cb0ba1632653e220b8b22f0ddc642a8b,2547271,2.547271
0x82c6fa9450453f2c80a9b98da540c76fa15bdd9c,2545798,2.545798
0x0605e76bb3bf5cd33e38287a020a7129687a1a7d,2545713,2.545713
0xe8fd01297f5b7a9677e1948c9f78211a2bcdc21b,2545562,2.545562
0xf8c02522ed3a7679385c67044d42b98d08763c3c,2541887,2.541887
0x513a2e526823db199404e4b8fc9bbc9c2049230c,2539657,2.539657
0x2b7a39da50b42b69c8a2d65606803805117ba387,2537873,2.537873
0x0b7c0949971332f083b542751dd44e8910e09982,2530972,2.530972
0x4c01a5a30a2ce6c08e5a4867aac1dc780590fe16,2528667,2.528667
0x543f3b7233f461935255ba32f71b9d910f91f6a0,2527009,2.527009
0xdc5b5a582f1c728d508530b2e8be91018d6a30d8,2526627,2.526627
0x896d0f4c264628788b9e6a2afa5d8214ef3e9769,2525665,2.525665
0xd102509a04e8b6e8d10ed76f3628703676615c33,2525267,2.525267
0x514e0c49e7806994f0bae34e5a5ebfa8cb4b56a8,2521891,2.521891
0xe140060f2ac812834c025c43cee463fb254a59c2,2521703,2.521703
0xd0812abc0c16b40c7a7fdcde71d6f370392a4906,2518114,2.518114
0x8558cc5178e7ff79b8952d7951a07fe295f9e58c,2517779,2.517779
0xb2d7e5cde14f003762b6c6b3b801343cd9ea76e3,2517402,2.517402
0x2174cdd027253b3e0848a323d3b59ba49120638f,2516783,2.516783
0x6c21a97d9152a8470ea2382810abb0469db1365d,2516783,2.516783
0x5e0b83ffe40848cd5ff892c7822e9245d64a63e1,2516783,2.516783
0xd8ed5356a60bc86ccaf334c1a8364ad36e2a52a5,2516572,2.516572
0x39e34b06a329a521be4d50c3672ca41a85b7c8bd,2513387,2.513387
0x2d9113e59a7227dec92a61c4c7287719ce2a45d5,2511861,2.511861
0xf468066cdef0741aac7c6d2e0406989fe5aba730,2511861,2.511861
0x3c2a710ce57f4985744e38e68de9620f837d2c98,2509893,2.509893
0xc8e1bb52afa51835dbeb642b88531abb770ef8d4,2504965,2.504965
0x161b5b8fd2c443df64181ac78dfd814e18214c35,2504869,2.504869
0x54b4b93e56a0c65b93cfddb7327441661319ca51,2503398,2.503398
0x29d25f171edfd17b5bb0b66628fb5286b7d29aea,2502001,2.502001
0x12710513dab50f6982d5b7d7054c5a0a2af5ddfc,2500759,2.500759
0x3698f18d60f717ea0b26bd5906bab0be3b6f8a63,2498137,2.498137
0xf26f8d5b06cffd9623772ee2122f20b4faa868a3,2498089,2.498089
0x62eacd1dd9d2011fe27b7d48bd39f524f5efcb65,2497757,2.497757
0x6be61c619fa12e717cf50ca8d10c115f81543424,2496308,2.496308
0xc26c46868796bf7642f3f8e42c1d870825efbd30,2496231,2.496231
0x8af2cc382a57ef846c147669e050a3e5a3804cdf,2495943,2.495943
0xf06641b03f8e009423874d9b2c61712cd4f91a48,2494064,2.494064
0xd2c69cd5d740bc735eb30188d3b406e2774a1d21,2492633,2.492633
0x87e6a5c13f1990558f2aef5f047181b051eac454,2491234,2.491234
0x524cb22ea84437be8115cd6483aeb9cc0f608ab0,2491155,2.491155
0xe2bf97ab06690a6460621d060c22cc404eff70eb,2489620,2.489620
0x4696f141e66bb21b32ef0849d2ac453f7d19f79b,2487958,2.487958
0xbd3cb19f261f783e8d1d4a398181ccdf5228b7e9,2486935,2.486935
0x46e2e062e409f89cb8ba981121360e25d7624174,2482783,2.482783
0xd25ba0e46d32ce5a2e7d6cecff862a0053741328,2482651,2.482651
0x138e4ab2de856bd0edfc5ab338d5a23374c418ab,2481526,2.481526
0x8a2018e7ee9bcda9b4aa789447a6924f4fb676d7,2481526,2.481526
0x5c35ac02007046192efb35658b4ba442ad530ba0,2481509,2.481509
0x47f80ea9b498bb970f2d5494498b80f3e0facff4,2477223,2.477223
0x0eec70678a2e67a0aecacbea56d2426713c78562,2475810,2.475810
0xe1b1afe9cba5ad5b960584e3de7d20cbda4c184e,2473261,2.473261
0x6d174c962f34ba67dce3049dcad89b30042b3c40,2472923,2.472923
0xec2a4018d1531bda2ec4ba47cef249eacc2d14b4,2471840,2.471840
0x10e67127cc0b5f0fa530cb1f0db15fc50b68d00e,2470008,2.470008
0x3999699dbb4db7b89f5f91dbcc4189b348a65453,2464669,2.464669
0xbd59c45bd1661b5a15c5e5a7836c3c479a0bec30,2464600,2.464600
0xe85e905cb6bf923e6d0cc00694a64432d9db5675,2463230,2.463230
0x729d1ee0d3ef2b2b435e4c1093198993f1b6d2b6,2462577,2.462577
0xa5e12b506276bef23a7e1d4c8c5205286511df67,2461800,2.461800
0xda01e7679b76abc1d2e663b8f8db15516b85e39b,2460677,2.460677
0x37dd8b4af171f9d7046621ca363325f5b4bff38e,2452671,2.452671
0x523fec437b1e7c04d1f51a0b6dbe67d88197ac8d,2452628,2.452628
0x91691ea754c7da04221b775c08269dd60a47f9ca,2447498,2.447498
0x6e2b5cbede461606463fa51ce7ee77b68a05158f,2447247,2.447247
0x9a4245daad387ca684a04764bfe1ebe500556625,2446313,2.446313
0x794828f0f6acc1b386cf6d1c3ab9ed42f187d087,2445673,2.445673
0x5636b0b1729c1817aaee55928507f6e415b08360,2441961,2.441961
0x3336e196cbb6336aaf7dcae072b57db3d1508ba6,2439159,2.439159
0xfd95c8f7a4c7e9fecca5efe1008fd44e8f594e5a,2439089,2.439089
0x2a8f00f2394b70087f4dccd01aa2033135e169a1,2438962,2.438962
0xb7c75985e3846d9478832924ec203267a041776d,2438899,2.438899
0x9db0ef0b57a8031a479200c31244df8d9c342606,2438616,2.438616
0x0ca8440c5a2330c516c2746acd1c2123c24c4b47,2437942,2.437942
0x140aae863e5b714b212c676e4691865cb76fe4d4,2437440,2.437440
0xd4e15758e58672c55b59b5b862b7bfb643019777,2437299,2.437299
0xc872c9f174b86a40cc93465902fc8c6b61dfa3af,2435587,2.435587
0x3fa070a1b6ac44b4905d23bbf5755972620e9ed1,2433351,2.433351
0x8c4d21982d44f8058efa22a7c4f9fe6feaff9651,2432998,2.432998
0x4df46c869d9c607b86c1ba699d695e1c6b4f1953,2431162,2.431162
0x2d8dd5b7fb0ca098f0a230b41e3c5cada6f1f165,2429996,2.429996
0x5f9ddd54d19d4a7d6da010f8a934f9ecfd0149ea,2429012,2.429012
0x5a8e8021026977afafd0a8b5cc37cd29809d7dd5,2428889,2.428889
0x9943f16899316d8592af65b325cd708ce80766be,2428190,2.428190
0xe57a96f6825c32ff1822a0bc8ee4e3102711d9fc,2426491,2.426491
0x983b4407a83e8757435dbd03f94e7b3702b9d9b1,2425937,2.425937
0x5796bf55bf389ce6886ab606483613b3f4aedd05,2425619,2.425619
0xcb5ca7a446aa41acfe19a8e4b804b15e95c48e91,2424551,2.424551
0x3b24295fce2a1e36b7be9034cde3e4f2a6ba5f81,2424332,2.424332
0xac22a78facaed37462d83190ab2cb5affe0d0e15,2423731,2.423731
0xe80ede77b1d15c37104cd43cf2ecb221e1cd0818,2419482,2.419482
0x5a8431fb7b162408074fb6e24b2253e574b9d7a4,2419268,2.419268
0xfe0a05435de55a1a5153976a7f1a5df4bc562149,2418614,2.418614
0xe5165aec0244e0870c133c3177f6ae4f965b4efb,2418423,2.418423
0x9083bd612da6fa474e885c3764a8013595657eb4,2417715,2.417715
0x63a67ddb2d08059d3055bfcba40201b1f341e335,2414315,2.414315
0x35c5b5cdaa031fc012300dbd60641b1dda3b5b1b,2407792,2.407792
0xe380034f7302c56271fb4da34ebd31924a468bef,2406281,2.406281
0x5a9c734d86b596b381d042f63fe5fc98c7149ee4,2405727,2.405727
0x37e9862af2675527334a2d1fbdd71e609709b9d1,2404785,2.404785
0x6aff51015b51464032198e259a0c2607f7c567a4,2403302,2.403302
0x543b65d285d708b6f23d667a0cc554fb22b458d7,2402329,2.402329
0xf6422eb6542287998f314ef8a6c06ed9c9abe624,2400823,2.400823
0x39b2de73783d2bf408bc1c049513342b7bb3397c,2400787,2.400787
0x5b1a48c791a2527badfec0d1e880eabf7011b898,2396743,2.396743
0xed243ea480832e7d566b9f6d59f841d3caee7c52,2393774,2.393774
0x6932eaeb0478839c8898c885fd6ae16ef81eb0a5,2391538,2.391538
0x830065a900ef896a4439b822aea40af3fbd54308,2390327,2.390327
0x60ca4a332243ec11354ca740bc2888a81f9e07f2,2389189,2.389189
0x6066029c545b1e9364998474c4fbb3e19a57ae60,2386343,2.386343
0x4f198db9445333dc97d1fa95341e38f721f11698,2386329,2.386329
0x136dc225d57d55621b5276e0aa15353ea683f5fe,2383777,2.383777
0x8726383a026dcb8809bdc44cbe4de03816bdfb51,2382608,2.382608
0x6f95855579150145300734e2b4d7beee0cde0889,2381509,2.381509
0x0dbea888012dcb27467c2ef27e492ce9ff142d3b,2381155,2.381155
0xde6b4ae89eb0fe87d33d6cf88d2d0485fad696dc,2380458,2.380458
0xc402a84b51596f502daab2bb0aae642e5adc0b47,2377764,2.377764
0x13f8fb21ef3b368e20f24e1904d2524a75234799,2377502,2.377502
0xea896718ef44f56216add5cf3e7ae6873fcae425,2377156,2.377156
0x39f0a0ab4de1ac85e843de2a2ee18c8e3fd1a416,2370425,2.370425
0x303715a9da8043bfb2ec65c4d5daf3eb63c7a9dd,2370076,2.370076
0x001aba7087f49a135ffb121a40684416824e9c34,2370006,2.370006
0x5af2b5133b63f8597805fd1d92abd9470e4a985e,2367322,2.367322
0xcc38ff6314337a018578bf41247a08365f508613,2364380,2.364380
0xd958f1767bc6ccb2e9f5757f3a42ffb2ab148b7d,2362811,2.362811
0x488fae8b5dfd11da063a4627a626db15041e0343,2362527,2.362527
0xb4457bacccde59b9b6a5851fd911430428b1a60f,2360136,2.360136
0xcd24b93a04ec4706d82d4916eef1c1050e3c58d3,2360136,2.360136
0x9c09e1be63cc057b574d3251745c431b989b5504,2360072,2.360072
0x895daff2fbe528aa544b66e23c7af9a99af586ad,2349575,2.349575
0x8ba8d00593a4065d092586398c9e389299c41af4,2346621,2.346621
0x81f4a040ab72b165e6e25d006c1fc382399ecf6f,2337622,2.337622
0x5303878c813f98c97fb1f641d6a89bf44bb03c0d,2334130,2.334130
0xecd934e335b71a6bb41cc43bc1c3a21aca4b22dc,2333137,2.333137
0xd919379776f3b96cfbf860b5b12c678c1257a0ad,2332942,2.332942
0x17259dfcb334e47458187a96dcaab25fa994b38d,2332030,2.332030
0xa23eb0896dc5fc3f06b253d66831e162533717a8,2331122,2.331122
0x3bf4813193b2bd7ef7a58663e8277b364191ed8f,2330374,2.330374
0x87381f9f3b84aca121a9086ae05e78e65ca59fa4,2328762,2.328762
0x352f558076b117a8adfd12cd9ba8a6fcb9b48f15,2328021,2.328021
0x277d1ced95152853ce1a55de37d69e1f72163c06,2324491,2.324491
0x8a54b40fa78be7444cfe0e3f6ff61ec601cff62e,2324491,2.324491
0xbe12009bc8ed9920485c517e54300dfc89f527a1,2324491,2.324491
0xa9c7d501bb6d9fabebedfbad6e3dcf043ec03f81,2324491,2.324491
0x38cef81a11bf382b419300ef16410317a971c8c4,2324491,2.324491
0x68be943d367c53de4b403963d1f228ebb4c16f60,2324491,2.324491
0x205037223fc8820eac7bf09a2d63fe5330744564,2324491,2.324491
0x7801b7d81ed4a31d0e0654d0fdeed7b827175c75,2324491,2.324491
0xd50d8f36de663e33db1843fc07f8d4e8e71a20e8,2324491,2.324491
0xdcaa4a9f23ede857cb8e8dec3e80b026d0be2aa4,2324491,2.324491
0xd6b0623c632ebdff3e8aa57a4b62c86e00d31197,2324491,2.324491
0x4b44ef7a16737f750e105d4d90c759827ee856a5,2324491,2.324491
0xc72af333f3d6220a964676b9c8700dd1912df7b4,2323535,2.323535
0xf5a40a74bf78150b41177fbf7476d395900d28d6,2323431,2.323431
0x0c82e08b1b4e62033d2ac3010eb774b30788b8ff,2321531,2.321531
0x635b9b9f1da50eb0cd6883cf9f42a49555838575,2321523,2.321523
0x0135111a7f054ffcbbf429ccdb983724a87b4009,2321415,2.321415
0x2b3634ebe8c9b4fb899164130dcd3c154f5fb578,2319072,2.319072
0x1b60dabf1e6f27755c71fc19d926cc465f9b43c8,2318572,2.318572
0x52b4868b362adc3365b9a110ecbfe71e2b36bab2,2317152,2.317152
0x774ab75bc5d08f30aa207243a6b32105f1f1820b,2314080,2.314080
0xa0f430559608b06844b7d5efed3ad3f604e3d697,2311519,2.311519
0x83ca6e16db349f9e815509a3d3e99d9e8c758b3b,2310644,2.310644
0xc5572d0df34c80881f835274ddff1864b3e8b586,2308632,2.308632
0x0886e49018957181efc4b35653ffe82e61bb4547,2308579,2.308579
0x921d58c0cc78aaf04652ff28e68f66d15ac7b73e,2307512,2.307512
0xce04002d9e12403be774a32f07172666daf6d5e4,2306157,2.306157
0x2cc64f4cf32f6bf22a3db0c940b8e63fe558c164,2305634,2.305634
0x77f7035a7140c4c350f2424c94f742cb5ad1662a,2305254,2.305254
0x59080377d97f1bef9daa7681192bb8c9558c9642,2304980,2.304980
0xc270b3a8428b222905c2564b0118fb4a0e10bb81,2302563,2.302563
0x617e4eae7baa0773d015f150068af1a873295265,2300632,2.300632
0x254f54e0bc128ae9aa840928e77b7a516ca10ef5,2300145,2.300145
0x9cc3eea8dec79757f61c88b4ecc5b1d9de7fd783,2296858,2.296858
0xda54c347c11f16442fee834e34815f053aa49696,2295495,2.295495
0x3a00ed2aaa6db8d8612ff1211cba4973a84e6c34,2293402,2.293402
0x4c9c3626cf1828da7b58a50dc2f6aa2c4546609e,2292717,2.292717
0xba5da67dea8c680aea24d42a32ebdee174fd28e8,2292373,2.292373
0x34b4998d2edf48a99710932887befc12ce3f808a,2291041,2.291041
0xe115df4565090cc9b1a7d9797913db4a0e9b986a,2291041,2.291041
0xde5aed5d0d3e0f1b322c3bb53c32cd67bc202119,2291041,2.291041
0xb415feaea73a5e716622ac58b41887a00be4e069,2290806,2.290806
0xa2e83e57502a89a3af7ceacc195b320f9ad7d64d,2285179,2.285179
0xcf92621890bfd4a4d37eb38d262ced75c34210cc,2284996,2.284996
0x0c2da22510434ebb2a56b20101eb9647256bf370,2279465,2.279465
0x53d09055e5b96b676816b1bcbbc20ff00df6f8ab,2278112,2.278112
0x3949d837066edd561c614edb1193667e8acf8e1d,2277529,2.277529
0xd02cb6620184bb8dc9cd5bac67bdab95a1f6b66c,2277358,2.277358
0x74193c3caea3a418ff015808624997d730dd24dd,2277095,2.277095
0x03e7e8e7dddfb341e60e4d54dfb2800566f42dce,2275512,2.275512
0xdc05e71bb0d74a9798a844244c318499357db5a6,2275512,2.275512
0xdffe1cf1a56265b2fbe73f4cacecfb42081f895b,2275512,2.275512
0x150e90bc93e1527b6d45df5b802d83d575b76126,2274769,2.274769
0x589f970e3c8d7e00b38112fcb01fa879d4061a67,2271236,2.271236
0xa51b5e9b89a59235db4ad11dd5db0df53751a678,2270856,2.270856
0xf43b81b967f9f13b7efc497b4fcd088763aae8bd,2270103,2.270103
0xf93c3ea77d885c999c3eacd76e97dd51ee962649,2269909,2.269909
0x23ac96ea054c5bd337712205d0997c286e057caa,2266617,2.266617
0x5f83422e91a96990e86b86c9f852476ce94ad053,2259985,2.259985
0x86c1d9baa58e1b8e397b91cb2837039879ac5e79,2259985,2.259985
0x5dab7e7ec7f6995f5f7039c5b0a4c04cef894232,2259325,2.259325
0x7bcf8faa5b57cb7fdd5db4580c1cb86b4049e85c,2259075,2.259075
0x6dd44477808e8e1a77b1f4bc10b32d01d7051597,2254495,2.254495
0xaf3f185113ecc2e7d76628d2b3f383cc8ab2683c,2253106,2.253106
0xd6c8af67720a07cdf7a0e77f08dfa9da7d916a6d,2252501,2.252501
0x88334068b6538178f788f13d92ca4707a86e263a,2252194,2.252194
0x714815c2ae331ee46ef98f0afdaefcc09abf5935,2248447,2.248447
0x078cc4caa131eb9d6d3e31847946d5f37fd3f58b,2248152,2.248152
0x59726e4f2f8813077a92f5190c0f9ac1abb7ccb5,2247705,2.247705
0xfa68e043c0775626f79ba4efb3acab5fbe01dafd,2247705,2.247705
0xcfc25811af4d9073214b5f652fc6530c4adb93de,2247705,2.247705
0xf5d8f53a36c4bbef078e352ef38cc06132320d3c,2247122,2.247122
0xa10f725beeadb5a7ea653b3f5eecf786642b6fed,2245470,2.245470
0x808651110662d3036b3baa1758532590461f4be6,2245414,2.245414
0x34aa6f9c5d4e58a5bafca671ea9ea7974c19469c,2244784,2.244784
0xc20bdec7f6356b8f69085ea37fdbeefd4588d2cd,2244670,2.244670
0xe2e0128e2f810d81c6b3d29b6e2429d5fd024c9f,2244458,2.244458
0x726914111af99b7af79491292d86ce27ef06f63d,2244325,2.244325
0x096f9473dd6763e9800c0d79fd6613a61400d08b,2243845,2.243845
0xdffae66799832fb7758d4b5b8cd9077fd3c2fce8,2242881,2.242881
0x9e596a18308096a9ecc4da5f9d0d34f6f3bdebfa,2242522,2.242522
0x9ea21cbaee19f2cf500ddbdc9bb1d49221f34aec,2241919,2.241919
0x5be641bb798c98b1a4f3049fb45057cfc1e8d480,2241366,2.241366
0x7ebae76523495f0473ea934f75563cd3ba7a8850,2239336,2.239336
0xfa2ea98950997c2292175cc2e32c33aca4bee7e0,2238304,2.238304
0x50511f69eee36d9d21d715ec2372de01fac65b32,2237532,2.237532
0xbece41385ac1f34ca8066e5166db28c750b94d19,2237000,2.237000
0x1cf7fdf0a59d4d78d585b2835afa52272ded11b8,2236694,2.236694
0xd0e36b086068ddc73879f12eec97a73df80ef319,2236694,2.236694
0xb7f0f0c0179e247b8ffc88dee314b2cd5682a425,2235720,2.235720
0x0c94448af957cf350d78385424f1021b5cd09c24,2235449,2.235449
0xed38c8326b6a20b200e580237ea7444bf163a320,2233842,2.233842
0xd77b444d0296fe1f5932a9c31f671b6119d59da8,2229751,2.229751
0x67c8db836b46e61804a744478bdc7d3804782577,2227268,2.227268
0x72dee3f55e20db5530257bb20006a4d79ffb811d,2226711,2.226711
0x75f2bbf3a10b67134a780fb7d6da5808265111f7,2226520,2.226520
0xb0d09386982004a00303e5a92014aa4f6a8ff685,2226520,2.226520
0x8978be1b2082d10ea95533d2897ddab53afb97e9,2226520,2.226520
0xc71ebaceeb26fd219023f50198269073e0720908,2226520,2.226520
0x663052ad99b85a8c35040c4fd1cc87620f4b61f1,2226520,2.226520
0xad0767cb0a30623dd55bb07c535400d27d463ce3,2226520,2.226520
0xb232721f43afb91d43661693b3a862fccfccef0a,2226520,2.226520
0xfe9d5731966199097797b4c13fe5bcf3f0c5906f,2226520,2.226520
0x662f3f39fedb7c57c2fa855e6bd234be52595728,2224315,2.224315
0xacec81347cc1450d04aa5dd16d043613174d6387,2223515,2.223515
0xbe2b9aac336e192a8c346c1aba59a4ccf1458cf0,2223451,2.223451
0x7d562495577a8d52da801b2f54c6d5bebfcdb201,2221969,2.221969
0x130c2c0764be2def34b9d65005609ac1e4b8139a,2221483,2.221483
0x0fd255c88d74805edc28505f968d1329ed16088d,2220595,2.220595
0x08dfe1ab458fcdda15bd9c0563a1fbfd95ead062,2220202,2.220202
0x79017096bbd443ea460e23bd073a2e819b64dc58,2217017,2.217017
0x1819478264c6c7833dd622330be5df928c30b436,2216821,2.216821
0x0bc3b0596324e165436da79b5b7d91850cfdbb00,2215612,2.215612
0xdc3869516de392cb069fbcb39696673e64cf4b0b,2215610,2.215610
0x156d855a3a3ad5438c155ecdb7ee1865ce95b8ba,2213405,2.213405
0x99040dcb950981704ec551f1bc9712d9ca74d79f,2212717,2.212717
0x761327568d20b832e3934229c63e715095e28596,2212466,2.212466
0x6dc73ba3c27f1ebbd46843fa03f5130c12e9a838,2211920,2.211920
0x469b9c4ac80929cd01281a976feceffa4b352141,2211767,2.211767
0x4a6f70fa40aacb9f0a94c6fe7e32eaf289ddf844,2211640,2.211640
0x2936564d40fe0074266a9da06feeab15bf3734bf,2209579,2.209579
0x1a78994f6acdd00d69353c06ad275a3ec8dcba37,2205820,2.205820
0xbef6bb88a046d3edb41c5dcf6ea86aa1283d2dc0,2205435,2.205435
0x7e36eb5ddcb5b0613dd147d320612224a136273a,2202981,2.202981
0xd6d65719bcbfdbd5c53e5858d335315ba6b603a5,2200620,2.200620
0x8ef6594f146acc9a55a6351e410699b95c9f115b,2200268,2.200268
0x91b6e960806835b10f3c93f75fab6139f7790cc5,2199880,2.199880
0xd94e1c5376665a9b18ab93542d38005c36d64790,2199174,2.199174
0xafe2b51592b89095a4cfb18da2b5914b528f4c01,2198839,2.198839
0x21bf19b24cf99bb7ab9fada4b606a886b8a7c469,2198368,2.198368
0xecda2c559ade78ff0a3b1e5cf0ecd0d23143827b,2197878,2.197878
0xa969d4c62c78495f470bcd87fb4170cebfea1a24,2193352,2.193352
0x4160a562147c4c71c370ecaa3113635fc7080eda,2193336,2.193336
0xdd87a8ceb7dc2795df1a52559404c376431e1c86,2189828,2.189828
0x3a5a5089186cee8a9c58d5083855d20b1a8671d4,2188164,2.188164
0x3e20eaab33f13a96adfdb876931bd6686c79ca1e,2185176,2.185176
0x58b9b6fe7427ef6a7f6150d9492af2ebac5bf58d,2182348,2.182348
0xf756996d12691292248ffa75d017718f530003fa,2182348,2.182348
0x4287d9b993858e72b2494fc7da5c11d2b98ec484,2181435,2.181435
0x03bee4ffe4c04dea00b8c498e390436220104b20,2181300,2.181300
0x1c5f481ca3256e94229b91496e92a9d85315bd5c,2180446,2.180446
0xd54684c2c86ac4976acbb2ac9d75f285183d518a,2177993,2.177993
0xe92c3309fd8228eb4f9b0da7cd6ab56afb3a597b,2175907,2.175907
0x48dc3a11dfb47dfa90641f638a96feeef64a5689,2173838,2.173838
0xd636436b08b72332acc69899ca0fb269120e1ab4,2173681,2.173681
0x577adacfc2abc51e98568d55916461655adf3fd0,2173084,2.173084
0xed3a3a50c4edc40ce6b81a8f0abff71742f22ce2,2172475,2.172475
0x1dc95af598849bc744d942851570574afcd43d87,2172058,2.172058
0xd935b29b09703bad7414c2fcac8a12399d7f549a,2171984,2.171984
0x96d5846098834e6e50f00b69028ab4b972ea0a8a,2168003,2.168003
0x5fe01937fedd07a048d6786d3a8a112f4ded5593,2166823,2.166823
0xfead9735a6474511aa17d71c3c4589eb8ccc5107,2165109,2.165109
0x4b58145d1f0d16985ba42b1066a60c26014e85bb,2163972,2.163972
0x42cbb3ed25ec3122dcf8eabf8792976f960a3f17,2163051,2.163051
0xbc09716f78c97f9a07821d3aec752512228ea17d,2160687,2.160687
0xa58a950cc6083863d8179171d8a18a3537f46c5c,2156990,2.156990
0x507dadeace4af88cc7e9645a521a75cf9b6ff45d,2156843,2.156843
0x5057b02b18801daf1e8fdef922434f6f5a161f4a,2156145,2.156145
0x1f8bbf193a4bcdb904dbb7d198fef064088e82fe,2156043,2.156043
0x7a7139a95ea0017a60251e69a46eb350203650b1,2154562,2.154562
0x443f47819fdec3cb1d8065d9ae4c3281df9bad79,2153106,2.153106
0xa36010f45e09e12c4ba756bfa5c0b46fbb35737a,2149565,2.149565
0xeca6bdbd6428c141460159b289440e66742aa71d,2148003,2.148003
0xf57f7ba03c4c399d8be6b594b4672d39afd0a236,2145899,2.145899
0x445052a6d2e8469c5e8ad5cae8e8bb8f717ffbe5,2144948,2.144948
0x7ce38a8967ea362ce1f842e821670e237d429034,2143019,2.143019
0x3c7a849bdb1a51248147b13c9fa47f9ae8d9fb8b,2140938,2.140938
0x9f0a051644fb5fcac772c761acf1a0b0beb8d687,2140550,2.140550
0x01467c420df8d9556fe5dbbf02b0c25c42226558,2138223,2.138223
0xfa671dc6db978cc00210b7a2bd5641c911ffb37c,2137509,2.137509
0xdcc6c935da5182917d7c72a5965cf2787dd43a75,2137476,2.137476
0x4606b7859cf8f58718d81c11cd285fd70fec49b8,2136903,2.136903
0xd60d7742cee8bfac4b7e115e0e9ab28ef5c73844,2136834,2.136834
0xfc2b9498456efc50ba1148949bbe913ff961a23f,2135752,2.135752
0xb44151c82ab81174c664f061bea7b4895edd3a68,2134828,2.134828
0xf7961af1783ef0bde78d276a899fcfaf6c6b90b6,2134828,2.134828
0xf87f2f836950e58e829b6cd94cc5ead4283e5ffc,2134828,2.134828
0x7005ce10b615b59fae38326720dc24f4271bddb4,2132292,2.132292
0x4c5450ae953a3373f171e27d08cf5b8f4b741fd1,2132044,2.132044
0x625d6405dcac9c82f4b681a131d9182115448f75,2131496,2.131496
0xa73904a70f681c68f5753a809977b5c05c03528d,2130469,2.130469
0x7ad56a9fe8ddf6a0552682240c089b836707762b,2128916,2.128916
0xe345ec0931d02b9edc9e962dc929c9fc14bcd31e,2128838,2.128838
0xbb4c76c599e24d2c8fdb3109112ca47820f70f34,2128546,2.128546
0xf6af03657d52a0df99d588aec0d25400ceee9329,2128460,2.128460
0x7ada1723767a590b44a44848b6466b1fa1d8178d,2127223,2.127223
0x0682ebec1f898110d1e5741e2c7dafffb6a47870,2126299,2.126299
0xaca3b4110403f3c4dacb35a7b3aa0a84efb6a3e9,2126299,2.126299
0xe3dd74d8548dc1a96692c303299d1682a377669c,2125884,2.125884
0x4a8045f615e62797be3ee3789222691d2f377c93,2125884,2.125884
0xa6a97c1e6f99c64579d2e576c0c3af4304ee314d,2125254,2.125254
0xcd44d11acbdde9295383dab9ed52a3602bcc7a7e,2123875,2.123875
0xc23cffd2375ade722720fb625ee0af8efcb7d622,2123139,2.123139
0x58276a61fb5ff482ad103ff1a786daecb3429d00,2122694,2.122694
0x462870a83c0649ed722f8d43d40af97b46dc2354,2122584,2.122584
0x38aceb835140eff716653fc13c441caf99325122,2122429,2.122429
0xf1196bf726ed9227507f5a8b7c87ae177124db2b,2122415,2.122415
0x22ce7d6c713b84d78a1f9a8f4ba8f661061a2cae,2117771,2.117771
0xc0cdbcd0b24361df8a888e18d2a3cedd4cec948e,2117736,2.117736
0x734b02c15070c66becc21bda2635b74788d2ce6d,2116497,2.116497
0xf83e2079122810fb313a67a89004ccbc7bb75d8a,2115781,2.115781
0xc9b7718f491fb5272c76fa3a82bff031926b3d4a,2113024,2.113024
0xa28560bec8660bd757c45ca3d987e84102df7b22,2110777,2.110777
0x28700eb7d5a78e2023d454368f9deb2ae267f321,2109185,2.109185
0x81e95e2a2baac36fb4c8db250b69c54ca64e78f0,2107079,2.107079
0x25cabdb23164ee904981dc58f8769fc9d08b9694,2107079,2.107079
0x4e39e9428ec2577978513f3d21649c3aea67bad8,2107079,2.107079
0x97f08a85f37b37a273d46fbc98ddc42df19f878b,2107079,2.107079
0x2b692a777514e42abf301b20d8155e22db97e749,2107079,2.107079
0xcb53b4df5b87010e3badb57c8eab41703ef7bd71,2107079,2.107079
0x353ffb9e77919e47d83702ce95154f89cca9c43c,2106332,2.106332
0x9a99a08e933b16cd31394dfe1f161d8d67272548,2106311,2.106311
0xa4217933902cdcbc2adca6b9fedd8fe008038d9d,2105576,2.105576
0xb4598075fa4cffc7f2382dce1664499209f44f27,2105331,2.105331
0xb883ba27446df89e562b14eed1274704a1fecaa5,2104713,2.104713
0xdf4b8f28d857ba54b0d1246dfe3867286be0be4f,2104262,2.104262
0xe6a52260694aa80fa0ca152acdc868dea4566f2a,2102538,2.102538
0xb7038beb942b1264554f84c2d4d2822ddabd3199,2101389,2.101389
0x6d70f575a7b0e0e37c55a941343caa5f5874f564,2100674,2.100674
0x648d938b2299ed918db76a477aa3b9cec6955286,2099471,2.099471
0x963b79f3af502bf28a8f02dcc458c3affc7852da,2099471,2.099471
0x2b6a06a6fff70db79a5a8ee322549ceb43782bde,2098569,2.098569
0x7a9a1a4bbe0da993dd7ae984d8c6180a673cbecb,2097702,2.097702
0x38db882a30f3dc906f6db5cb86962ca2bb687f2c,2096371,2.096371
0xa2de4e41143cf04d874c817acb0bbd0e47854dea,2096371,2.096371
0x76648aca7eda8e0d04e9b58cfea50b87ae28a01b,2095935,2.095935
0xdbeadd225d43e3054009ee28530307beb72306b9,2094839,2.094839
0xdf4caeea28564637bbfb9d7b5780e7c1ebcde72f,2094381,2.094381
0x315475a886805803a62f6c5e1390eaa8ca752e48,2094242,2.094242
0x4ba74ca33b8addae10777860c8d30f0f19dabb45,2094133,2.094133
0x8134c1bde1986ce5f21777e2b932024449c6aa58,2094133,2.094133
0xda30b978756d089d0be8dec4177d9518ff04f4ab,2094133,2.094133
0xb36e8b902edacd7db9eac0aaff84ab0a2fb21cc8,2093741,2.093741
0xd9390b46a1749dee5325a490490491db9a826d1f,2093656,2.093656
0xe99a061a5ae31dacac7c0bf7d281435b212b50c4,2092968,2.092968
0x7c032f4e192514506d7aa3e188c676927d5c7bd1,2092041,2.092041
0xf8f78f0d514e1039627422efb0d3c371933a58ff,2092041,2.092041
0xf24c337a359e1889447ce83d89dec98ac70b2f64,2091835,2.091835
0x7bc65ae35134944972c0fc5d62a7e96aed0af6af,2090998,2.090998
0xdcdcaa3e48d0889813a229bf339ce4c4e294b374,2089374,2.089374
0x2cbff3f8bf8ddd17eaf16854812a0d3de9a3c3e9,2088958,2.088958
0xa5800276fe1b92f11fcd4dc913e36578042a7724,2088644,2.088644
0xf7476db5b717ac661c027e684456115ab1e728c3,2087407,2.087407
0xe7c516c631e2565c401a5a03f020008d90edcde0,2086144,2.086144
0x1e73a484f4bf700f264561f2df8b9aea4f8d27ab,2085407,2.085407
0xe88ade0824ba4dd6a36891dd60b83c20462b3545,2085002,2.085002
0x66a8ad96013627cd98fb9cc41f0aa3e383a35e08,2084885,2.084885
0x1522c627472ce025df05d9630fa51779683ba698,2082661,2.082661
0xf639aa042aa3372c142c37b4c54ab21b38e00a5a,2082183,2.082183
0xb866d0f65ffc9c4741a8bd894dd79e7bf36c7d28,2081423,2.081423
0x5a33c84920cd481af1b9f937b9074356f650d3b4,2080490,2.080490
0x0012241757b47cdf89c4f536822de83e0dda42ad,2080224,2.080224
0x08d317d443772407be33e08c8d6fa8fba40c6dbe,2079285,2.079285
0xbc054338d8c86f93cf2cc746673c6a2816eb34ee,2077700,2.077700
0x2efac230ba621d4dc85cb6b9fc16b27af850584c,2075756,2.075756
0x013f901e4794a3668d1fb2ed2078a3c5b135228a,2075756,2.075756
0xeef2e73c5e2f21a8ff84414fe4de897e245af2e0,2074459,2.074459
0x302443b2b21ef9138aac1a6a2a53530c1c50d946,2072460,2.072460
0x29dc1319b604edb25624af593e72a555eea6fa86,2071979,2.071979
0x2567603b29c48f895a9e5b25b945e3022c78024c,2070632,2.070632
0x7dc4f81ba17833a323b43e58ab05c84e199061ec,2070327,2.070327
0x59c925a626d1700720f05f5cbb7192450e2f1dfd,2070174,2.070174
0x75142a5782f17ac442e0c954e06b41935f99f115,2069041,2.069041
0xe329d6dbdc9b2a06602a9ef2691ab516860fde78,2068470,2.068470
0x283fb0181ae0fce6622128834f0e73fe0486e32f,2068344,2.068344
0x715e48365cc0a3f98738e5754d840eb030b60f16,2068134,2.068134
0xb509daff3b73029804a565848d7b3706a5925b03,2066426,2.066426
0x10c3a9115622eea61e3f0e696ab89a6ead82b7cb,2064617,2.064617
0x7d209b82ad8668d790cbe64370b2b5caae4841f3,2063454,2.063454
0xbec66281ca746957d5d57b0adb2ac66d6195ab59,2060682,2.060682
0x9c52ac835df85987b04d274c381970372671b91c,2059096,2.059096
0xdf0d40e0d4031bc2aa4ceb249f20068d0e30fe27,2059096,2.059096
0x68e4fcce1b6fc45240569485f30d4ab9f9af9640,2059061,2.059061
0x1280cfea89a214b490c202fa22688813df8d8c04,2058035,2.058035
0x4c4b79c8a210df34b278676b31aec3e4023b6e58,2058033,2.058033
0x37bf373214b759e0c834b53cc02768f8e1e23b91,2057164,2.057164
0xcafc9f541f23e950e6f26fc5ed7620482cfbd829,2056757,2.056757
0xb9e73f7422e59b71666981f212d3a248ab3794cf,2055263,2.055263
0x2b794662176cce58a59c929d80c70d460047d08c,2051129,2.051129
0x37b1d27e2b53cae2f902daf1fe9404d43f0686c3,2048416,2.048416
0xb4c47c642ea41cb9ffce5f6c7a87bb6e3072b8a2,2047051,2.047051
0x727404b4b3407c4de74be61185c930df32edf572,2046427,2.046427
0x6497af269cddd099c82f09208b89c62faeef0545,2046400,2.046400
0x5a0b8dedfc06f1412484447d376119005bf85ddc,2045752,2.045752
0x985e156e700de3ea004f3c101575dbdc265832a5,2045163,2.045163
0x45da9cd0a16103cfb218034500465875b72e56c0,2044773,2.044773
0x3fa93b2d9b95faf616c4c749e958f87f1463b4fe,2044203,2.044203
0x78d0a28d5d6a7e053aa39788adaf9fdb446a1f4a,2043699,2.043699
0xc8bbf0d5499a9a4d00aea15d616d6433c7f60f7f,2043432,2.043432
0xfa7321d7fbe95d43ec76e8aa14fb4551b476dd41,2043069,2.043069
0x255937dd89d4bd936a14d9f7a3d79e18bd1c7976,2042612,2.042612
0x282ecd101b2164743d44ca3227b0514f8dd8d4f9,2041754,2.041754
0x9580a49d25b160711b74bd1acecd34e3dcbd9793,2041528,2.041528
0x43f708c3f68b5fe2fe5cf38844b56613c71fc544,2040824,2.040824
0x0256452c6674cc9d993e834b48e8c8fe99c61b68,2039224,2.039224
0x1e3153311e5e42ea37b013d1fc9ae0a60253deac,2038908,2.038908
0xb630cb06fa9dc7c3e94df5c49f24b112dc98265c,2038906,2.038906
0x3d89bd549cb2415d970533ad99cca70715f7a63d,2037276,2.037276
0x44feb4faaa05219cfe83f2c587ba05185069df0a,2034520,2.034520
0x9cee04f969a6bc8d6d9781058d354ef41c6d3f65,2034515,2.034515
0x660f95e3d6fc0a67cd6226a76bf7cf31a1c2a6ce,2028501,2.028501
0x168fa75da15cd846b49939a58b48589b24b10a57,2028303,2.028303
0xa7af43d6e8d2d6090eb8f03c73eea7ab7a4e5537,2025806,2.025806
0x2685b68b05344be5126ed1d6d62b3aba31f3c11b,2024401,2.024401
0xee85bb8490c67bb3c469b4f45ba8f3b90d7d3fac,2023141,2.023141
0xc7117bcfcc78123b166513c99d673d7acc76b2fe,2022943,2.022943
0xb3516266dd3d1148415690b7f43026728bf7dd03,2022933,2.022933
0xf7ecbd0f95a945a30bb7d835ed808b51bdc3cf0e,2022933,2.022933
0xc3786ed8d1d221b6960daa8a1c2c75d281eb25f0,2021508,2.021508
0x1223e13ff2316d55efc0a67fb53b80f1cf9dee70,2018987,2.018987
0xc9455131253e1baaffd25b1af414ace6da9f7d19,2018909,2.018909
0x051c878dd9776059d2d9915067700a55b76a3f11,2017835,2.017835
0x45d94328d4d8dae8be7935995ed7dde94f1e5378,2013150,2.013150
0xb9c9519465bcf63a30c23909fd4cb31fc900248d,2012134,2.012134
0x2fb10b6370a1d9c0656a9409f9744c5eaa24bdd6,2011119,2.011119
0x89b0fb6eb9d83e6e50915aba19b92fc80a58f065,2010833,2.010833
0xf8d76f8df8b477e471367a1992b7278cbc1d4756,2010593,2.010593
0x08fac158a385489000859f6d25309864bfdb176b,2008604,2.008604
0xe9f997039d08b2f4ac7158d6405e28ca205e2ccc,2008554,2.008554
0x226475888418bdd5b29c2c70bbd133869df39d08,2008510,2.008510
0xc994f015b330cd660a306d365b2ad04098a70374,2006950,2.006950
0xa780edf1c52fe13867b7b4a59e04182cb6b94500,2006387,2.006387
0x45d87c10c70542ce99063027b96855678c352f2e,2005718,2.005718
0xd575000b5ad4fc4fa1df5c9577c1314420f9a16a,2005127,2.005127
0xe6584f948e5c9c1bdabf84dc5af75b94019393f1,2004852,2.004852
0x558c93755d3229d7d6ba125466beaf9b28f2bec3,2004666,2.004666
0x5bf6681a73a33a076c5569a4e729f41ae20bd901,2004173,2.004173
0x7e952e1858904c3ecd78b468ffd5972bb7870534,2002297,2.002297
0xcb1c65109c1f97b3ba790c0673ce80fad48778e0,2001298,2.001298
0xacdbc3142bc143c37c90508c4014c5cfe814b965,1998928,1.998928
0x5f023a855586ebb99f6261697363375a7a5e13ab,1998523,1.998523
0x35beca96fe931927924bb1f2831585fcfb4cf2f4,1996682,1.996682
0x901648073264db52846bfdedb4e98b96b48ae3e9,1995461,1.995461
0x5432e6c44fea2f15576865db10497b5f01800eaa,1993818,1.993818
0xf11d84b1a46985924c0f23cf70490d31ee262e06,1993095,1.993095
0x31359e110a770b73e4c3c7304aa8737b377cd359,1992925,1.992925
0xba8a4ab3f288a1d2d83720c27c9734288be771f0,1991896,1.991896
0xf4f79bd6f9fc9e7dafd0243c67f70f9c29e501d8,1991094,1.991094
0x3070a0708dd04ec3a07bec6baa75e14bb7169c55,1990850,1.990850
0x50ad2ba3aeb280abfe8699f5ac4e11e1482967f6,1990423,1.990423
0x2b4abbed4bae2a5486ee8c21ce961ac0513977ce,1990243,1.990243
0x8969ba103a73625e9416e1e4566a262dae075987,1988001,1.988001
0xfc705360363afac65e53d39e7f13280635d7b2f7,1987895,1.987895
0xc60b3ac568bc014c729d06d453c049007f777cd6,1987398,1.987398
0x5f1447d4e6638d9b229e845676208b75c32216ff,1985382,1.985382
0x867fc392d764f52bfb9224ecb0dc9b0d216f500b,1985220,1.985220
0x7eb83b4ac82729f26835bd615f7eae011924c88c,1984919,1.984919
0x3e62951ca2d8c7e3133fb2a5cac5c92cb657345c,1984919,1.984919
0xed846e9d50f698919c29575019c3e78aefbd97c8,1984201,1.984201
0x03e5b4c43566013c1bfeb878afbe9b00b41070dc,1983234,1.983234
0x4e7875491ec4764004740d8f579d8159b74e9621,1983033,1.983033
0x81bc75f99d8cf88677239f0b847379b00f1e822c,1981933,1.981933
0x7aa1927d30493eae9055e1a4f4bcceab4f03c922,1976114,1.976114
0xdc67a2db7f8d3ff360bccc7f7cb87be15dedfba1,1973917,1.973917
0x5752ec8fadcd7b8f03087b41e48e41584aa2db0c,1973557,1.973557
0xc0b36dd5e200793b8a7c401e924dc51d157934f2,1973053,1.973053
0x9e60d6764c20923f7fd5e9e07d28ef4a03078f21,1972516,1.972516
0x03a673e4a53120a0f6f57e49b202f38553917136,1969405,1.969405
0x71de9327576fd284dfc6381b9f867e18d770e414,1968066,1.968066
0x4cab7b1b4761cba83909096f443c9d9a9d7e64df,1967803,1.967803
0x17e58c7e593f582b0df3d704aa0243f96847c5ad,1965699,1.965699
0x3410e7bbe2cff0df62cbd4cd79989650d17b5704,1964890,1.964890
0xe89b6b01eadf90677af7e07db5a04c53e7d76d81,1963105,1.963105
0x530b4c59d04156f02e95a349b1de94d41a3ad19d,1962507,1.962507
0xcf41af0e91fdc09a2adf391e2f9d44b0eee1ee7e,1962501,1.962501
0x8f8fc242030757a135aa7275d94e909056cd68bb,1961437,1.961437
0x0ee614194e8693da786fac2089a4a7f665eb958c,1959747,1.959747
0x139ae7ff14a1b3f74462c097b667336c64333ec5,1959571,1.959571
0xbc0ec04101b50966779ce56c7945b5bf0249c36e,1958559,1.958559
0xb3ed4696a6fee53920e67a5c15bc934ebb7811fc,1957473,1.957473
0x30df4b0252efb3721933a73dc28584e92c0633c4,1957201,1.957201
0xed2040ed8299e80719fa1be1dd9f785dc8c10d80,1956902,1.956902
0x01de85f694d89f1be514b10e847c95c0b14f52f0,1955615,1.955615
0x179375f58dfc3becd412614251bd5deccb2c8dd9,1954012,1.954012
0x623396c27fd7f273a5681b91711c6403097d8b0f,1949066,1.949066
0x3270bffe95e1aa9a85ec483b87781ad31608e7c2,1948205,1.948205
0x38303ab3d6271abb7c296b711a1a517cccfc3002,1947014,1.947014
0x0af3318c4060eac02d50e140de2fb0e492b59ecb,1945803,1.945803
0x60ed9bb02df1f13be39abf4228d561d40489c2a8,1945411,1.945411
0x01c718a7da62ac15cf97f1f0df5ffdd5cb8a1a02,1944293,1.944293
0xc437a29ff00181c06032eab58974199df274c526,1943624,1.943624
0xbc4ed96cdd7fa0e7ddbc5b2a9633fa52ce2d66de,1943311,1.943311
0xc61bfa339925f3f85444ff0cf2f8be716ce718ef,1941075,1.941075
0x9c303de078c7252964059cb252d0dce2bdaa568f,1940172,1.940172
0x3d4cfddc6b09b1143108538baa77fe32e81169d7,1939411,1.939411
0x9a8a64d2e456eb9384656ebfc405a4ffb1b3bc79,1938130,1.938130
0xcce588a96dc9026d29ab38ae1734e681fb151e87,1937208,1.937208
0xe8c6cee0408d8fcb1e09dc13149b6d516c32ff70,1936590,1.936590
0xa5fc45ad5d0d9338427e6764543710d98f15e409,1934721,1.934721
0x7308bd2ea2bc85b44e44c64b30c14c189f75531d,1933839,1.933839
0x4f5e21d1ff2b31ff76d51a74daffba17360f5803,1933779,1.933779
0xb85b08094f7d428788466c1eeeb779ad969b1782,1933528,1.933528
0xb5cf3c7b666d0787ebc059a8c2ebe6c85dd3db43,1933163,1.933163
0x0ee23d89398b0a7fdd89efae05a12b411497706a,1933163,1.933163
0x1768f020fb3820a468caa6e77eedd8f51f320385,1933163,1.933163
0x32b5848fd50887eab2fed18356b19c8cb5dc7be7,1933163,1.933163
0x9fffa32a6b3264badfc8c9653b7ffecf5ca516ba,1933163,1.933163
0x8165808eae360345d7b5984b6b4ee0c0aef3fda8,1933163,1.933163
0xaae373fa04493f37a87b9240bfe559001f88826c,1933163,1.933163
0xbeaa19fd0540cfdf5c0acf3ddccc38567f738ea8,1933163,1.933163
0xaa5f42d96eb6361a7d88550bd75864deec8ae208,1933163,1.933163
0x5a376be8c820841c133de9a320b9594b4e028531,1933163,1.933163
0x62d329bb6e4b46a3db7e8e72c13cca0d45c92ae8,1933163,1.933163
0x83a3db493df057698da645952b3c8475517484b1,1933163,1.933163
0x92110e058b7ba35a65e7040cdf79b8b47ffff3be,1933163,1.933163
0x9c0a0df1e6b821eb7578eebc11a811f708e5a0e1,1933163,1.933163
0xc80adcb58a554b25d3e4349454ee62c243270d84,1933163,1.933163
0x924b6bd73f67b107f28c4e5c8cdc2c1def3c6297,1933163,1.933163
0xbcdbb4e19113d01402b541081c3bdd99f0eb1194,1933163,1.933163
0xbed838ebc2f700ac86512f00726ea5705e4b904e,1933163,1.933163
0x63a94d74a80909483b4156fd12e627747dd51cb5,1933163,1.933163
0x72d37030c5a0ede52dfbadc394b8ba42dae89526,1933163,1.933163
0x3367e7df2c2eafe496bb063f964efab9042de0dd,1933163,1.933163
0x63123f67090689fdc770001c11801b3fb70ee7b5,1933163,1.933163
0x86673d5e957484d250e29e78c2bbad47896099ca,1933163,1.933163
0xb54b5fc16b72c8b04df9ee7b76c420b58c34f477,1933163,1.933163
0xb790c1e3a65167998d1b61b17b5fb9404953da6f,1933163,1.933163
0x230a9c042183521c58d9a5d4f14bb13d449b29ce,1933163,1.933163
0x0bab48642849d71e292418b747bf4e75c97c54d5,1933163,1.933163
0x150e53fb72632fe0628b751426044979af7c65f9,1933163,1.933163
0x1761491759a6c4af1b5cf6cc85d7b69cb31c51b5,1933163,1.933163
0x2004f50d3cc8e102c69af78246b63077e13ac680,1933163,1.933163
0xbecbe1247e43061e5a6c6b2f136d1185185975cf,1933163,1.933163
0xc044c08610bfd4c74c3aa659751b6683c8402964,1933163,1.933163
0x005570d5c75e68728b64ac82d270c24f77128ac2,1933163,1.933163
0x094271eb44706e45fc80288f8ad63a4bf2e03ab5,1933163,1.933163
0x11922b6bc2bb2640a9b9cb3b0cdca9f777c42099,1933163,1.933163
0x4871425cae9be88f7db35d9eac34533177737c22,1933163,1.933163
0x9ba5d0d0274ace02708de0cfaacbc52fb33297a7,1933163,1.933163
0xcffb2d911887d04f74421980f6a9f714d84aa1b3,1933163,1.933163
0xfe8b398e8ad4ef3e321748ed7777be21120633ef,1933163,1.933163
0xe8d140c9393d0cc1d2f5776c7101ed7da016bc6f,1933163,1.933163
0xd205d4484956abf95c25621a1116faa353b84d7b,1933163,1.933163
0xd6bfe0cfe9656d59e5dfc11a4c4da1bf52e12aa6,1933163,1.933163
0xfc53b48bdc4b350735a2a940f45c72c206e67f3d,1933163,1.933163
0xdbe6e001e655386feddec0d7a92903951bdf419f,1933163,1.933163
0xf9e2038738e9770ed82ecd0e4178b4ac7ab4c5b1,1933163,1.933163
0xa107849f63f0a153e700ff62ccbebc74ecc76c4f,1933163,1.933163
0xe98aa7b07471762762f3205e4abbdca63c2dc30d,1933163,1.933163
0x5bca305df5b8446546224d7e548ef4e681eacfc9,1932766,1.932766
0x8e1891e7fb8bd3a3d2d2c00a34b6f56415dd2bf8,1931687,1.931687
0x3b8fd3b2148d7d3a280043f1e071748c6ce101f0,1931230,1.931230
0x1e3435bf71fdf29521d96c1087b8b2f21da4e8b5,1930545,1.930545
0x2541db3c32a15a59e49b75037febdd75a7536d8e,1930031,1.930031
0x0d77e2670fcf22e489c0b89a326074624a0ff730,1929235,1.929235
0x5de708195fab8d68fc2715d9891c657cb4cf2472,1925880,1.925880
0xe6e385d73948752b5ce5432302f9d6ea145f413c,1924798,1.924798
0x2400044b4e3629429e6f54c8bb0d7c40a0f3bab1,1922691,1.922691
0x29e17640fb28c32f8a70e32bcd0ff7c387288029,1922595,1.922595
0x543da850a9dfb64bad9af1c0297f2051b65f3ff0,1922587,1.922587
0xd64f518ed727905dad9ffce091ff323dfd7c85b2,1922059,1.922059
0x6f3f9ef48ee1a91d334904dacfbe2b9bfeea2638,1921369,1.921369
0x9a94854ce69fe6b1fec99b445c0bd440da317d02,1921369,1.921369
0x73904824c8ee25b78759313c383e4db741e6dc7f,1921369,1.921369
0x1cdef1d98692f9784d115c7213c0a8b14341ac21,1921369,1.921369
0x20be2e8406cd44d30effd745ffb98c517064bbce,1921369,1.921369
0x87335f37728a6293456fd68c39c4318cf9ae9fb0,1921369,1.921369
0x3343b5cbd3e82924bb7482774a0494b9b11fcec6,1921369,1.921369
0x114326faeb576cf15d4e9408c386687bece10789,1921369,1.921369
0x688a828d8de9c8bc6d8696776e4016b5ae82ef8c,1921369,1.921369
0x7596feeb724f0c282cc18af2c401e8646bf6b6a3,1921369,1.921369
0xb0ea3401c2b87acd4baa92cb7f740fd71d28d0ff,1921369,1.921369
0x54df084662ef219d5d9d7424564907cb97317abd,1921369,1.921369
0x5b3ac4d00b292b85731e37acd8fc7a42d71de07d,1921369,1.921369
0x6f595810c69ed407e713cbe196bc5941935242a2,1921369,1.921369
0x797513d1c1ea14d5f6d58a9a1173f648648186f3,1921369,1.921369
0xb447e87e25e5d24b854d52c44e12721c615b2fc5,1921369,1.921369
0x22a412047353f026ccbe21545a82cf85312e2191,1921369,1.921369
0xacdd2f8028abf8a4fafcecd17a63c45ee9fa82d3,1921369,1.921369
0x0d9f2ba8bcf32145f52f1e9adc1185a5e34ebb07,1921369,1.921369
0x0f6ced1e839c11b8d8b2235162d41dd8e2fa52e7,1921369,1.921369
0x3e631950f1c7e22dc07868737e1e5b4d87f3f75b,1921369,1.921369
0x411d206e706576ee5c757d58c2a00446a9ced014,1921369,1.921369
0x67acc8208a24ac92693e1e54052a3a0389e88018,1921369,1.921369
0xbd3b437201acdbed20c3bbbd4cafdf93b690bca2,1921369,1.921369
0x397af5b92c600c2b611280377006a65421294548,1921369,1.921369
0x5c1fe8f4645fe21bc8423b1596fa5de34432b0ce,1921369,1.921369
0x8f433af690615ede9f176b8fa0a0c7ba40b33390,1921369,1.921369
0x01295e15c06c1510ae4ab0e948cb453685490af2,1921369,1.921369
0x0581a1bc77b5cab8f6d251f9877b90993d89890a,1921369,1.921369
0x0ca28246f805198765f89db91d55d3ef22abf1c9,1921369,1.921369
0x118cd2b0098a66c0560c6f2cc1a2e5b27ee92090,1921369,1.921369
0x167eaaf3e5546bd5e6303eea1cde21bde0547ea7,1921369,1.921369
0xed336d0973409f82034ae7f42e47374781ed58b3,1921369,1.921369
0xf924a5cb86ef9f500b025cf240c6a93baf7481f8,1921369,1.921369
0xf27c9f79109a47163d77d88546d380dcd2a07ba2,1921369,1.921369
0xd1794a3441cc7a7da2c280c39d2e230636f912f9,1921369,1.921369
0xd48bf00d1b8b8f5443c32bfd0b54b7c5b74dd466,1921369,1.921369
0xd3cbc55b0e8b9b4a8935d3a464eb2f143b693f58,1921369,1.921369
0x71778c6691a62849b2cf2b1bbb040e3830130495,1920482,1.920482
0xc4a7829b295d93feee4d63031801c0a25c4cfa88,1920265,1.920265
0x8d2ed6b01872072755221eac229292b8f9b6e826,1920265,1.920265
0x252922e223fabdb84bf87dc4a626f14a535ed44a,1918518,1.918518
0xb8dfcca29683bad1b0b0247908e1595b69031bd6,1916545,1.916545
0x849ec3304d494fc536aa82f59e18e7b3caa6a5c0,1914797,1.914797
0x079e31b11c9f3a72a2e6d5ec2c0635d33b43105c,1914578,1.914578
0x44495f8df318e006287914d33059511211555c71,1913169,1.913169
0x10853d250eb232dbf84b5212da618e6f7d7dacd0,1912979,1.912979
0x75533d0a067e1a176a690338e3384eb03cb35aec,1912263,1.912263
0xb07d9856f171ba0e5f8ff87b15a8b6c29b623059,1910273,1.910273
0x791898ea586742eb8e1909f01523f743f62280f2,1909974,1.909974
0xfb325b07bf94d3097122c20583b745494a153058,1908012,1.908012
0xf4c15d98e61cec54470d4e74fae9d5f10c479e43,1906922,1.906922
0xdf18923d3200fcacef9877e43294f8bd57dc2623,1906753,1.906753
0x8eeab549c1d3092ef2321570b6541985b2186e1a,1906269,1.906269
0x558a2a21fef7e25721def06b663b77dff70ae4b0,1905639,1.905639
0x7664f74805b55d4907b6a8b7230b73748a51b49c,1905529,1.905529
0x510c5966ecb872b83e2a7c2d92081648eb15f680,1904661,1.904661
0x609f5678ca2b10aa12e1f7153a39d099b0e7ecc0,1904574,1.904574
0x44dc359714e0c75f11fc9ab3ae212962262364c2,1902314,1.902314
0x89cc2290a10562a0655d123ca70d3b635e2070bc,1901997,1.901997
0x833f32387ac2d7f9c84c2a09bda05e5c6c0c697e,1898900,1.898900
0x95ac6b42283f62535c9e1d394b520dc8330a0ffb,1898900,1.898900
0x0df225a2114d61b74810fce7b6fe4a96e2975506,1898530,1.898530
0xbf6d644aca64553fca1fb91961ce40b0de702610,1898318,1.898318
0xcc3146b3b52e9ef3393a2e47dda6b0da6cbb4b5b,1898014,1.898014
0x16c50548a5c4887bfb88a40048b7823fe6fd511d,1896540,1.896540
0x449ee7be68ed9e0b1083df95140e5b3d859817f2,1894272,1.894272
0x1d4a8f82e8358f48f07c6f6436fb15947d142601,1894037,1.894037
0x61f125185751ca3ddd8d148e976e237ae591fa2d,1892920,1.892920
0x0440a3eba055041703273b00fdc42b3996dba18d,1892789,1.892789
0x83893a0c878b7b1c7215a1dc2f0cee3ea55b8876,1890352,1.890352
0x002cfce7088b9711d1df63e48ebc99c3c1b03c3d,1889179,1.889179
0x2ea88a7342e9077a9bcc438badb9c7721ec0b64c,1888698,1.888698
0xc16a101973403a71a1d42fdc12fed3c5f45e5bfe,1888546,1.888546
0x2ac3f49fc5408c39b53e75d210b3ad8800a6f2cb,1882593,1.882593
0xc7981d9ef8db715edc5b18cf95dba61258fd61bb,1881397,1.881397
0x9ee1ee2b44e97c4cac1ba2e6d24228c9f42fefe3,1881051,1.881051
0x03a13b51afedaac32fd63092c0dc75e00536096d,1879314,1.879314
0xc4e66ab5fad47ec77b9ca68f9ea26aa4d5c78250,1879150,1.879150
0xddeceb85345b61393bc8c5dc7445ffb6c027e12d,1878291,1.878291
0x06bdf254f6204c1ced6a62cf455bb3cb4095cf5f,1876828,1.876828
0x20e6a4c277381476127675f579949d54ad1fb7d4,1875695,1.875695
0xcbe70b959687d923b1d7f0b21c658c0679d36fd8,1873980,1.873980
0x822821117ac812a2aa60398e5a7915cfba4f9cbf,1873247,1.873247
0x64e1aa8e1af8ecfd7cdde1b7cea7b4ad6d3aad7c,1872207,1.872207
0x023254651df3d784b16f93c60b06352d1623103f,1870631,1.870631
0xad8ea346e29d8ec860ed56897c28000155606ef0,1869372,1.869372
0x44cdb4707367bef74d8ed8eb4c9fbfa0820a4191,1867981,1.867981
0x52f5b8bc3e8e81297ea1356037fc644561fa5f5a,1867899,1.867899
0x52cec34ee5c7a4a75a084605cd9e2fe54f3c355a,1867899,1.867899
0xc9e5c54b6c07e86e676260a11828969803909e96,1867899,1.867899
0x53a91cf69915517a2e0b36919ffbd7fff1782545,1867899,1.867899
0xea2738c891dc8497f244b5081d72cbd6e9d5ee1d,1867899,1.867899
0xa799a62cecffaa79e9aaba24ff3cf7e8ea828f56,1867806,1.867806
0x28f90b989b350d9ac3912b9481f1f37f90c53151,1867772,1.867772
0x6ca4bd52e1f514e1e591063d8938b71a5da0f051,1867490,1.867490
0xc207888e2ad7b5a823ed3ecc488ba73dbd25e281,1866552,1.866552
0xc1c92beaa9f91734b09dcce1d803bbf8afa7d97b,1866074,1.866074
0xb461242f8830da13edf017fbb808a06ac094cebd,1865972,1.865972
0x2a0bdd6810204fc703499424020c449eab395ab3,1865207,1.865207
0xbb56ebb27ca1f3965157cb588bd411a711be28eb,1865037,1.865037
0xdf018a17b2a39aa975c061480c35b4731f44fca8,1864957,1.864957
0x7e37c8bd31e037d318ffdebb1548b7135e839978,1864587,1.864587
0x67c0967557a856a33df6af00afc03b60e43f207b,1863536,1.863536
0x3ef60a2ee53de4ab65911d05d25e4a9f13a7581b,1861892,1.861892
0x937b9d29e073329e312556213192ef32171b47ad,1861447,1.861447
0x58be32f65ca31e3d0d8993caa02227d57b155c04,1859101,1.859101
0xf0d79bf2a025e2ad1585371df8d845e43ae1dcbe,1858827,1.858827
0x5cf9d353e33cc0f59e4c6a06feeb3355fb131fc2,1857261,1.857261
0x6bfbd4ec5b6e93fdf4cee2e6715d05e1aff12abe,1856127,1.856127
0x3a293bed8818746230a8f50e5aa8bbda9c10b7cc,1855853,1.855853
0xf1bf05c0aea1d0dade4b41aa1941eb5ef28c6587,1854295,1.854295
0x13a1b13f976643b0f244850d41c5ff3b8a1ba093,1852837,1.852837
0xa81d630eafbc707d8c068f5a5eff93043ba3a39e,1852747,1.852747
0x24258dc81fce89e1c84ecc952419310b5325b5cd,1851193,1.851193
0xe29f9678bc0f4bdbc3ab60cd89d3df34fb1d7087,1851033,1.851033
0x6140b013fd4acfe15c302b605b5de388cd8897bd,1850684,1.850684
0x2bbb0b409b0ebd24180bcb21177bf636d0b774bb,1848603,1.848603
0x6f50f30e148b0aec9a10706b2784fc596136384c,1846701,1.846701
0xd3691bf3184b3b3a4808b652cd7b77512446ccac,1846430,1.846430
0x7f110211543e72129b6b038b2a4effca53811017,1845222,1.845222
0x94a6e440dac6e798df54b92661d13d48cef45783,1842171,1.842171
0x09295604e24d39a5107ae015cdf00cb79916947c,1840145,1.840145
0x026f48a8be78d86329731cc98bc24487c31c2620,1837868,1.837868
0x0232cb9dad493dbb8609272637d8aad972215db7,1837383,1.837383
0xe7a0430db2468a36e15de2958412df7635c93448,1837179,1.837179
0x9f2e38553830e50e3eebbfcb709efc06e93afdfa,1836646,1.836646
0xa0acdc35cc9658a5b38ae16b04295444f94886c1,1835428,1.835428
0x76847925840ab5afd07f095882f6bd2c27ec8618,1835352,1.835352
0x6b3eb517941fa7144a0c0abc2b1a99cc739be47d,1834966,1.834966
0x942f7634d4dcda85c1bed931016ac440ffab3976,1834758,1.834758
0x45298fd19de7fcd8a7b0edbbd689a097525451b0,1833995,1.833995
0x42fcdf3b9597e46121b194c7911faf0ab2f6ea43,1832881,1.832881
0xd09893135ec2f816345e91f461fc1551ed5e7ae1,1832746,1.832746
0x544708f92e6bb3e2edd0ae82a9fd0216ac925aba,1831771,1.831771
0x0307d51c2beb14967cf006593c625a4381c44953,1831564,1.831564
0x5dc4a32049e17e7d1e7d43b52832291576d34cd0,1830382,1.830382
0xf6d5e35957df965b300325e379411f7de80d83c2,1827721,1.827721
0xe8f201e92fa8a8f11c3d086be017189792a7b259,1825863,1.825863
0x454fc291c102c970ba266b20fb5b0f8c03af792a,1825243,1.825243
0x4dfabd9645596b7efac4cf23e15a2d0cebd3b3e1,1822715,1.822715
0x74c53fae1e743336357ebd087a7dcf159ce05154,1821566,1.821566
0xff6e756ffb807681becf0972da77f90375efa2ee,1821488,1.821488
0x2033d9711ac3e4ee6097aadc9b4e9c768521a7ea,1818966,1.818966
0x691ac48447be554a2fcd3b4814cdf3080e996c6f,1818438,1.818438
0x0e79c6159dfcbe7d9a80f25b3349471f388255dd,1817448,1.817448
0x589ef944c2de6309e4b63f39dd663827026fd332,1816512,1.816512
0x777a977cd46954d6c0f2bc9e3d7f2e0d1fe517dd,1816480,1.816480
0xb3c53d0bf4963d33a19957c7bf9890d13fc37752,1812785,1.812785
0x6e29e09c2604654526f3271cfccc79b4d0e2721a,1810936,1.810936
0xefb9bd738480a9030b5f0e825ab1068752e433ec,1810900,1.810900
0xccce51df7f5bb26164531024664ca85f7dfe3b98,1810629,1.810629
0xf27290472ef419173bfbed1e5ae01639c4159a9e,1810629,1.810629
0xf64e6706abd2f5e27c3467fa41c60941acdef219,1809335,1.809335
0x3b23a42ab77c6ea07fe67b5bc0298602910dff8d,1808926,1.808926
0x1e3e11d680adbdd6b9a3b046f0f470bb2c423fa3,1805885,1.805885
0xabd143f0644ceaa9307476686970fbe303acd455,1802537,1.802537
0xd8ca3dda4efe8fce3e738cba4e13c00e67edad80,1802537,1.802537
0xdb94da1a5e00e190e53f1da530f769d8e5843e07,1801193,1.801193
0x255b45c04f138a037afe7c57da3f8d1cfb4115c4,1799410,1.799410
0x3fb0ea7d17fe3d607b267e9ee3eb9a1a1d4ed03a,1798782,1.798782
0x2db9d1fd0a63d179602129a3a22473f696c5e676,1798551,1.798551
0xeb06301d471b0f8c8c5cc965b09ce0b85021d398,1797215,1.797215
0x1d2e6d985f5e5bdcdf499a053b3e49a336a75d68,1795351,1.795351
0x9aed55be7ac0d3727e4dcc1073746a74598bae42,1795043,1.795043
0x9a7b67ac7657b8113c1cafa2e0cb8b0843b6da4f,1794402,1.794402
0x45356cc8224e6dfc1e5124d9f3a9a3cf883f11fc,1793914,1.793914
0xc2de3cf2a6ac86d1bf7f8c00024e8b9f20285e3c,1793382,1.793382
0xb016f2bdb728e25a210c6948a9e1a4e586ceaf5b,1792490,1.792490
0x482de4f12d740d428101c24293381eb721f1ca67,1792490,1.792490
0x58e2b4d76f66f2e71d1db865c4f4c8e9adcc13c0,1792005,1.792005
0xaf3163bbd39aabe31f34e112de5b53dee478daf8,1791100,1.791100
0x656bdf3eed2a01124d6cc5523a56700382c1fe4f,1790031,1.790031
0x6455e0ebabf99c3891f295f21e4c5b50f9f71ba6,1786266,1.786266
0xd1ea487ccf492e8669a203722282153f074e032a,1780829,1.780829
0x032058a1d3f5b8bfe7c786eb37507e87ea30f963,1777664,1.777664
0xf6a3c8b5a9fcfa65ac2139e33d568226cc9e68c0,1777664,1.777664
0x425c003ee236f402ea423c874d158cddcc041fb6,1775156,1.775156
0x317fca310c8dfbd31566dbf6d1a4e52c3125b555,1774652,1.774652
0xc9b287ce119d0abc74b4a22409c318275216ae06,1773639,1.773639
0xd7fe5e3475b3333b1a196d44b44f81b070ac569c,1773497,1.773497
0xdf1a7814373188f3f1575d4d1aca6851b24d6d8d,1772173,1.772173
0xbf74cdb9a4940448619b6b4ebd68259796e90dc7,1772076,1.772076
0x6fe2bb984a420ae785271cf755d26f4d691f0ab3,1771105,1.771105
0xfddec27f8c310c0159c4f171a3fd46fe35a9441f,1770990,1.770990
0x01ebff54b67f7bab46fb90a8e2394e019941de67,1768819,1.768819
0xde9f4412146249bd4128b80133cae3c9a98ec152,1768819,1.768819
0xfc9776a6aaaba412920f97d9e2f2bf7339f28137,1768819,1.768819
0x062ccefb6d4fb29cec22e676116e2fbeed44507d,1766075,1.766075
0x23c1c902def43ebd4b70d6b958d989aa67186fa5,1765675,1.765675
0x2684a5daa74f60f6e7511bb317e4ada4754b1427,1764122,1.764122
0x39ee786712adb2cf14b5f78ea714152d2ffb865e,1763888,1.763888
0x30cd29d9ecc7ea7e988b75d1ce8c79502acb109a,1763512,1.763512
0x0b6d90463eca29dee0b945d496f3352db72fdc1b,1763275,1.763275
0x23e9b705fa2bdf79d4aeaa267dc2485788da74ee,1761274,1.761274
0x76ee9b331fa1197c2b8f36a25bb00a161eb6f490,1760079,1.760079
0xfb5e7dd9af5caafd03443a4c4a164859c496d00b,1755304,1.755304
0xe64defff20a6494087fca45e2ff56880caaeeccc,1755143,1.755143
0x56cda08bb3c23e8fac98313a3145d27cb0069de1,1754193,1.754193
0xa36b4990e4745db4fbbd32d56b209668eca9af00,1752555,1.752555
0x94446fc7b099ac0f2177ae40eb1eb4d11bae6536,1752450,1.752450
0x8f4fb758c38f7b72bb2f30058f90e6b264bf06d9,1752370,1.752370
0x2af5f1c000961d6ecc017190ccf60cfbf168f95e,1751530,1.751530
0x4098936b86c85579e4c7f0d690875256c83e1e32,1750760,1.750760
0xe8c75658dad48a94c6fabc36dfd216fd138c1e24,1750651,1.750651
0x0861a1ec668f0db7a676229e8ab66ea0a5188c70,1750108,1.750108
0xf9c87da1a19fb2392d202226c7102f3265c7176e,1749194,1.749194
0x97447097b07371e853fa21e123af6ee88224bcaf,1748980,1.748980
0xc5eda325db89330e22eda76267f252534b55da7f,1748980,1.748980
0x57ae482b4eb38288b4c81624ff3ca29fb6089f58,1748980,1.748980
0x82c23fc25424f582021387267721be080547bea3,1747159,1.747159
0x2e62b8aff0093b79abf4545f701ccb68e50fa48c,1745729,1.745729
0xe3345e8dc7de208993d853b79ccd11f24e7d1e39,1745326,1.745326
0x98694ab413b1ec541dd18167a6a6dd8b2b53f376,1743925,1.743925
0x31d09805b1a650172e0131ea8526b30a6bd4b10e,1743452,1.743452
0xb7fe39b5b0680291d165690142b2fc2416aeb602,1743261,1.743261
0xecf539ee5d70cd5f4465787e84cbf591b4b631f7,1739138,1.739138
0x7b864fb3aa6ddae51c0a5242f4fc50cf7866d1d0,1738930,1.738930
0x0216a8e58da6706ce8d5f64074bc5b2f4d54ebab,1738797,1.738797
0x8a750ebe79ad73f4f95e61ede18433f3bc4e944b,1738141,1.738141
0x278603ee2609af74c0f9cf71740aacf134beeb88,1736139,1.736139
0xb889e282ed08e9a8c3606a056dd4854300706d41,1736112,1.736112
0xd0991d7b5049154e880879534c065f6dee615ea8,1735959,1.735959
0xec1625f0be12b31d8edfdd165f7750ee4630a475,1735398,1.735398
0x36eade2216ff83ea5035a221af8e79b6551c626f,1734446,1.734446
0x27ef5cbd5fa984c1d7fe70e8e0e0d70ab3ad23ed,1733934,1.733934
0x3b312a1496322f0c3633241d85a59ae0889b8150,1733648,1.733648
0x9934ddcf499db0c3c410e22de8f141161b5513c0,1733366,1.733366
0x2a7cc7a5fc43b84dabe4972053ec9f72aeb22a00,1732916,1.732916
0x86c89f0ae9011b441c62adf3330c11d868dfcf0d,1730224,1.730224
0x0c221e3ab37920be7a153086b04fb9a26fc9ecce,1730206,1.730206
0x028ea5178ae15626ce7f13c0429c98f65843a886,1729343,1.729343
0x83ac4a244d4ec6b06ee04ec79e3b56733281e39b,1727835,1.727835
0x7abe85bffd01d44df71be255f3c923076422d076,1726823,1.726823
0x70c7de027545abb125e0f05faa24d63896acf6e0,1726697,1.726697
0x3553d2ce311a477cb9d228e700939dae3c72d3e0,1724555,1.724555
0x38f6e051233eb1378de22ee8c558d4213f4f7ca8,1724387,1.724387
0x2e8ff94769722ce50928847261af5a90044adf49,1724127,1.724127
0x0ba7fed7c840ddf4b2bca90cb20d77b720dc6cc6,1724127,1.724127
0x9760a139385d70162b35e17ee5ce50fe8b15964d,1724084,1.724084
0x174dd269921b173c44d1b720ce4be7554f970de1,1723361,1.723361
0xcfdd6cb5aea4c6da545efe9201bc8c3ae959aa79,1720637,1.720637
0x4057d5ff7eebc1211726c3b494b8436807649d59,1718682,1.718682
0x8a00aef35d1960c8fa01455c4f907c42654aa7a0,1717612,1.717612
0x3940bc411339515a3da4ba88639201de8421566a,1716007,1.716007
0x0989c189b7faecda7ebabc28481b2a849cffbcb7,1715992,1.715992
0x35034ae6103e731a4260541819686a546b4cf112,1715912,1.715912
0x97bafb45d4fe40eae38116cdacb6483a7d5097ae,1715755,1.715755
0x2a1463cda8d65305430c3c561896eb9b0f8169ac,1715575,1.715575
0x2b6718743f81c7cedd43ca0d53d807634ffd1215,1714419,1.714419
0xffdb6d24cc42455b11cf4ab9b688fb8b357d9fc5,1713863,1.713863
0x13d5424d130faf6e9de4b6286e30f9a24604424d,1713762,1.713762
0xa875652c2b56b0783f9eaba1356c74a070dc4c60,1713260,1.713260
0x71dd0bc531c11cc7262750daabec8b9600174e6d,1712101,1.712101
0x2c828fea3176851bec7b553e7feb1000f65b8bd6,1711912,1.711912
0x3874cc1140ec5314642b4995d9cbd048116dd314,1710232,1.710232
0x732080dabb4a4f09f9ad7fd20df712c45d7a86ac,1709960,1.709960
0xa74c0a2e70c8598eccc00c11e209f562676c0198,1709846,1.709846
0x7acf8d05485fb7d49fbadedef1a551d06c904eb0,1707665,1.707665
0x3121feeb094c56f6a9438d551853a38230702f73,1707588,1.707588
0x65cb5828d3c24b4ff5d4748f7a1533b9586dd109,1707249,1.707249
0xc85c5cb41e311e82b3782ac19c9cb3da4ade8b88,1707166,1.707166
0xf04c00ec25cf1be2084cbd7b4e6880bb34318683,1706454,1.706454
0x6006805d04f0d025ba2dd2122682314aa6379acc,1703742,1.703742
0x55009a42e0f40d4b3d473b0772814ed9c32e2735,1703578,1.703578
0x0643197fc39e6a7012b380483127caed6fa87ea1,1703327,1.703327
0x51d6cb3658eb12d2a9bca97f776b424432dc4edd,1702081,1.702081
0xdc72d108073026c765be98b6b80a5f10acf74175,1701039,1.701039
0xe0dae0ef5bd3bfc2f77354fee4760ade15d0ae53,1699674,1.699674
0x6af309a8c3fab43be169a839c1d7ce0c39c6e446,1699156,1.699156
0x56a6b552e15b467320519decfaa283be8dda5579,1698167,1.698167
0xbe594d6c74716eac5190ab93d8f3caa98e6a6b17,1695664,1.695664
0xc3b50a58becee1d8043d0e02a86b2b9effc051a6,1695514,1.695514
0x69063f2c7325599dd0569e90a9acc53af31d7fa6,1695394,1.695394
0xbe983b9263bfd672b4ab257f0a4ffad922dcbb8d,1695394,1.695394
0x1674ffa4726906b24434c166e98498ab70b8d650,1695394,1.695394
0xe6271175509c4187887752dcfc161469422465a6,1695394,1.695394
0xedb7cf556f295998252dcc159a725061b55d792b,1695394,1.695394
0xab869db22d9fed15a98aff80f10d2c17691df9a7,1695381,1.695381
0x2c0e07f59dbbbc71c29ba5f4ef295bbae4dd18a2,1693816,1.693816
0x771acf92fc8ee5f8e9ffc4400990631b7436e9b6,1693280,1.693280
0x8325aff2ccc014468cdf20f2538d8534db7a100f,1692050,1.692050
0x8e124f7beb51f11e382eee021aec4ca074f83941,1691556,1.691556
0xffd0d1b82cd3ac53f84982a95c9cb35cee616085,1691405,1.691405
0x63d792ec37b54732c9a74a8373ab17747c373821,1690916,1.690916
0xb12db6b861f63d5c8f4d9c06c2b4e0f6b22bb37b,1690719,1.690719
0x98e0becd1c45f3d32c94ec3a55fb2bee03167597,1689607,1.689607
0x6873e103820ef88c7aa07a6b09cee0415a8f0c8b,1689120,1.689120
0xd4fa2130949a51e5d77a5d43d1911fd0786d9624,1688629,1.688629
0xeb4c341489129843b325e8e77e05206fcb9df862,1688455,1.688455
0xa1ab9d3d90d8bf6977b1deb204064eec7ed2c675,1688409,1.688409
0x566642f847a8e3f26a1a01168a6c35b03b474048,1688139,1.688139
0x5a7c73fb1b8ed0f84971ceadf40e77b50d3cc39b,1687305,1.687305
0x251d7cab1afa23f9e8edf2ccc3a31363e0f892ee,1685220,1.685220
0x4eb6223942ae514a7a6f422d37919124a0f46b10,1683676,1.683676
0x43621b8da86f16dcf7f5b52198fe1cb69b55c417,1682493,1.682493
0x2638a28a552d82022980c155b9f56597d4deea7b,1682444,1.682444
0x3558d1d5b90b846d5d9e9bebdcdf942e120be89f,1681107,1.681107
0xca9ba74ee20917211ef646ac51accc287f27538b,1680522,1.680522
0xa576d5ef6e0eef0ae07ef583eb9876b1e93228c3,1677358,1.677358
0x897809109d7c04501d8a1076a2eac763ea7ceb88,1677013,1.677013
0x49259193ac1b1dcb8aefe4527a0edba439ca08ea,1675294,1.675294
0x0918bf9bee378048fcc5d25e7f1bec9037a27f1a,1675093,1.675093
0x2513872e56dde9afa3345579d68e58714c15632c,1674833,1.674833
0x58a6e68c1ad3944e64e5c5c2611d0f5e75b06c6c,1673632,1.673632
0x366e7c96ef1e09f4ded3f04a0d3e17625dc11eeb,1673019,1.673019
0xb52f4134c8941017472670b0b957c250604db571,1672470,1.672470
0xa5aacd9faab88d345deb55036257913202f40c05,1671371,1.671371
0x5e03b07ae157ee1ca5bf2f3cbe5bc8dc38f3e965,1669888,1.669888
0xc7246dee8eb74a00078a0af0e9e449bea1ec12dd,1669888,1.669888
0x8cbd8c7cf0fdad850900af960bd40d4315d05974,1669072,1.669072
0x51e6c97170d3ffac0e236ba4c24087437fc18409,1668987,1.668987
0x7cb322f338ac61494f920f616c08f51a5e3dd860,1667331,1.667331
0xd1963a3fe296e34fdbb059eb1748b5ba6e6f009e,1666657,1.666657
0x27db6997e933f0dee2f934d5a828e07e84f5679a,1665783,1.665783
0x493f662b1bd55582921eca8306233d54e48e1989,1665342,1.665342
0x23394b65df074d1459f7252d59268ed80fe54394,1663796,1.663796
0x223c8d4200dd2ddb884852df4e7a10fbe49b5f93,1661432,1.661432
0x7c78d96f1ed8881ede6485b993c5aa79bf05eb2c,1660770,1.660770
0x8c729636c0f90ac39de831cd1368357d43a90c2d,1660770,1.660770
0x7fc49223ab6ed377ddfa53ae3546e863a8e3086a,1658256,1.658256
0x12c55d6a16753b68d190805d0fdabc108b072051,1657973,1.657973
0xe21bad72960bdc114e32987d63ed62e45caa0928,1656436,1.656436
0x6e58bdee94a421f967ad93a0c937681e9c75aafc,1655956,1.655956
0x4e7dbccd86c032d990cc26050d5a1f81346134e0,1655082,1.655082
0x0ad1aa090893894b7f3378189e2b401d6338f32e,1655069,1.655069
0x6c26e1d44f387b47c84533b4fd0791b6b3c5b149,1654865,1.654865
0x603ae72db79e7e3b30facdb87c35d3b17e87a03c,1654348,1.654348
0xf24cee215323cdef2b0d170292d3ed1bd260ffd0,1654348,1.654348
0x10dc8c78247824bf1f362246a0dcd80a2d41760d,1653629,1.653629
0x7adb8038758188dc51ae377a5f361bcd5c64e5c6,1651908,1.651908
0x3088c3fa64e6aabde99eeeedd3c3461695d55f83,1651627,1.651627
0x8a8140672f0e52d8a9e8f7228a20cd616a6a5b32,1651295,1.651295
0x9ca0f14177619af96ca87deac0cc19b47b2bc655,1650960,1.650960
0x731a23bbf62f1b7d558da0299dce187469542793,1649897,1.649897
0xfceeeb36636857ce42c5bff43bd00512a43695c7,1648480,1.648480
0xdffcadc02345637acfa6018d3e31eefdbf605746,1645390,1.645390
0xaed88a28c825a4fe3193e430265908a0b4cb889e,1644924,1.644924
0x2a0253044e67ba807afba8ec11ffe257c16d0861,1644418,1.644418
0x34ebb18be5022254e4e517e1af4e3cf9d8557a7e,1643890,1.643890
0xead2ad1e5fa3c9a8e569280faf3b3ba424155588,1643863,1.643863
0x0edd992ff18e8526fce207fd81925361d1efbd83,1643439,1.643439
0x33210d3ae4f8b7e73692f6f8e91f829ba4e1e0df,1643042,1.643042
0xf1a1602c90d8e510bc583eabb53667e3afae4b52,1639820,1.639820
0x47a1922b674edc6106a72afea5fe94f0fa103bed,1635218,1.635218
0xdc5190779675904e33adc6fd2f8e616fcdf82676,1632237,1.632237
0xd8cd5c87f41ba94f3a1f512bc31dbdb745c53a09,1632206,1.632206
0x1f38804d8716e0012fbff46d5b62f09cf83814b9,1630203,1.630203
0xc04fc2895856abcb3e3e47a05642b4e4ddc8a1b2,1628880,1.628880
0x110c6979304febf8e4d5f0440db284cd796e955c,1628880,1.628880
0xc2b1de7c7eb6b8a1ebc49e93c0c72fd56d479164,1628706,1.628706
0xc709bc89f76e3eda7496ceb3b2949e775d757488,1627092,1.627092
0xbc34a8ece0a2fe4597bd72b36a48dffd59d13402,1627055,1.627055
0x5035e488a9bb7cfcd5ea41082c99631981980063,1626297,1.626297
0x88995de0bbe3ede96e22579d27ddd3bc741c3c06,1626121,1.626121
0xd0f8b901f89b435d040988d7f3b24bf3a3e21441,1626062,1.626062
0xccb10b8c7ee1f69f7d231ef7f0c7ec4554fbaff5,1624101,1.624101
0x7744820a17e2f44b4ac9d60d3898b419ae12d6ed,1623132,1.623132
0x37fa3d9b5a7522153259edcaa22de5ed9b3a0150,1621632,1.621632
0xa61482f7ec14687402d6dc714e9694be6226f4bb,1620854,1.620854
0x87a4116acca458bf20101b6f7965330b8888d295,1616648,1.616648
0xb103bb3a14810f2f4162d6fbeab2a6be04636f6e,1616339,1.616339
0x9c61d0019e7646e1c5dc52e7b9303d5f96d1093a,1615652,1.615652
0x56f5ff67c8810d6d9c773241252005f306106ca5,1615026,1.615026
0xbd7e28d53d188743dd0b0a11c1ba8654f10ae397,1614976,1.614976
0x096a887abdda3661f428f642653999275074823c,1614034,1.614034
0x501706de4fc1da99805572ae33f3691109d44ecd,1613660,1.613660
0x14ad16114fe0ccc2d7348ba1e5f0a91b6abc4d1e,1612271,1.612271
0x85ea9014cc684269648906b4076cf539a1b62fdc,1611538,1.611538
0xcad84188522db9fb6b6565103b098df1b847bd4e,1610425,1.610425
0x700ba10c23ed913bc1e7b236564070fb6f9257fd,1609185,1.609185
0xafc6cd433a637ba954425d2f90089166d598901c,1608257,1.608257
0x03dedb1be93b55bb98f9e254627e7df2750c9a70,1606085,1.606085
0x2ed8dedeea5457d186087d85999f8299cf72444f,1605232,1.605232
0x919978502c8e06465aa2bfc8e4dd02da2b2337f4,1605232,1.605232
0x0c94d64f7fddfc56ba5541be3b4e876aef49118a,1604118,1.604118
0x875e34f54c5b17f747e6108c5244bf967b1289cb,1604011,1.604011
0xc4b09b984ce2a31ce2a13c644c5f1d90b13137e3,1602726,1.602726
0x97b3a33eed41585d6ffde28250c315362a1e93be,1602296,1.602296
0xd5e33b5d4a2a3c8ef6b26fea57b862eeeee3b510,1600807,1.600807
0xc895fbc82bc661478c842fb27f286d6dc6faa02c,1600740,1.600740
0x50bfdfa0e550a3cfc1855cc112c5d96d66da12a1,1599971,1.599971
0x4e06439c3301872eec0c4c6d1db5a2b740fb989b,1599905,1.599905
0xe088b22a8b36d9f4eba77bfed56aa1c8a3f48633,1598235,1.598235
0x4b563a4d34e4b7d13e30bd2444c1d3a7953a4977,1596588,1.596588
0x9f8351b3f60b2084c43d3e33bd92db6b6ef6d555,1595857,1.595857
0x5e1c72d2afd94b5fdb007aece5a6a7fc5e01772f,1594866,1.594866
0xe51631862c7adff2a79fdc585c9c902cc8cf09dd,1594183,1.594183
0x88e2c4fa1a457c7f06676c9a917087d4828ae19e,1593365,1.593365
0x9950eb656729c2812cf429e0eced4be5cd5428fc,1590690,1.590690
0x13bffe6f262abaa14e78c9d3b743d8f7e63069f6,1589580,1.589580
0x1f4cfe93a9a7e0a7e531bd254b09220ea856fb5c,1588959,1.588959
0x2aa7d4d84a66e45f049c9ba79d6c7f923772763f,1588764,1.588764
0x3cd103679b10429dc1cb78249ede7fd15b426eb9,1587279,1.587279
0x89d768c87eb241bb2b9a31c9c6dfc54aeea551a0,1586471,1.586471
0xb5bc52ad35bf657e876fdb51f3e346b0691b98b5,1586405,1.586405
0x6b1d89de6442be42129c3d408231e6031b0d39ad,1585278,1.585278
0x8524e253efbf7006c04cc03a597d05275ed81a0e,1585278,1.585278
0xc5c6341b126258929cb8d4b8e70e236cdf9d31a2,1585278,1.585278
0xe278f3ef98751d4362b278b8115e4e79a75f258a,1585278,1.585278
0xd1cd19598848809084585853a330a994bd191094,1585278,1.585278
0xee8bec90d574f2a4581169b8a5614f266c145ced,1583162,1.583162
0x592326cd3bf1a5c39337754450cdb69bbb35bbf2,1582819,1.582819
0x3197bb98758ab890815f2173dff93800a44ff485,1582686,1.582686
0xb3885d884ffd2e2b8b030473fedd0e6cb9a9bb85,1581583,1.581583
0x4b97ebed36c50fba1e6bc2fcd6d6f5db724ba663,1581191,1.581191
0x7cf2f576cc4e02346402a1023d8850887ed04141,1580451,1.580451
0x45c56e138881fd3ff46359ba1826d5fc6fccaedc,1579100,1.579100
0x0b93fe1f86d7fa024554c7b2f8396b03bfafe627,1576630,1.576630
0x5cc499979e4671ef5dc416b4c82702c2f04cdd7b,1576305,1.576305
0x1418ecc087ed0b5e1d24e62e7e7ea6a9cc620c2b,1576305,1.576305
0xa3f2b5b7b92cbaabcac87f465ca36a55b4f9b4f2,1573513,1.573513
0x440b4a49248f25a9cf514ad8c1557cbf504ed5c4,1572756,1.572756
0x2f43f5e223459f7e294988606d3b2153ab9f92c5,1572629,1.572629
0xbaab83de8dba764bf02a530cad33555bd23eba22,1570958,1.570958
0xa22082eaacb5a5ffcc25d692ea7fc4ba1f451d30,1570747,1.570747
0xb12b2f40d3e877f85af31dc5b0e707d6614e2922,1570208,1.570208
0x9e8885bfc92ef4492045e4663552ff93ef34fd41,1570133,1.570133
0xd2aa2637cb286e815049952799b100ea65814b66,1569035,1.569035
0x52e248bddd065713ebfd74cb995845e44cae602e,1563558,1.563558
0xf1796cd4c2cc0fd0f588e8608d7ada99f2d0927e,1563156,1.563156
0x44bb305f234557252265e8f33bb8943d7a1d60c3,1562596,1.562596
0x3e021c612b12b4c2b8a37b3a1b704fdeb302bbc2,1561679,1.561679
0x1dfeeff1996a057a2c01f29cdd2cb466b2352b55,1559069,1.559069
0x9adf31416ba824dbaf76627ea618d1d633681266,1557297,1.557297
0x25cbdaedcec3ffec7ef9999019cb6b173ab1ff95,1556473,1.556473
0xba74e599775b08dc7f41190478e6e5d8ffe6ba35,1554123,1.554123
0x59d4c6c4bcc786371f2030d8b8cf768630594dd8,1553768,1.553768
0xd1e36945e72dbc64b4072e61c6831622aea606cc,1553421,1.553421
0xafa58bef8fc6ac24c2b03bf076b79d1bcbb53e54,1553205,1.553205
0x89a256e483b5f3df9f83542dc9fa36ddab716372,1552996,1.552996
0x9119bc87389700b8970df51a810dd8fa4db38264,1552719,1.552719
0xc951781cda4573fb80145bfbc8a2b275dd48ddf1,1552719,1.552719
0x41d5a95b8ca18082bcb5beafd643cc40809a40e2,1552711,1.552711
0xbb311859da3bf66cb37e789cb3c413b8ecadff53,1551958,1.551958
0x15bef4ace62e77c052ba0db20533a84c1e68c5f8,1550692,1.550692
0x836dd62bd1403b6d2b31911fc678ef10288a7fe0,1549054,1.549054
0xa49a5bfc2735e04f841f96fce0defa10eccb0620,1547536,1.547536
0x39f744ef60335d4067c7948874677ae590cad37b,1546824,1.546824
0xfa8dff75c248036300aa150b59c6e072075c0dcf,1546399,1.546399
0x1c8b79a0c18bd071c96daf24347cd6356634ec9b,1546383,1.546383
0x21bec64e071a55899bf76441b95281a8c1b45862,1546217,1.546217
0x131f28ff041bd09bfbfe7c6106c258f1dde5989b,1546040,1.546040
0xb322bed8a754a9a0b16750254dc62a56164d252d,1545690,1.545690
0x4a3588812a9da7a2b1d3f5eba57c7169008f7c38,1544416,1.544416
0xb91ce51ad82855a8c3269d175803cbf197331db0,1542492,1.542492
0x2a793be7419a5cb02a5a5f7075e0a8c5a9ce153d,1542206,1.542206
0x65a7f72343eabc549e9fa419cf3fe5ac353763fb,1541526,1.541526
0x921084329f0e488479d5aeeb61b7702ca395dce0,1541326,1.541326
0xfbf9e27376c4bbfef88eba51e8d2c44b24a5330e,1541273,1.541273
0xf2f5d5b857a986c88c48e5ee2dd9fa5ad235c3a0,1539574,1.539574
0x4e11333009eba1788b8c098d5a874d390b27791f,1539485,1.539485
0xe94a4f416c2cb72044c38d0ef2a18298621d6fd9,1538642,1.538642
0xb83531c8a283b21f3c38295f8869f84b1543a36b,1538118,1.538118
0x7b63c3a01b56aae7fe4de21025def9bd5347d76c,1537992,1.537992
0x8060ff2a0b3115a3741967eecb7b1632a96f0bf2,1537327,1.537327
0x5b7d7db7f4d59c4955f0d7038fde3e8e5949afe4,1536868,1.536868
0x595bd00c6c7f0185ceac51fe8d1f14667245d212,1536637,1.536637
0xaf0fdd39e5d92499b0ed9f68693da99c0ec1e92e,1535056,1.535056
0x915a7f7b56efe42e782e60804bd0afc7a0d28837,1534600,1.534600
0xa4b7a3575e76b56b7c0eb48a5f086b99ff7d2b6f,1532127,1.532127
0x2d2ac6517235653ee1662c2a63d5cc560b6f5971,1531371,1.531371
0xc1dd160a7cf3a078a7a488bc031ff69270c1c622,1531371,1.531371
0x3f267ad61e06a502aec2cee6e7d0a56d9ee4515b,1531371,1.531371
0x49908012c864818e7e7af55d085afd1efa19b0fd,1531371,1.531371
0x46c87da3b922bfb6a3ed94f44a0c28cf6cc46be8,1531026,1.531026
0x133a9d78efcfe42ce9f76cff986f436cd6521e12,1528646,1.528646
0x2821814910458e721542f139c899cc0a466ea835,1528643,1.528643
0x73c15d7601c15065d70f7a2b26325cb297cb1723,1527463,1.527463
0x0c2574bcd70a52bbd71130b234d3c11a094e94d3,1526591,1.526591
0xc320f1ec1ec6788033f2a2269a2094c19684f1a1,1525874,1.525874
0x3d6bd87a98a4e0fe017fa62e4e14930d79babff8,1525458,1.525458
0x8788d2978ddbf8d417ae499c5221d9719928563a,1524783,1.524783
0x304300d6ff3b3e94dfed7215c33839358d43dec0,1524702,1.524702
0x0ca742ad40edea018339616706cec2e88dc770f4,1524662,1.524662
0x04b5e5e296eacc8146646c245c96491e68e523ee,1523615,1.523615
0x54c4b52c6f0cbfe97eb3e7187d380f9b875b3f1b,1522979,1.522979
0x33b237d8ea26e8d4f10309878fc105a019410a0d,1522979,1.522979
0x6f9b961c6aa36fe989b3adbc3ade71501951da5e,1521171,1.521171
0xd6cc55d3103c639b6f01739202d1cf10a91ab61b,1520579,1.520579
0x97107034ada1b1868be2c253ddc8ee10b882c714,1520354,1.520354
0x06b19cc4713a1db5d6b86b6f0507fdc444ebd652,1520228,1.520228
0xd5ffcabf2ba93b4c30698b0398dfbf1af3163a61,1519930,1.519930
0xdfd6321e3485a268478c46d356fb76a6a189418b,1519547,1.519547
0xd111886cb7eff60f390e8f4c4f7c288c21988d51,1519332,1.519332
0x71f12a5b0e60d2ff8a87fd34e7dcff3c10c914b0,1518794,1.518794
0x287a1e6f523219df9653dac131c7866b0078e892,1517578,1.517578
0xce739438cf6d3b7bd0dba78372c677f51976c06d,1517489,1.517489
0x4c1e80f18d01d7acc62488f31a88963d6d34cdce,1516208,1.516208
0x4f196a5b5368a84d6dad45943652192f40351d91,1516208,1.516208
0x96a8fcfd96257f92abc1a7c82200a873d956ea86,1516208,1.516208
0x61885d33d1462ff1f16c2695c99cbb55c70927b2,1516208,1.516208
0x3bc046c63064a1d5b2d392adbfa538834d7ec52f,1516208,1.516208
0x108dbb99ec2a6c53abe5d37143adc296709156e4,1516208,1.516208
0x422aa510188a8437e14f0737c73dd179ecc0db03,1514317,1.514317
0x22eb0632e3b62cf6abbe70ff88d116c8d2b03ccb,1512044,1.512044
0x00e7a7f1189af18d2416363137dea6fca5cf936a,1511541,1.511541
0x847be0b2cd915ab6d0e79918a72ac71068e998fa,1511236,1.511236
0x4e083f465820013a4f6803682bfd94dc3b35fd49,1510981,1.510981
0xf3dbca214bbbce63728ca8dfdd5f2ebf84928cda,1510169,1.510169
0x9656f6b4ef74c90f2d8dda778e2c1e30fb22b224,1509209,1.509209
0x158ba5637c7909db54fe1ef8f5741713c1df26f8,1508538,1.508538
0x9d1823ff8bc68279c1a2512f710046d0d1d30567,1507981,1.507981
0xaf388cbb5987273bc6f9e4c06a7842b75ec075be,1507115,1.507115
0xcdbab8ff4de3c9ab024c4f17cb10b82e25ae16a3,1505780,1.505780
0x8d35a613bb17bc6fa2397a861da6c7c03556740c,1504807,1.504807
0xc729fc3f4fa351349db74f27232f2029a13ad7a7,1504245,1.504245
0xeeb5bafb9e41b1f09e0f77bb32be6e8af5fc469b,1501346,1.501346
0xfb3ce81f610bfc633db2bdb54d2bfdc0b5047dce,1501246,1.501246
0x0688b1cd748cce64c10810b29442c8d1d13ac713,1501045,1.501045
0xbf5dd6418d7408ea02b2c7ae1af2cb34e162ef50,1497022,1.497022
0x8a5991b51b18e6bb9dafd8cdc8a9a45d31c5fc8b,1495473,1.495473
0x0695396ac1bc01a6a940b4b13459ce9210ad9ed7,1494861,1.494861
0x425df92aae5bb599c57a3b6ecfec4c14d97ac9d5,1494612,1.494612
0x1a2d6eb5c095299ce8ee46f1d46ccb3720f6ef00,1494320,1.494320
0x10b2a08de4099bf1648832ca513f2fdf0c180b05,1494245,1.494245
0x1eaac36fa84c57a4e196b89d80e45729d86705da,1494002,1.494002
0x9b0fcd35fc49521e1531ffe26a8132a3e010db40,1493288,1.493288
0xe97c1f36c3655aadff4160f16b010a7d467ff12c,1490869,1.490869
0x94d29be06f423738f96a5e67a2627b4876098cdc,1489713,1.489713
0x94a864c34d7f0373bfa200ec59504748f23f2b3f,1488214,1.488214
0x16967162b2190e30a88383f356a0515857fdcfec,1487222,1.487222
0xe0714e288d4183d5f5f810307e6e2138cb7e9313,1486843,1.486843
0x94326819e9251e289d7f08d1666d9c9fbe4f4388,1485559,1.485559
0x242f20589e3aa594d5014a58501f376861984f65,1485071,1.485071
0x1bf64d37cdc925b680d0c145dc34d044cb76880f,1483933,1.483933
0xf414fd547fd91a3590626045aaec5f25e5bf85d0,1482513,1.482513
0x29dccd941d6ea3c265df67102f0154be02ccab06,1482224,1.482224
0xad2d23dcff6cdbb8a15e71d9acef313690933145,1481977,1.481977
0x49b6c5a5db548d2b6932fe016115a46584263582,1480798,1.480798
0xc540b6748f64547e213f8e4dbe84f23da416794c,1480370,1.480370
0x2f30212ec62db43d3637cf31610b5779a966c15f,1480366,1.480366
0x0c9109c22765bd7523782ec9f65561f6fd3896c0,1479841,1.479841
0x18f8e924b770b45903e8a89ed3897645f5ae9e94,1479537,1.479537
0x430a28906893ceb776ef1a4595569bb3927b6f31,1478796,1.478796
0x152f34f4d0bc1ca23fb2876789254ba2ea06b179,1478450,1.478450
0x4c2d848796722c2c471b44b1a290b1125e1da259,1477616,1.477616
0x9a57fea0863adca4b578d930aac06082b79afcf6,1477407,1.477407
0x89664aca7793fedc701667a1724266beb9e53f60,1476392,1.476392
0x118a394a99e674e5abf545f29dea55d2da9e3887,1475797,1.475797
0xd1189471ff75c447ab45360fe3064fcdab8d5677,1475084,1.475084
0xb353fa3cd01cdaecd97c334bc9faa80704cd3baf,1474030,1.474030
0x101866ef6cf1c4dd7166cdd2228a88cd2708fa20,1473798,1.473798
0xb4e364d5d39ad0a23230cf4d357adabc2c9e1876,1473683,1.473683
0x2bd371992088128a023c2b298457dfaa60ad74bb,1473018,1.473018
0xb3c5edf853139e4453a448259fdf7042735e33f7,1472889,1.472889
0x2935ddd9ac6d3ddab6bb2047774ef6cdcea1206a,1472369,1.472369
0x49c1b2b92a7b8419b49393abc07a271b12279a85,1469229,1.469229
0x880a3c2c5797a96fe04749a165161d52bc836f85,1469140,1.469140
0x382114e9bfd77260c136e89242df94bc824e5d07,1468958,1.468958
0x54276623b82377ff9cd0a2a9ccb3e5b7430ddc66,1468422,1.468422
0x9eb8dd9aebb34b07f5fd27e006e2788e31adae2c,1468279,1.468279
0xf68a2435338b7f655510ab63fe2bb0a89509bca4,1467435,1.467435
0x40feb63d11e020d206eb1e910aebb8dc6b1b6eb4,1467292,1.467292
0xe3f6633b22961ef110f9e9647aebe9a5cbb4b236,1465819,1.465819
0xb24b8d05f9f3cb8f7114a81c9c14017847152f76,1465507,1.465507
0xb898c2b112842c693610d8a9d9dbb68d7fa38167,1465312,1.465312
0xe1f9b4f01b04eb991143e719fd11071c1d0858da,1464544,1.464544
0x5d02afed1c6c5b4a29e5a2164724d74e658d2872,1463827,1.463827
0x23dcc42dc87abbd903ba2e5996814f957c039d1e,1463649,1.463649
0xec45956f4224b6b109f23e05c52246fdff8e8ea6,1463424,1.463424
0x858235823c30d71f5c3303ac5da4fb30358fa4ed,1463066,1.463066
0xbdb441d1ca0013675b8979fd5f3fe020e84ddf6a,1463057,1.463057
0x2db22897b5703534b05d07d8e484d7759924dcd6,1463057,1.463057
0xf9171237aa7591deb5345e78c3b4b0082cdf8e3c,1462846,1.462846
0x8f9d919f67266d9ea8a551b06a002d37555c1470,1462656,1.462656
0xad5a34aef662ff9b0be722bdac941cfb8b3dfbf9,1462309,1.462309
0x5cfa454b330a9166b377aa51b8d030b3ea5910b7,1462150,1.462150
0xd270c1efcc117aecb850016a90971bd630e78df3,1461817,1.461817
0x9500b2cacbfd5386429b5e411430b1ff7d78beab,1461751,1.461751
0xaba8c8c9eba3c77c984abcf06ef6adf324a9dacf,1460889,1.460889
0x67d832d19645a61442fd7967f9ec9fe42bf271a6,1460515,1.460515
0xff6f09546f46112ecb924de1133d51efe3418c6a,1460135,1.460135
0x318ef4df3402356090f47e16bc50ec818d7837d7,1459276,1.459276
0xa4853503e92901afbf09047c5a7a9a7bc35685ad,1459067,1.459067
0x2191069113f1c1746c6712dc2bd42250ec177c6c,1458158,1.458158
0x463da0e087fd39ba3744d2f74ffda9394f129081,1456201,1.456201
0x82c19d247f9391f5749ccbb68f879192a72c78da,1455463,1.455463
0x0a44ab076409bbd7e3b5773314255c5a53a06c92,1454375,1.454375
0x0b7689ed3084dccebde719fd655d2552cd78c19f,1452836,1.452836
0xf5843772820e0a63dd0a1b01c3d69d6e83bc10de,1451883,1.451883
0xf9ce182b0fbe597773ab9bb5159b7479047de8fe,1450335,1.450335
0x8bb79a9d6e28a91b18a7a5bc779097e7356c3f2d,1450298,1.450298
0x370138bd28d27dbb0a438f553e056217835b6363,1450021,1.450021
0x0bd4f437564cbaf9849acefefd82d859cba02d5d,1449858,1.449858
0x66d5b45c3bda659baa794d13e9a82dfefe13b7a1,1449381,1.449381
0x986fcf5d763cc15598f02571e80fbcc95b4fd39f,1447139,1.447139
0xbb93f16d9861dee938f63bf084c84334c61ce66f,1447139,1.447139
0xb01f07e77aa091ebc5f98218d62f57ebb745babe,1446657,1.446657
0x0494eeb6a4c1c303017ac32db2600e3f40b9d5bf,1445386,1.445386
0x151389e559a7acdb5ddb4e4d0b6b6895bea61d32,1440023,1.440023
0x98d208866e7c15e82d70fffcf1b4ff1618af5e22,1439812,1.439812
0x2f15613d075a8974388b1d8a196976a35238135e,1439472,1.439472
0xd82114397e08b16fd3142dff38596c5ca2eb000d,1437744,1.437744
0x3d1d397acd3b0989d9e633d6dbf7e6f8f5c03a2d,1437543,1.437543
0x3ead6b1dfc3173a26dc0fbeb51401aec961c6323,1437543,1.437543
0x105d31a355ea60292df0d39adcf2aedba83767a2,1437543,1.437543
0xccddc98552e9dec454608eb255c50cc9f9f20f39,1435921,1.435921
0xf9480eecf6fd3737b15bc4b220c817a4a3a15471,1435768,1.435768
0x47319558993d0cc6520118e9b861195aa989c728,1435395,1.435395
0x1d931f4bcbc9488bc27a5bb7d8996739508dfe1a,1434332,1.434332
0xc18c41238216d6e39a1e030521d5d50e0c38e9fb,1434067,1.434067
0xd04930b5086f95ad04114aa2ba2baa22cda2cc16,1433943,1.433943
0xb2b2ed54564c1b3ca5379f4cb330911870141362,1433733,1.433733
0x547a507eab39d1d3a1cc58dea365771be5526e65,1433701,1.433701
0xe7117eacc57f4dca79839682b7f8a3eadd49f431,1433518,1.433518
0xac1fd1a36078e33cd02ef508f6c95e6c7dbdcd98,1433286,1.433286
0xd93ee1fc12e24792211e9079de27d0a22a18c08a,1433221,1.433221
0x19d9288fedb474a1fc534dd548014164f7501f31,1432909,1.432909
0x3991b8c25ad1fe5c453bff720d800a3888a96f27,1432237,1.432237
0x9288d36548b084d0adca9376e7e2c7263ce5426a,1430851,1.430851
0x3919bc253263a6e245b4d268ca97fd5c174c01ed,1430592,1.430592
0x0f9ab846449ca068f9714818a6ed0da5d819e9e4,1429228,1.429228
0x3da608e91f9bbe882c8c745d5f43bee95d85ad10,1429142,1.429142
0xd37ac8d86c7c0d4f49a9a3bfeb861f3ee0cfd14b,1429137,1.429137
0xb35b764b43efde5214c1de9f8e12015ce24c009e,1429097,1.429097
0x6e0cb522889984eb7471bddd7accccc78b928e28,1428899,1.428899
0x6a26cae39c5d0ffa194f3ac438f4ffcae10da213,1426751,1.426751
0x6a89411e0a2271dfb98a5ccbd1342593d9a9b663,1426502,1.426502
0xbe577755ee6cc5f347860f51f320c411d04b6a07,1426285,1.426285
0x339cf8991ca337c755e102c01b053800f7e50d40,1424818,1.424818
0x2dd1401423ef69003bfc2753bbb542fa5746d631,1423857,1.423857
0x19e19df8a0c7425260c9667909d6c33bd88ccd1f,1423135,1.423135
0xa9d56197fd8c5a20ba4131a93c2567150570c3df,1422426,1.422426
0xeaaf97602ea504755209f7dad224f70acae5be6d,1421456,1.421456
0x9466fee03ada1c809ac5bb8d6eda55442f5cccd4,1421201,1.421201
0xc9d1a01ef2e19a72013f4b589b109479c9b63869,1420881,1.420881
0xb7113c6f1008017ca801fd383faaa24d824105a4,1420625,1.420625
0x43ae4f2a78770c95a2826315a676918a0b6bcaa3,1420593,1.420593
0x4b7610bc47a3222202417e439708de2c5fb5ebbe,1419779,1.419779
0x2c509df66f003d307b26338c5a1ab230ed83e88d,1419114,1.419114
0x1b94ed18974cb578dde01d0ef4f046e954a80099,1418907,1.418907
0x8671d975bdfb10aa1bbfabeaaf4bff955faa5c0a,1418673,1.418673
0x97720d76fadd885daa22263a1084b35637e41d06,1416213,1.416213
0xb2440874b04ba13c5d85d9a9dc89f348b5b4e0d5,1414991,1.414991
0x9f298d2f27d98dda3399230bef6c366b032004e3,1414296,1.414296
0xc2cb3d3780550cac6853859db3bd15b12ee35224,1413795,1.413795
0xc96a752dcb3148a7a00e8e3cc5e92ffc44de5bd7,1413492,1.413492
0xd525ff2a120535b5738ba760031e44bc1e3c0a7f,1413337,1.413337
0x7bbeefe3b9b9dfedea19b4bf5fa680b93cb01186,1412964,1.412964
0xd7b31c92c950b90f1239097cd342fb049c482b29,1412300,1.412300
0xc5f09c0d99b4f7e74e06a10469f9e0f754851922,1412295,1.412295
0xe2c476f87be6421a2399cd338f6ef2ef31d9748e,1412036,1.412036
0x9cedb20c8fd113c2ecc2c1c23406543941bdce58,1411653,1.411653
0xe103446a15a968e7a6b35c2657542c0d3f5b980c,1411596,1.411596
0xb059a6194d6b5a053e0a5fd859b65a3e313be9f9,1409032,1.409032
0x0c68dc42bf886810dae877c34c952ae8e3fe30d5,1408617,1.408617
0xa5af36a566bb8ae9ea09e037a629acb5ab34da53,1407650,1.407650
0xcc43bb772b1912afc7430fedb4a363f870329b69,1407650,1.407650
0xa1656f94ced26571469c266df56efe0479983ff5,1407650,1.407650
0xdb5a3913a8832360395ca938bd97001476da4321,1407650,1.407650
0xeece3ebb947b7da6ebbe776663491b2f212a79fe,1407650,1.407650
0xdf732b00cfde1cea2ea3b1ccc10887830b7226c7,1407527,1.407527
0x98f3317d631a66c5b9e4c8e18dcb6f117de76f0d,1407119,1.407119
0x1a2617228d462d23951ccee388b66b87fbfd2a6f,1405905,1.405905
0x1d62aa550e6448ea5123e21337e48b375ea84281,1405711,1.405711
0x76a9e16af6af44a1d952731cc4b9aeace6096bc2,1405542,1.405542
0xa35046b2d29db4b491cd6c5ebf57d7074efaf0cd,1404850,1.404850
0xebb313fff06340a54fbb8f4f3c2a899ba863cd44,1404443,1.404443
0x1f75d1a25fb0c022fad59c51556fd3691118b053,1402657,1.402657
0xb87f39b96fe805ad0041daf046a4f86093719940,1402475,1.402475
0xb0e5dfacf3c26b555e11a547d8994e8ca2907046,1402120,1.402120
0xe51dc4e5d9389d95e1676d15c37a179cc652a93c,1401446,1.401446
0x5d6311506173f9218544648a55c8a2ea4e02012b,1399840,1.399840
0x0652d64815a08228ee09bd8caaa1fe791176ea41,1399672,1.399672
0xf08e8489c8e11467defe3dd752e896145e114d27,1398482,1.398482
0x2df88b21fcec840078cf267e63121570f5f94bbf,1393939,1.393939
0x0e57fe9bdfed8fc4b1f6d22acff5ea0e3541b4d3,1393699,1.393699
0x1f0b2752fe56324467feabf8f9103004cfdf3ac8,1393317,1.393317
0x0f79314e1b2545f97e6a78815754ea0b6a0adec5,1392927,1.392927
0xb486f11ed817bb6c7e53021166b1519057cb5729,1392884,1.392884
0x60c8cec91bdb4262f91ab43fa2f146f31fce1e98,1392841,1.392841
0x91e3bfaadf97cd0e0482d50e4c13f353ad428be5,1392648,1.392648
0x12331266dec2c0c1822a8b0b1b9e73776e833836,1392532,1.392532
0xf9c7aec22e5efca7d484ff6f435547d8f4c08334,1392482,1.392482
0xcd9980b5e8c162acdcfe49e248aad81a5e52b7dc,1391771,1.391771
0x057bf1580d15871d6db3693da6472845a3c7199a,1391696,1.391696
0xf049646d0846ad6ef060d0955d3e00866481d434,1389003,1.389003
0x31b129645c9b06d1ddd854fffa48228ce04659c2,1388003,1.388003
0xe1051fdb83569bea32658ff95e6b08afef372d70,1387433,1.387433
0x3ee7dd6e4c2b469e1e50cfaee4910b88e0a9389d,1386850,1.386850
0x7ac737b14b926f5fbbfb7bfa1dfcb01659da1e23,1385748,1.385748
0x7212310f6959711b1dc4e08095a4122cd06f2b9f,1385552,1.385552
0x88305775f42e61da24b3de015d63976fa86aae44,1384681,1.384681
0x78c1d03db9db89b063d3de1e93ad1e61f55fd041,1384160,1.384160
0x6f0926c88749d6e44467726ad4894aefc3dfbc77,1384026,1.384026
0x88762783788268888127de41739afe059460548b,1383835,1.383835
0x33cb0c602d9d2965c5538731bab28f122988f74e,1382235,1.382235
0xda71fa24ad1f9d26cdd15d6bb1579ab33bf027a7,1381548,1.381548
0x47ff2d819d56381133770c051fffd23ff273966a,1380391,1.380391
0xbb78bd00b2f12c8263ec27a9872c028a2e48990e,1380364,1.380364
0xcf3fa430bdc017c8ed4b589babeebfcbc32adcf1,1380364,1.380364
0xb63ee8bec40d6df418c41063d49f3aa1ecf85bf3,1380352,1.380352
0x78fd93348a561036cce3e17e7ffa4ffac6de3e5d,1380100,1.380100
0xd235992a3f4b4f002f93a83b810f2ef4193d5c7c,1378215,1.378215
0x4a0c99d4b943399fad81e01b57e34c77d481a3b1,1377711,1.377711
0xa467e268e9100715b2dec095bf55694e9a7a2668,1377624,1.377624
0xbb50e9bcd8d0658d34b0a72cc42612fe404feffb,1375614,1.375614
0xe29af6e04a7588ac2c54a525ac57e070b36c1a85,1374062,1.374062
0x302173e2ff0564ad517d15f081ff1e6d7432b0a7,1373735,1.373735
0x05c4933f68617c8e6a00e5d3fae7877c8f69990e,1373632,1.373632
0x5d7ab46fb3e00fb3baf7a91a6235c7b41a888581,1371235,1.371235
0x523632276bb487e6fbd34ead9ebbe2eeb71128ea,1371142,1.371142
0xc12892b7ba5d2aa9c980571bf3d5cd5a5d57417e,1370976,1.370976
0x0af8639d567b0bc33aee7466e498d3cdb2ce0374,1370608,1.370608
0x2ead502bff471274dbf998b4439379a9962047d6,1370608,1.370608
0x95c79b9fe74594614be9a4b85c0cfb9fff9f2b38,1370113,1.370113
0x123c3f60c0232b1b7ffdb91d533740697b4e1fd4,1366100,1.366100
0x8f9be4310f9abb0e5843cc6363908c9b01dfeb3f,1365407,1.365407
0x98529a7680f5523c77a351219d9be55887165881,1364677,1.364677
0x8dacc03907c050b1c725e01f59665cc128647870,1364012,1.364012
0x93a9e1206c87b14959db646f77276c62822c4a57,1363928,1.363928
0x7c6b512f7eb2425e638072f248193285a526ed0b,1362875,1.362875
0xd3876a06b43307e64d9d5bf142af94a3153e33bc,1362650,1.362650
0x34e2cb7513a50b19f450a067ed5230a86c13a2e9,1361496,1.361496
0xda856e1970a1bf9815994e39d291f925bea104ae,1360232,1.360232
0x0dd92b6e1ec19c4151ca1aa2cb3d421b3dbbcc92,1357771,1.357771
0xb9801179368231ca11b1f93acb5395c2bcd31998,1357186,1.357186
0x6da03c319b24a422183a9e43f6dd54a7c30cd337,1353819,1.353819
0x873e76955c631b3b847498e7d9c623b310f6576d,1353715,1.353715
0xe0a4a8528894006ad2cbf07da1e51c4fdb712096,1353105,1.353105
0xf09b1ccf16c3132b5d771061841e9c774444e820,1351837,1.351837
0xab8baa77606e66f54c33e5a870482a041f6d6894,1350571,1.350571
0x9f5e6d6072167d0720ae87d56d6b7944d41433d2,1349498,1.349498
0x27058bd63c199723aed07a8272555fc91c7fbb32,1349047,1.349047
0xb1288aa5a0b22439f44d81d31352a86bc5f15bcd,1348319,1.348319
0x6b89694e602c6945e6c16687cd1bac6684ee96ac,1348113,1.348113
0xef6bef1b082e7617a2dc2852419eb009874a7f21,1348113,1.348113
0xe667f2ec14371279d27bd722a09b3c117194e2ff,1347694,1.347694
0x4a70836fcbe8eccc604ab3c0b17faecd307a31b0,1347532,1.347532
0x04a8c06ac6d06f25c657fe61106a485d2583be71,1345953,1.345953
0x81c89ef45b623ef395ffd71c848cdfbd9d006ce9,1344888,1.344888
0xd2471c25889f51b60a34a3c6e730c5d9d6002ee3,1344599,1.344599
0x120208f30be64860ab919af1997ea2ff6760962b,1344365,1.344365
0x68f334603fe78c0f28036205febfd6ebe4992e16,1344142,1.344142
0x6f7399c0c4ccbed55227390abed587088da601f5,1343836,1.343836
0x0c3ef07338d82406f4e49bcb6df157b94a3dcd38,1343616,1.343616
0xbb5f46a8eaa9aaeada67b2e9bea953b72bb44eda,1343459,1.343459
0x08a6d7e0b34391a071c30e3e773f5213b63b4b98,1343459,1.343459
0x48218c3ac4f5685ab009da3e6b029659a55cfbc5,1343459,1.343459
0x1b859c854a042febce3413e3e11b052a1e70772c,1342360,1.342360
0xc33df195b1608f5c729c8e68688ce3a8b556649c,1341164,1.341164
0xf980bb10341b80b11e5f774a8e2495f38783b75a,1340034,1.340034
0x4403a2543b5e54b3537f2d7f58bcd4b3ed338d8d,1336535,1.336535
0xca99ac2008fad910ef19da703ecfd18249745595,1335098,1.335098
0x88c3d53ae53d6a874b282f7fcc71e06494d961e8,1334257,1.334257
0x806413892e2a15d1241140506f8442383edc2051,1334086,1.334086
0x4b0082a5322f1d3025f750a6303b9fff88bda1a3,1333290,1.333290
0x682388c7a9af96ea1e9ab3a5850f5dc266caaed2,1332221,1.332221
0x499cbeab7209a5e794d817d3166630768b4aba42,1331793,1.331793
0xa8d2a9aa87d45c0cd5cc751a169ea1bf7041cfb2,1330237,1.330237
0xd55cd7d1c0c3b4c634bc04aa01ed79750a1a332f,1326721,1.326721
0x1205454642ee605b22615afd801186cad20495f1,1325635,1.325635
0x1651d84d71134afdd3ec30b3df44eb985b096053,1325215,1.325215
0x4739506ed9d96301aad3a1b4ea91cb80a51f9063,1323356,1.323356
0x1f7f36b7469748eda342e3795a8102dda585e4b8,1322546,1.322546
0xa29490627503d44acc452c615dc8a7ea6322a99f,1321686,1.321686
0x5de49131205a5073b8447130eb56873075889026,1321222,1.321222
0x14f12e80add26c2824f5c84487886b43e9fd7075,1320669,1.320669
0xcbcf529f1add7e7784debc5a76eaf17b81286cc6,1319722,1.319722
0x246d7842bc2479445ff957cdbad3472f5e994b64,1319145,1.319145
0x94b91d636a19189543973566c0c3bdd55c8e81d4,1318894,1.318894
0xb5a3f183d91e628b9b8df5cf33e944c320e5905a,1317464,1.317464
0x7a809c6efa501aa7527e6bad006a7faa81108d55,1317455,1.317455
0x97c47d314aa3f56841ffc99614314188381d0227,1317090,1.317090
0xe1db73b92dd6b28f8fc8c839f40a5ac88859415b,1316592,1.316592
0x3996e23edf4977dc72a06aaea452f4e14ac0841e,1316288,1.316288
0xcad6fe3961d6f314ebca5380f56b2cd9780ad159,1316184,1.316184
0x5853b151a3a4b6e3769a0516db4ef76dcb8ae401,1315259,1.315259
0x29fde7435334e093707bb21cb2c376c3a95da600,1315244,1.315244
0xefb50e59627f15b407898a4646d830380590df6e,1314664,1.314664
0x7b9415c8230e7b17e3878af24f2f01578e893225,1314361,1.314361
0xa04df10a774e4a0f1985ba80ed73bf81beda0286,1314276,1.314276
0x8a0df28f173103e20de05093aa6e27829715c9db,1314026,1.314026
0xb365f1bbf34a698955fd6f3009b3f9740a596998,1313685,1.313685
0x42785a62d728728e1093a519a774b9d299df95ef,1313588,1.313588
0x96307afcb4a259ffd4003b68d9e8aff67a39bd24,1313588,1.313588
0x6f9968393601c83ab5b639f8457aa0c2a41124c2,1313588,1.313588
0x7a5fc6460309d6c0baf8fddddbc3f7dec3f10a21,1313588,1.313588
0x69ce8d79dfa9d025000e589af0331fec12048111,1313588,1.313588
0x0b2e00f2f6d884748ee10aa78490c5668188f4b4,1313588,1.313588
0x4a47b028683c20bd2f50bc0ddbdd1d7ab94c23aa,1313588,1.313588
0xb753cf13d4bd60f86ca2cb2cc4f91feaa33ce498,1312293,1.312293
0x258e2710e4d47cb5eb5e427e76ef3dfb51b64f11,1312293,1.312293
0x8c2dc6b499daea55a3fface8ad6ff1b6c54d3726,1311867,1.311867
0x1e8a4540181361b826129129b8ad20c6f4cb722e,1311547,1.311547
0xc11c6e2e3a5e0b12a74d3353e49395eea0f5740b,1311417,1.311417
0xfa0c565ca13d578bd1bd8dc0ce0087836a46ac98,1311285,1.311285
0xb7dcabe6da1194507522b553950ccb5a8060a439,1310044,1.310044
0xfb5acd652655494ed39519fc409aac538810e4cf,1307833,1.307833
0xe86a383f599eb082f0dd6187dc144e22893220f6,1306676,1.306676
0xf80b47eaf2c457e857e9415f666ae493e803e063,1306632,1.306632
0xb8ed3ab1dbb205f527c420c9236ea0bd5ee32b57,1306195,1.306195
0x1b4796491d547858737752673a3ae1abaef49f36,1305711,1.305711
0xd9d0bc37a9ac4fae5ab7d131adde192322a5bff1,1305490,1.305490
0xef89f4bc267a6fb8d7ef15f2f67001470f36ef73,1305048,1.305048
0x8f09cab21e32219618ce302fc60abb9f4dfbb86d,1303048,1.303048
0xa74e0784ff6259f1336e763fe7a871978873f8f3,1302671,1.302671
0xafb4c5943d8057d0579faa2df5d030e3da9e8b8f,1302553,1.302553
0x4a9f8350172611cd7c5540ecabced0518175edfa,1302295,1.302295
0xaeeca1f1911ceb3b052b38ee86dad35c543c88a0,1302077,1.302077
0x0d6b1c75deed4a973e26882d4dd34a76c25518d8,1301847,1.301847
0x550645031a577738c6f474eb1400b72c21a76d33,1301274,1.301274
0xb06c9b8456a530149cac9c615517c833134e2b6a,1301106,1.301106
0xd21fcefc5e2cd495b4eb9d0c1845a6d1ef45737f,1300875,1.300875
0xd9152caed6abf45a7a940aae451de8630cb7dd58,1300375,1.300375
0x14b49f51c711a908dc1cbaf9dd65d19263011224,1300173,1.300173
0xe4d56f7c4cee091494cd9e86c078b238fc7416c6,1298091,1.298091
0x61a281149838e55d1e3533c046036f8ab7cc826f,1297882,1.297882
0x9b8500b1079998881f61862bea9318ea671b5e07,1297716,1.297716
0x9093017cf4b7b3dd6df5eccf56ed59c5bd553c2c,1294916,1.294916
0xb26e4182506e68b8cbf75604458404804a2ef010,1294685,1.294685
0x6e0dfe55fbf0c7a9902aaca535635bf86a03f1be,1294083,1.294083
0x18f2c896043706f97b1dab7703ec2118693385de,1293093,1.293093
0x861686a3042c94e3fa7c140b79b51cb90c8f53ec,1292565,1.292565
0xb2e37baf3ac5e20deba43e0aa6ca505cdc494fa9,1292069,1.292069
0x18131889b876ee2d883417ae3d14aa3dcee2a830,1291042,1.291042
0x1e5acca091aad3d13dddac6b4ebc8bd525394c75,1289903,1.289903
0xa9a8760b8333efae8c9c751e6695a11938ae4b90,1287211,1.287211
0xfc6a74beab0cc6d6748b5b6bdadb6883df2cd101,1287056,1.287056
0xd2dce2877e2b67b55c6098d4ad3663e8e4ccc0df,1286178,1.286178
0x6c06bfd51ea8032ddaeea8b69009417b54f3587b,1285277,1.285277
0xdddc5a2151e7f245202558a5c5fd79f11a97bf2d,1284968,1.284968
0x285ab8b73531a59bcb01b7f2028a66aa377e697b,1284216,1.284216
0xf84b613c50c3b578edf98c0ef96f417bd7524bbf,1283759,1.283759
0xe1fc800ce5cea0e0c030a9fcee7b1a58616b5c6e,1282747,1.282747
0x1cd1cfeb0c9acf4e31060f3f1e50bf3fd73c43d0,1282340,1.282340
0x4dfe95ac0ddd18c672ce3a342860083b2217507f,1282298,1.282298
0x0e918219f498e83dcdfefb1d203888bfc3c17273,1279504,1.279504
0xc97c85df305f53e719525689be693cc096a73999,1279429,1.279429
0x9b0b1ef8e6d5b310aa4c5ea7ff9bda716d0b146e,1276101,1.276101
0x7e62a7db91c30cf9cdd0bf79001f1105603284fd,1276090,1.276090
0xe17d27dd6e7c5d128a72c31dd0f9c7d9b9748889,1275894,1.275894
0x2d93c538adeb007e031df1d3b5cf9220ae4ad937,1275248,1.275248
0xdcad33ddf4e716959d589d3a0b95da68825cee88,1275083,1.275083
0xf6d0674ad1edd38765f777eb9faf33e1cb1a401c,1274979,1.274979
0x78bb6f28c87f79e3e25ac11359e905a1dc17c699,1273508,1.273508
0xd83ed79b0ad56fd481a9f96e9056b642da0ad33a,1273484,1.273484
0x792a7256897be56a4318e63453266bb14ff074a6,1273370,1.273370
0x396892771352cb426804e7117d58e8e72b7baa22,1273362,1.273362
0xfd472854b5958d29f44268149247a8a8619ca8f9,1273261,1.273261
0xbbcc4522256e6af3afa346493687ff4d1b491333,1272823,1.272823
0xbed2b145bc2dde155371b7e633adb4b3ca7e3985,1272431,1.272431
0x15143eb9262819a8924679805b80a5e6cf62578e,1271516,1.271516
0x8f72c5fefeb312967bc598661371c80888c1f030,1271477,1.271477
0x1e8559399379be4385d6f3f2145cf81319f248c5,1271168,1.271168
0xb97380b867ae5b667651c32e66559af6cb0fa0b1,1270603,1.270603
0xf7ed23a6f5dd0f2949e9975e2f0655f7bc744e7e,1268329,1.268329
0x90111d435cf7bc2d91a4ce80ecbb87c5659daf7c,1266590,1.266590
0xc32cb0ef3c9d68560cf154b82f596db875cc3fbb,1266168,1.266168
0xc84ea5fee1fea7506f0cc8245aa1a167a68baa91,1265527,1.265527
0xec9ba24aa2229c1da5ce8d745936abe0d3cf4794,1264853,1.264853
0xd0db9c0998105083dd418a6ecbbaf2351ead5687,1263482,1.263482
0x79285c114a9c0dd3592a15412987b19266e864c3,1262504,1.262504
0x5f3cb3675b5669208ac805bccb110204effeb292,1259881,1.259881
0x0a7421e2e94aa4ad8099b2f4d2391f01fdbd61e2,1259329,1.259329
0x2d64a1cace789801e758fe781e30f6b450c4ba39,1259282,1.259282
0x8fdc3aaca0c0dbdd5f0485396bb5acb4257ad0f7,1259270,1.259270
0x47bff18e462912ab61a465b2bc229e3857491aa6,1259208,1.259208
0x40e109ad3fda96342cf5c961ead16d4660911ca9,1257982,1.257982
0x16a7da59d6328d9e765831cf9d026e0f27de71d3,1257781,1.257781
0x870a1eb1de33ea5269e3a4a68a5c4f87f4756c21,1257618,1.257618
0xc19e474d3fc4d39880edaf74a362661bd6d59553,1256785,1.256785
0x87276c4e1717d010e0b3c1cdec2b4785c2720226,1256477,1.256477
0xfcccdd70cb89345c669a6b85fb72f22987b52918,1255778,1.255778
0x551a409571417b96c9e282907c2950b4a9dbec4d,1255563,1.255563
0xfeb3ba4f98051c27a37857f91d1328460a575b64,1254626,1.254626
0x895bb2f5fe1fa58c77deddaeff1f59931a758a4d,1254359,1.254359
0x5afb23d33e70afb82ec0edd8d10f0cb52e669455,1253807,1.253807
0x9e7a4af09c0efa901a266bc818628c9d24d6003a,1253456,1.253456
0x7e76e867018fc1604c611c2733914311a8412ef4,1252433,1.252433
0x8eb83e56ae14ce21a58584b2827b2fbed36901a3,1252433,1.252433
0x1b68825ad4ec7d004a21e88d4b168d0683dae0c2,1252433,1.252433
0x7aca0948ae831df60a2c3e1c017a91abf1943f3f,1251802,1.251802
0x6cf331ca783af2ccf7b0e0c991a8da7b79c071d5,1251542,1.251542
0x99000577e2eb0564399c4e8e157a0a2ed1b9dcf2,1250830,1.250830
0x365ab0e5feeba91ee1f3e99170c64a660655e716,1249823,1.249823
0x19bb360027b00881e6844633fa99258a5fd2369e,1247951,1.247951
0x754650aa59569e7ce192f14d3eddd3de43e4fb68,1247907,1.247907
0x9d79004ec948a172f5bd25f15cea8dccfbfbd0f6,1247286,1.247286
0x6660ce8c7a5a338b211c14cc0f7a1476f4968a52,1246810,1.246810
0x49d49438c4c0f4b31f12b0c5c5b06f4e9b47bf24,1246810,1.246810
0xfea6ada4e39e5bcb5e8553fefa72a5b5cde422d9,1246810,1.246810
0x166d247b9696cbdebc17e92c9ef6993a2ef2f5cb,1245576,1.245576
0xc880730fa2ade463cfbc4971f0f2f90febd4ccff,1245098,1.245098
0x8703aafe42a0edff005b06f0188057c501ce957f,1244034,1.244034
0xff14fea57da18edd0ec5fc82e2625a6863e40641,1243871,1.243871
0xba92906f2b00c06ca52b2c625fc00a3cddaf8fdb,1243524,1.243524
0xfcba88ee3480cd7419a3eba8559d54ed609e86ea,1243247,1.243247
0xfd1bd701afb8da8b0347fd6f9af61fc899890935,1243017,1.243017
0xe37eec2092a9f54cf7a382da846c31b73e4743b5,1242765,1.242765
0x621d723558d7c552e8f145fe6b0e07505e1a150b,1241532,1.241532
0x35f831473a4a2eb6424c81058243fd77c391eb27,1241021,1.241021
0xe50c4da738825bbc2d541a32ac1eddf31f6ac645,1240898,1.240898
0xc32a0f03e5dce30ce058f45ce34125fe35a75f4e,1240761,1.240761
0x1b50e6fc57baffe5783767f3eb0faafd3d2ff332,1240456,1.240456
0x9b9977d825bdb0db5e1e31e897d3839a6aeaa5a6,1239558,1.239558
0xa98dcb813561b9a69bd7b866ccd0b719f19d1ed0,1237837,1.237837
0x9ead7008757634b6474185da1151791f06c9a3b3,1237723,1.237723
0x181a0d777510d84fdc8b16d2336b476843c65f70,1236585,1.236585
0x132ebeae8fde729f67b8c9a3c0c1d7c3abf16ade,1235997,1.235997
0x4b2366bfca6c7e5232fa20694b4fcb6417248eaf,1235716,1.235716
0x44f829ccbdc9c15ca84d4fd3f00c4682c35f228e,1234932,1.234932
0x25d1e9f39dbef441dd4cf8f235937e98b3253ea9,1231178,1.231178
0xe49a39369a049e9d461d780498bc70eae75d76cd,1228656,1.228656
0xdb9d784c6ffefa31f6253990d83cd9bbbd8034c0,1228104,1.228104
0x29e9dc54ec7f63b9cb82671f1472563a3edc7c48,1227931,1.227931
0x7114b6bdebed02ab7d335d5f91d9f648a5d39855,1227863,1.227863
0x5304a5abb08d6836ac82412ad05a736b1f450ff9,1227274,1.227274
0xbb5ab1bd84a99c189b0adce0294f493f5d5599a2,1224201,1.224201
0x7fb21b30fbfdf67722fcf5262599806860ed7e65,1222963,1.222963
0x5d814ad4205a4b8956038053a40e9303295f46fc,1222025,1.222025
0x461af582b383621873225531ea20feb44392ed10,1221027,1.221027
0x185c4bdfb8fe946202b4df123ce25348164ecb94,1219737,1.219737
0x939b19c408afa885b68edf254f106b8506dd3ad0,1218095,1.218095
0xbbda94c23d4d5ba3e593cdc3eb41177ee07e1e92,1216653,1.216653
0x121c5b16045bd142065538644feef64befd7223e,1216548,1.216548
0x5524250b2d49c0ee2f553f7969c1786fcadf506f,1216522,1.216522
0x7ae4f5215983a8234e9e49cb49eda7ad64c91457,1214357,1.214357
0x2bc3acca82b71817ea46645f48ff391c16b2f085,1213610,1.213610
0xca7cae698655b020b02296abcf4437883d183020,1213565,1.213565
0x039ec0b36450e9b2c5f59a3a6fe991469ac744f2,1213153,1.213153
0x9e5bb718b1ff72ade3f500d3dfbe378a42541beb,1211231,1.211231
0x2f2f665974261c4129b1dc6c359bd259cd66f78a,1209959,1.209959
0xfe14d959ad10f862ed3a489c8e9ec9b8da16844e,1209806,1.209806
0x43a87cf128f0698d613cadf0c6efc8434ebabaa4,1209673,1.209673
0xf98ae2b2a5a4116c1335f365822fb29a93b92144,1209564,1.209564
0xfead8d747cb15c534e3f10f83ea1b3e9b66ad829,1209311,1.209311
0x7e9ce3719408e5387854a7ed94c637ee53e86f2e,1208650,1.208650
0x935ef12c2cd4cefe2575663a630c8a3b61c3ade4,1207441,1.207441
0xa56894e31a5d20e8cc48f4d76ab06e982b5ae9d2,1206198,1.206198
0x9000ca078d63ddd956a23f3b47bac6afa4e6ea70,1205250,1.205250
0x8348c377e180be4ea4686477ef4dd3d96d62b4f5,1205250,1.205250
0x537e71aa320fc5b2839c6a70384c86f1eda258a0,1205250,1.205250
0xead2b227abf0ee503a3f6afb16982816d06f0e20,1205250,1.205250
0xc65feeddccdda21a6b35d3590f16e89857e792c3,1202424,1.202424
0xbb6182bc1a62925fd7476879a2b6bfa69ceb3b26,1198949,1.198949
0xe1ecf136bb0f65aec18053c1b76d431fcca0b63c,1198629,1.198629
0x40457c30149dfd6d9d9721345ba5d1aa035abb2d,1196284,1.196284
0x8e983a0d9e5e1d1b9c57f6c0ffdd62228497a899,1195727,1.195727
0x60ed07d99d0d6856f5fbf6a8823d8f96dda32f33,1194515,1.194515
0x9145a5513ce2b7f96c27124479939ebc1514f3ce,1193916,1.193916
0x2deeddb4be22ab522ac2225e60c354a2c870fcbc,1193846,1.193846
0x0691d0db0bc6b88b875c83b5f1555bc98b0baa8c,1193484,1.193484
0x78c5b51da1d8e875a28ce1dc4cd96e1527aecea7,1193275,1.193275
0x7fdfd9133b3bdac66a1ca07da1a07090c54f7c5c,1193170,1.193170
0x3e92f732ace6c88fea6f08da9be1c4e95ebad470,1193170,1.193170
0x99cb4b9dfd43ad910a0d456d1d8a548fe67dfd2f,1193170,1.193170
0xac5db477eb2f0226eb83b612efc9d55f2d8322f8,1192746,1.192746
0xe948ee2a72165d0013181f30f5f71bac163e2f22,1192746,1.192746
0x3351d860c787960703546ae83884ebb2f7ba8ae3,1192437,1.192437
0x4e99b2991ab8306833fe403468dc44515694f638,1192152,1.192152
0x055a6147c5c51f6e8de02a0bf16a335151c5d2e2,1191943,1.191943
0x4a048faf9acd947b38ebd1272bee109fffa20bbe,1191835,1.191835
0x97dd95c157daffeef48f496b0b8a1507b9c3aee9,1191835,1.191835
0xdda42f12b8b2ccc6717c053a2b772bad24b08cbd,1191548,1.191548
0x62810730b8fe56d13c5627a96af027782122eda1,1191271,1.191271
0x3cbd3d635ebfc6dc3dc3e3a71e2b36123b66e891,1190827,1.190827
0x720e69f5828fcc1a9403e84e89b5e53c66d38d69,1190804,1.190804
0x0c02855c6b8457bc7b22f3611668035f83d131a6,1189771,1.189771
0xe7b93ea00f3a5225ac94b9ac7efaa5a308404ef9,1188879,1.188879
0x65aff6ac537bc0bc880f523f3278df11394bae35,1188729,1.188729
0x32272606ffaeb953764847e8426d156e61d83e82,1188000,1.188000
0xf286e07ed6889658a3285c05c4f736963cf41456,1186457,1.186457
0xe3122552d331f99ef6fa65d288ce7c628844cf5a,1186243,1.186243
0xc7d785ffb0b5f92beb21382d44539048a5b5df62,1186199,1.186199
0xe2280a9d66f6f8cadd2257f1c97232fe717b7bcf,1185478,1.185478
0x45da57d6a2a08fd79462012634a14324fda8d7be,1183425,1.183425
0xe5bce1f693a9ce6c0cf3a775cdd5197eec05cd0a,1182979,1.182979
0x3f7734e28ed8856b89e13137bd2e9112c40ebd51,1182696,1.182696
0x2a4057c350d671d0591d3fe73739fd9e1c140d84,1182228,1.182228
0xa1a9f0286575af21b289bf22d525968454a1c806,1181598,1.181598
0x9669f9fd55cd8bba575b0da8c6478582fefa9352,1180908,1.180908
0x5e6e3ff816021a2842cf23c36faeb0019af7ecb4,1180033,1.180033
0x7292b2efcbbc3334cd312d535ad6f07d058900e8,1180033,1.180033
0xd5a030435eed9f888c9e66d9942de49290021783,1178589,1.178589
0xf8e8f48d0e72e41a21acc8897d4012126d04de78,1178139,1.178139
0x734459d20d57cb748090dec99375efa3c8c42ebc,1177875,1.177875
0x1300375610505d9f39f0a77fa656cc60b751d308,1177278,1.177278
0x53d8bc9d7da32aed563b70d154fba89ea5346bbe,1176889,1.176889
0x4ba59647903156e7c8620b1236143b7a4bf0d17e,1176889,1.176889
0x4777fbe84b5c4a98ffadb839cf85f31f2b64d763,1176667,1.176667
0x6ed7e9d7928f5db04bc61690572cbdd3bd4397a9,1175829,1.175829
0xbeabdeff5f96e540f93a8dca2c59a51896d7db26,1174770,1.174770
0xca4030afd17f29ade7ec2d47e2c20b4b1252ee86,1174327,1.174327
0xd6faeca7657c27c9aefc1a86220de3787a711e48,1173708,1.173708
0x7a09fdb00c52aec0b7e5b12cbfb7becadc78ac2b,1173527,1.173527
0xe45ade2d0d59578716ffb28a6214a1349ad93e26,1173263,1.173263
0x34ad53757d9489fbc43d3030325817646f1e1c38,1173098,1.173098
0xe8630c220851e209853538b821f4c4db427fa3ba,1173041,1.173041
0x90de455b4dbd4b2e98304839de0ef4f6035e8420,1172836,1.172836
0xee17e6964c6edab93f392633902470585166ca3d,1172807,1.172807
0x902651b5f65f1017ba167b4883904107be076162,1172170,1.172170
0x4c4c208859f723f794564e45b7e2d8c991352d80,1172059,1.172059
0x89fcb042d49e520b7bf1294bbd26f065b4531b99,1171287,1.171287
0x16261038ef880e36095a04941cfacb6b3b0b8f4e,1170056,1.170056
0x3749351675974897435c7356e430836e063abdbf,1169974,1.169974
0x539ee70082ee32ce1cfc3cb69e004d8d06fca2b4,1169891,1.169891
0xa49c1e4ee9ebc48ba8fb8166f79d9b628ef64ae6,1169891,1.169891
0x6ecb45b66637de3fb86b91ce608ddf04c9f80b62,1169762,1.169762
0xa8ac1ed818bb6d78b91c1c0febb001e4dec1f910,1169341,1.169341
0x36dbb7ca16c71cc1c31f0b71cf7c2621238f12b3,1168759,1.168759
0x5a94dc3e2a0c8bd15f3836d84bbe52a8ded142da,1167247,1.167247
0x29ab060bd02cd22e4042095679cfc5118098d46c,1164539,1.164539
0xf374739aaf4095e1015a47085a6ff1cbdbbf6a6b,1164539,1.164539
0xee79a26ae73e26224b49ec6fe3a62b52424b9d0b,1164509,1.164509
0xb3d8bfee35c6272095db789b6eaa45ac2fb571b1,1164253,1.164253
0x3f8dde03ad3dfcf0015bfcc1b468daea19b450b9,1164102,1.164102
0x23e4e3910538ab6e8127203680c2353050ca9b05,1163741,1.163741
0x0014ea9bbe130c8af7f00c8e61fc07368bdaaf7d,1162537,1.162537
0x9edff2a77e4baef81f09047905c329d5681e36ef,1161058,1.161058
0x47686298b9b1123679087f10303c3a62636c0990,1160302,1.160302
0x52dfcae896e186cf2fb4fe9d3bae11ec917baa73,1159849,1.159849
0xe69ff3b1010491086a8766e8a8932b77022adf8d,1159741,1.159741
0x930931d69cbae7f1205e63256930094ba6c8a736,1159187,1.159187
0xc4aee4f3bbe01d5e4c58ba82b77f7b74a4408d86,1158459,1.158459
0x76f714198fa805fcec291ff8d74045a9808a42db,1158331,1.158331
0xb3384ebd56b9e7265d8ab94f17563f2cc71154b3,1157834,1.157834
0xa9bdf34773322f7b2c00b1bf027f34a3dc02bc5d,1157344,1.157344
0x6304c044bf1dda8512eb220aace198481c54a1fa,1157226,1.157226
0x8d1186a6064e1c41fdfbb6074d8ad1debdaf9a92,1157082,1.157082
0xd57b213b638c7bbf3c9e648522548d7d195a4785,1156974,1.156974
0x4c9e16010a557a62abdffde2e8db20a6cd79efcf,1155998,1.155998
0x59a281f76e3284ee407d8de5a824f9d5422dc56d,1154742,1.154742
0xa30a53730dcae9fb73fd7469a99b4e33f0f41c46,1153778,1.153778
0xd81b20602c0917ec576a6b9e8653fe551603e959,1153317,1.153317
0xb0cb33c9acb61f09c35b2749cab50fe90df4d8b8,1152831,1.152831
0xb75f9518dc038499cdc5e404b8385027d8ee2f05,1152398,1.152398
0x200192d8acd4ab3a39c60463785b787215da8a3b,1152152,1.152152
0xdff5f28d0dc643f61a03da267497ffd26b7278a6,1151722,1.151722
0xfbc89d2c6c56a004573f85e0ee9e26812326c368,1151121,1.151121
0x15167318c8d2e966d3f71b2b28a49b49704b857c,1149990,1.149990
0x266921c2424aac83244a245cc714d3d42329fa10,1148994,1.148994
0xa3915658d0ac0d54267d8c66d3b3f632c5a2b064,1148402,1.148402
0x2bc8ca1f5cfe71ebf7a7a670def7aaa340dcbf7d,1147568,1.147568
0xf4f5928482689d4cb68a9836d2cdac347e5318e1,1146675,1.146675
0xf3d6876dd3039b979b52cee580faba1ac7d1e5c1,1146041,1.146041
0x3e137bd6d75c7838c5141d217848b37be5c4575e,1145661,1.145661
0x34dccfae06202d1167797870679fc1fb9ef7a523,1145372,1.145372
0x3efc213628872c8b19ecb0f1af5065dd368d6acb,1145084,1.145084
0x0e7ed8997bfbcac99260b75badaf32d9f62f9700,1144962,1.144962
0x5d8ff5d3fdbdb093b4c77d454452aa91592001d8,1144212,1.144212
0x0ef1fe11c14c254a2234b472bd5694f7be0167fd,1143949,1.143949
0xe7927d6fa4ddd122ee914e05acc87c4939ac57b5,1143949,1.143949
0x2b81244ddd879aa4b644e8eb595d52fe79663502,1143931,1.143931
0xe81e17eb1a5c97d9c60fb8a24b4f9c228d3dd77b,1143908,1.143908
0x46c855738ace7fb9fc519ddfb7b76cb5e86c6355,1143851,1.143851
0x552d1f4cc652818698644f888d301fc62a75c741,1143807,1.143807
0xfe904ae4a2dfcca42c50607a254ec33d6926cf29,1143070,1.143070
0xcd54ff0e52a61b6dab8c24d1348116ca3bb522a9,1140674,1.140674
0x9a4a0c0cdac89b1a7664ed4e972ee19bb5c9b76c,1138186,1.138186
0x158e09e640948193b604dde3ad8890066945773c,1137969,1.137969
0xa63f3dec58506f43b721025ae9cbad9f4f7c658a,1137191,1.137191
0x5ab3f19c99c50f47a9cfa753ecd654aa7145998b,1136175,1.136175
0x9be81bb86424be336480f6e4874d8ff1ee020272,1136081,1.136081
0x989f9e2278f258d6639f02e92c257102c8c3197b,1135523,1.135523
0xdfef12bbd139a2ef97b85c43c3a9ea8ff6e7335d,1135348,1.135348
0xa12df5a9eaa21b2e8fe7f1c27462c6740000d3f3,1134802,1.134802
0xa995c6adf8686c02d8debdc360301498f29e6b85,1133891,1.133891
0xec92f845c385503327deb7f52f03b9af66a466ef,1132322,1.132322
0xf45c7fb4c488ff4de8dabd98750624cd956b7252,1131567,1.131567
0x0b75456d7adb6f281b92dfb0aaf83485658bc0eb,1131145,1.131145
0xfa2982ba84f578e15aec495a03556c8e8a638fba,1130554,1.130554
0xca1cc5f323d3b8f7f4dd852eb437307c237ff550,1129843,1.129843
0x24a8ff224cbe0a905c4e6e677901f273ae858e44,1129635,1.129635
0xdf24bad5accfe5bb0cf952eeae26ffba58e048aa,1129001,1.129001
0x0865a8a0b6311e19e4579e9448624062b2244c9c,1128585,1.128585
0x8cf09ad73fbd8f1ba5232ecf6b846ad26425ea2f,1127952,1.127952
0x0b6968e5c2c1acd72cc355f0db65f244eeff9957,1127119,1.127119
0xeb37edb953e4ca9593d1b775d8748c6974789cb7,1126389,1.126389
0x6ae7fe0f65729ab17d26c82a4304508f9f268cc0,1124535,1.124535
0xa1112524c8aadd762cd4d2a7b3119af3720813e3,1124391,1.124391
0xe816c943e987e094e09a23bf7b528e773615a4ca,1124391,1.124391
0xb6f904c71d25c484e7f70f17ff9b9b2b2465d59e,1123929,1.123929
0x32edbf91f8a9a377ae57dc95fd2192526aa32309,1123180,1.123180
0x1c1b6239bb2c8949a8a1c2812937fddb1ba113e8,1121950,1.121950
0x01b6d631b9ec4ff29482a65fd2bb660121d17140,1121494,1.121494
0xf376feea3272a93fc2c76a279cb4a850f8b79740,1120955,1.120955
0x986bed83ca121e14ecf4e082123aa9dd876e4f3a,1120572,1.120572
0xceb7acef88ce3baa3d44bcba17ff4e5d61c49d4b,1119659,1.119659
0xaebc20662a1cd5b90844d3e0283a217c2068c91e,1118850,1.118850
0x04ee2c315225ad7f9b118923e1d425b53f63c1d4,1118213,1.118213
0x2a114dcaf70642b94e170d921a5d96208b3bc22e,1117732,1.117732
0x5c969f9794f49a5ea59f2b6369cdd3525e523f6d,1117426,1.117426
0xc791d121dccbe94f25de531e3b360b9dd168b588,1116071,1.116071
0x97cb648b0b30550266bba37b0345b5cd5f8f7d92,1115235,1.115235
0x53cb3ab3e6911ca228889cc959a845bf63cad8a6,1115046,1.115046
0xa1a3331cc412fc9b4be1f6e8e0fe2db20775fe42,1113650,1.113650
0x617d08085f68070f00fe4945c1e57013f7600b12,1113260,1.113260
0x7ee3f414a79611d0ffeecba3db6defba70c8e10c,1113260,1.113260
0xc9c27badc38a6f9bca62ebf092cee94d3acec12e,1113260,1.113260
0xaa36fa2c2e938b1197488ee3ac4f9c9f46b19862,1113260,1.113260
0x2a99505fbfa1d6552bee9722c1476a63edf4783d,1113260,1.113260
0x2d8bb8231ef8f139202b3e95fd6204e7a173eabe,1112232,1.112232
0xb0dbac14796713048670e3341f7086e53eee9982,1111671,1.111671
0x446864add648003e46b6253ff52801c0241cc866,1109810,1.109810
0xdf907be5e45d480348ccd53c2b1dd7968386404c,1108891,1.108891
0x045d92b8a50a5e12bd76a954e8fbbc02b2af3d5d,1107776,1.107776
0x016b6cf8258cd92cd4fc9e66ac07a287e29804d8,1106742,1.106742
0xfe7420135a472b506435100b167e886f88ad3cd3,1106571,1.106571
0x44281a3aed356249f08b0ac86b2862073c66aa97,1106309,1.106309
0x586010ec6351ab46efb434c0fb2863b5a56602c5,1105423,1.105423
0xfcfddb2536a82ac8251e814adad6d08361b5a0bc,1104289,1.104289
0x3b6a21164f6385555a4fe41c6e80d4469a7348fc,1102803,1.102803
0xcda608685966e01499feaccf21bfd55ab5797593,1101648,1.101648
0xd726adb2f5b298caed14b0d17220a0c87c6eb6a6,1099372,1.099372
0x385bfa6b50f99ab5c717c6d773ec204a115d9e90,1098803,1.098803
0xf35913d6ddf60ab370b21ba11091d374f13e7546,1098262,1.098262
0xf42220150c80e70a5afb9f29f2ddd453c0c870da,1097927,1.097927
0x653daab1686439d42443f2c178959c5249d6e936,1097696,1.097696
0xb1d5604b8ad680ceb7147ef9a23237b68a21d73b,1097567,1.097567
0xc51879b4c0b5a37d0688f7bd3b701d35b4a76113,1095465,1.095465
0x9042c9d98f34a554430907472aef3ac40956b694,1094965,1.094965
0xf7e9c54a234d2d2f6c62509cadea85a3f69277b8,1093860,1.093860
0xe1e7595faed99cc644172e2cba54ec1fcf790e87,1093734,1.093734
0x4779757078ac7b533f8caaa5c4623723b819b123,1093007,1.093007
0x4beadff0dd0d9d887a23f16a020e49ae95afd09a,1092350,1.092350
0x448511147892ae60966195a68b13aba4dc3d2f5e,1092115,1.092115
0xbbf957bbc10f8ed963ac52fc0f0a7725379b179c,1092099,1.092099
0x713a64a32000d1b918fc81078fe94ca9edde1c99,1092080,1.092080
0xf82b53428045ac849b5edc97a6ace162affa3f0f,1091703,1.091703
0x9f739dfd48af691e16ae22dfa1b91d1540bbc88d,1091703,1.091703
0xb2b04a548729e5e2dde9788c7fb3e671701f1f60,1091100,1.091100
0xb1c175f3d3244e8e610c6400ec8079b1ddf69781,1090562,1.090562
0x76e9f29ec3ef76ff09ff7a1c9a32c3abe2c67208,1089916,1.089916
0x2b6343feea1502f4f7a6e9c807f1893ce6bcc15e,1087207,1.087207
0xab24f605fd6bca0f83c2730bf2545bb9ae06b027,1086918,1.086918
0xa8cd05b2e4c62bb808b1cbaa6c65980a057c2472,1086918,1.086918
0x736c3a3a3ea280d9dfa15950f063defd5d9d47b3,1086918,1.086918
0x8e3638a8b9feb8905db1e1bc583c10ee71e3280b,1086918,1.086918
0x82d3c4c5c57a6fac50d63c081b56e39398fc0c0b,1086918,1.086918
0x01c83fa43484bf6e549a6ca378466157c4fc4450,1086918,1.086918
0x04e734b64ad5d04b9c9a8e5cd2e587aac8e0ceab,1086918,1.086918
0xff85142ddd8d5da36921093d6ebbf0e92192bf4d,1086918,1.086918
0xe7da58242f4ae144c387a17905f44bdd85e2954e,1086918,1.086918
0xfb88ae8ec618f0c407f62140c52a1dd57c222d32,1086918,1.086918
0xc77c8df83b364f8419a5a69ef10433143a13a7ba,1086597,1.086597
0x4aee1c3479ca1b351f682ede6825a3073343acce,1086303,1.086303
0x776774cbfa8b6a47432d6f9d586efd1f0ca96b49,1085434,1.085434
0xc96f22a04d78f4e162162008ce639933a05855b5,1085354,1.085354
0x7a35129fbdb9bda47c3c23e8595832bcf1aa5ec0,1084877,1.084877
0xb902ceef41790fb87a1a1fdd1e72712cfedb9714,1084190,1.084190
0x770b8ed8082273eccfb148fab8d9674a4e7491cd,1083616,1.083616
0x149700b18c91bae346aec4ce5494ff606c7e37f0,1083551,1.083551
0x0050dbf2922000882586cae43c6adebc2c311420,1083348,1.083348
0xdc348ace3e14ab5b3f6023a6da29d2a01a12aa71,1083332,1.083332
0x55b3eb13634e2ce64ed6c787960f7c3776abdac0,1083043,1.083043
0x9693200746c056bb3e548b6a25c5fb1d5db2d874,1082711,1.082711
0xfd19564f91b1dbb07c6966e95aee91deece80a4d,1082614,1.082614
0x6e500fbd27531671046b20a2b39e840477cc8f21,1082416,1.082416
0x7d178d5b060de15fd8a92ad63d36b7b5e1ae5966,1082149,1.082149
0x01ea6774ca62c258c9b88ca1da6f816341bcb336,1081320,1.081320
0x7a010c1b0d8982f8fb95555c60f9d18c6c080308,1081032,1.081032
0xdf5569a35e391e7093ca75c84e840220556ed483,1080542,1.080542
0xb65e7eb43fa6785ae82d8ae5f15df46dc43d98ed,1079933,1.079933
0xeaa208644a923bc152306a9f96067df14a5ac324,1079729,1.079729
0xefb476aa47b1c50f1ca3d1c98d328be247056f67,1077935,1.077935
0xeede766bd58802b8fe3f6a9714da203f02b7bdca,1077670,1.077670
0x08fa69748643fe86521b5c973741afc5ea4c3d03,1077250,1.077250
0x3a47d797aa4d509a7510645ab0c4c50130327ac4,1077149,1.077149
0xad42c8b724596799671ae61c1f6e405217c0d974,1077140,1.077140
0xde49f82ef557ca73f59f28f558ee412fee28387a,1076792,1.076792
0xd37b7bd789f1c57fd9c98e91716b2cafd2fa2cec,1076675,1.076675
0xf6cec0cb11cec5d0caeb798847031b6da340f1e5,1075543,1.075543
0xf3e4d991a20043b6bd025058cf4d96fd7501070b,1075491,1.075491
0x8ac2de563ac1c3fa7c87f763ea4589eec51f8eaa,1075409,1.075409
0xb1874686d6c83aff97b70b92ef1b8f97a4f84156,1074162,1.074162
0x4c438ea5eb266ac5ac3200d62ae56ca4bb08a50f,1072748,1.072748
0x21518033fa09b8267c2bdc00dc5dac712ad81f58,1072748,1.072748
0x649756efaf3e57549a1b241fd608cf93d8d09c4f,1072748,1.072748
0xe98b34f6d4a0029ea6f438d384b5e48b283b4b6b,1072748,1.072748
0x727da77e0b3a0bdbf30856df052552e6787f4aaa,1071854,1.071854
0xd120542fcab56b31fb1200201e9f96bd7aa6821b,1071602,1.071602
0xa3cd74ba0eaa9fd7246b334fe8157987919744e8,1071527,1.071527
0xde3a6e74aa709b2c76d92a2eefdd4d3c62ff2529,1071465,1.071465
0xebaf4bdcbe1c6763f65005e893e4c65511bc3ab8,1071169,1.071169
0x46f9b480d8d5c3d6fc8f448c022442f55aa1c93e,1070282,1.070282
0x14079e4c8ccfd62edd48345cc654b86b8c4537a8,1070122,1.070122
0x1045e8d4e26d70ff8965bc8023329f8c26a848f6,1068609,1.068609
0x91a1dd80fe620f166a4bc7e43971ce240fd67484,1067951,1.067951
0x500da24eb4a9222854fcde19e4bbc522e0644a2c,1067704,1.067704
0x287b9a2f37aca8357af69352ee4fe761d78daa18,1067648,1.067648
0x1f890ceaf36c70128edb1eafe43dafe0c07a462a,1067264,1.067264
0xe8d8a2d63d30c6ed111f7f5c8b3add5285243bca,1066380,1.066380
0xc61d4c9c93967a04cc3e9cacd0d28742322a369b,1066308,1.066308
0xec97fc74f0e3e394ae3395ff51aa39c6bd6c4ab1,1065689,1.065689
0x5150bd18c28331a03c03b8486b399b12f5d94e3a,1065010,1.065010
0x3f5a01dce20351a4107053d93d17136fe4366d07,1064777,1.064777
0xbbb2adf0b035d532b57a312a14f2dd6f038b6f73,1064646,1.064646
0x4676f6132a50d6bc98d4dfd1578b41a030ac2d12,1064537,1.064537
0x4c8ad5f40c6b706fab1579c8ebd659790f8c9c27,1063149,1.063149
0x9bf02c365c81a5dc3fe96d001d779ec522f83088,1062283,1.062283
0xcf8cf5df28db4f4e8376c90d8cebd5f7a4f73620,1062031,1.062031
0x85d646749cefb49e032e9b179cce179bfaaf31a8,1061861,1.061861
0x0eb80b0c7b2f909b1e425178f13f10801a48f9fc,1061776,1.061776
0x43fb0d0efcd9cd444a69a3a02c09498b5915dbf6,1061291,1.061291
0x2cd1aae729f93443d823070e1d7e619ddcb2f2cd,1061291,1.061291
0x0703d4d7e2b0fc40da2c8a7ce63211dc95c19249,1060995,1.060995
0x4fc7ffb529c2022a808552b28f70c0aa471a5b2c,1059535,1.059535
0x843ddd403922a98c764367262a07e467c0a85ed6,1059258,1.059258
0xe6ddb93799f3ded132e972fbfdca3f81e336bdf7,1057396,1.057396
0x654d24ee1cc2c115c799332ffd0a039705e085b0,1056971,1.056971
0x959bfc77be112bc5fcd35a344d364658e2f16318,1056971,1.056971
0x3cb88259c86d1b404efc78404fa957cd5ddda70b,1056971,1.056971
0xa2a1fe8bcea0e11b3092cf75e8ca548da0aea8b4,1056971,1.056971
0x3b593fad8e5f46d9914a963f29b5cbfd00e34159,1056948,1.056948
0xdac71eaad0aee5c4eb45f9284900d7a2b9561327,1056948,1.056948
0xf93aef8c4d9cb2e3b1d45d8cea792ee5f4bccd65,1056948,1.056948
0xc4125a11c6355b2b7f0630f6c2d0f43f34aeaf6c,1056738,1.056738
0x169d3225bed3d2daa074441f2cded1eee4ead69e,1056704,1.056704
0x4801ab5ea7d9a36acb564dab50551c4b0eedafe9,1056421,1.056421
0x2ec989bd059efa6ef4f9029aef5c75286e94ad46,1055425,1.055425
0x66e46806463fde0601396d089ffc5c8a799b685a,1055348,1.055348
0xbe25cc2ede0f086f157e805cb7b54983490c19e4,1054830,1.054830
0x3e29d4cf363c353d2a6ddf8e4ceb6cbd8c84d05b,1054718,1.054718
0x904b86743c0829b6db6abe766f848363f001dfc6,1053725,1.053725
0x06f47b9f103d435ed6042a1dae64ff5d9800d49b,1052363,1.052363
0x4d6caa3e0983fac7b514d60339ebb538c5a85aae,1050454,1.050454
0x3bfe1f2f29654d5a088433fdaf6f8f27f8455802,1050327,1.050327
0x8ed459dd8793377293bf2f80d7994b84cd8b8923,1050108,1.050108
0xa8cc070cb8f0b5aee8afaaf2ebfa6106a8371333,1049577,1.049577
0xa4cc6075bf442adbda60d42b6af67f7927ca2de2,1049382,1.049382
0xafeb473a1be6f28425531a0c2e1a7bc77f59f4cd,1048609,1.048609
0x96b94fa08cc9b7e867ebda9727dfb6b1e21cdccb,1048371,1.048371
0xf5a30faf91115afce0077cbf52de835fc85731cf,1048324,1.048324
0xf9274ce4e20bb8f9adec1ac1420cfa6f8340db89,1047918,1.047918
0x71a4873f09b78900ef7431b7156542aa2db159b8,1047845,1.047845
0x6bf72d183894de3bd5ebaf7b5983d7c778c82299,1047355,1.047355
0xa2246ee97461190085382f7718a7d741d63f63c3,1047198,1.047198
0x51bcaad53ab90e14da259cbdd3c30e0863793b18,1046585,1.046585
0x577aa432f09e33ecd3b656574970cb9593b214d5,1046484,1.046484
0x10c624b118f5bfb41dd8c895b72949f4c2f59d30,1046484,1.046484
0x921e0ac9cf2e09a2950ec1085f54a1a679459656,1045319,1.045319
0x7f3c52b99f7cb702ee54af1c9c92fbbe8c4ba8dd,1045319,1.045319
0x923b1f67cae909e944eb8b561ec66199d07f1a05,1045235,1.045235
0xaa1024310462c5607711607381d663ff2cdd820d,1044959,1.044959
0x698eb38d8b916943f0963645066fdf05bd8e0452,1044285,1.044285
0x129809326038f735e243c2de501c08a74b7d5c08,1044053,1.044053
0x37899f4b30c46bd138f7487b2a2b06b88b948202,1043776,1.043776
0x16a8348df50a76d43d00571e6ce50049ea2008f0,1042403,1.042403
0x02702ba9a5bc465383749c7e5b574209ce3d3757,1042306,1.042306
0x2615287d85bf6ccf59550a3df86287bb16decd57,1042224,1.042224
0xad00bfadaa7ca6b74cc725aaba8c320bd1762568,1040420,1.040420
0xe342db541868b002014f8ed1756492c9ab57303a,1040321,1.040321
0xa2e731db15098a4aacef51cf8b7759094bf1564b,1039668,1.039668
0x5112d520736478b42e3d86cb900e3eaface1ff41,1038429,1.038429
0x60c70a8ad67c38a6b6242b9be5ed35d25d031a3f,1037685,1.037685
0x0e90008f176adb043220e973c7e530f06474ec11,1037590,1.037590
0x1fbdbcbdd69971d7742ba2cd317d6caf830116a4,1036698,1.036698
0xdb446f81c77b84ce88321481e622098e0fbf4d59,1035996,1.035996
0x57832132acf60866c8a1a7d89efab8d86897a52a,1035745,1.035745
0x6ec1b841fee15c110a9d0a41ee6114c1c23e7efd,1035344,1.035344
0xd712ac3ae38c54f1d72e6a68dc63d5357d304ae7,1035270,1.035270
0xc5b25bf20714c856c492b6059263b5177d29eac9,1034155,1.034155
0xd7332d1e7c6199859865f8343efd2e20289bdb86,1034152,1.034152
0x1fa7fae9e5c3c60025b0f8ea3d17aed33f683614,1033762,1.033762
0x04d118824d12da4c33c70c11c6780c1961084cbd,1033212,1.033212
0xa94d72ae39245cae3dc91115a82e6e52029df660,1032364,1.032364
0x5c02ccdf32f99f1ad859ff9c2e1375717b75d8b9,1032157,1.032157
0xa46f80c53db2d61c34bff4a5dfe47d49e980de52,1031988,1.031988
0x0dccb51be8ecda1c94a7604dd0160e03540896ac,1031245,1.031245
0x968ca0bf0ff82b9fed0ad8382f218d5de47eeb69,1030560,1.030560
0x6e17d6cd7862196981749ed454f9290305194c69,1030468,1.030468
0xd9ed008b00c07a2bff39d72d4fd0cc784b8ca459,1029675,1.029675
0xf108aad81cff7b1a7e5e340e58e85c32dbf4324e,1029303,1.029303
0x8b79e25911d56432c1493ae55359eb40587012f8,1027955,1.027955
0xb6ddffbd9b64538d1e59f8f65e5e938ad5122475,1027754,1.027754
0x789eba2925aaad7277fedf7a90aa97249e1aec12,1027552,1.027552
0xd896c860b0738fd466c450a3ff9db451283d2192,1026521,1.026521
0x7408f8bda2e86bac92d7a34c9ed03412c4c9632c,1025760,1.025760
0xfc594042429e89ffc96e34777a7e5f402688183b,1025588,1.025588
0x766ba6581319429143098c40290fc1595776b8d3,1024512,1.024512
0x455ca9ad1dc78d87ca349cb0517744ba4d388c85,1024512,1.024512
0x31280e856b73fc2696fd45da8656054779a65001,1024509,1.024509
0x09a436867c0fc3c097be08d52323797bf4fdf6c0,1023823,1.023823
0x2974d1aa7409bf240d275b0aea517a8aeb9f4d60,1023654,1.023654
0x94f9e917749ae181b58f7ccdd8e7cf976ecc6342,1023361,1.023361
0x3a5688ba86331c4668fef062ccf4bfd6ad2a0d5d,1023165,1.023165
0x5383d0c7a12e04453d5d8e58051b63db491af0f8,1022231,1.022231
0x6d3b54d3406893c78e74f7bc202c9c0df6086733,1020880,1.020880
0x267aaf1cb04d711f5e23f267a9141940af1ff0c9,1020794,1.020794
0x0e0a6ec5d85e22554976f165b7949948e40ab593,1020144,1.020144
0x3154e5f3b0ab76f55f31646c7d60cdc58ee96efc,1019849,1.019849
0xfcfe9a82893d5b5b7dd41f618ac525d056f39ecf,1018131,1.018131
0xfa37e664e43bb13ca83185830bdfb804ec2181f6,1017388,1.017388
0x89c65f571b7412b38966b3cd0d4f31ec9cf62d5d,1016837,1.016837
0xf72073c23d2b12f38525468a977abdf467f97f8c,1015508,1.015508
0x82a665f465542a25cc1173e38c67f16034518c86,1014788,1.014788
0xd52dd9d24c12fb1f7902e4c387d5d4a6c1f2d9e6,1014286,1.014286
0x0503eec7fc1b21ce06d9f9d125d8ede492a5114b,1014190,1.014190
0x9345ac21f12041fce6f5bc09cd9ce69e9f16becb,1013838,1.013838
0x4ba2eae28fcd900dd553c1e4e915de61bd119b44,1013398,1.013398
0xc3e9b4621ff4350e79ba2040caf2776d2839f94c,1013277,1.013277
0xc630ee3e52a40a2c87d3507b18d11efb178d01ab,1013203,1.013203
0xd23943b531e18a7208cdd8654fc390d6be55dd6a,1013067,1.013067
0x5761ab177fc7d38dcce87950111b34825217b54b,1013042,1.013042
0x7819bf532b78eb862e3747acfe085bc38534501e,1012774,1.012774
0xe86b0a9b280789312a97e7e420036710c02721e6,1012774,1.012774
0xff7dec2c9a9cdf29f1f096fab486ac78b0eaf917,1012578,1.012578
0xab21503257885ea87f37724282f797c3010d8e41,1012306,1.012306
0x2847bbb3c720bb6aa4eeb7ecea0bb3a56b42e1f9,1011943,1.011943
0xaa645be249f7750183f18df3d2eb0083ae05809e,1011903,1.011903
0xdc7d5acec78401710e7c65267e9c650d9f239fd7,1011460,1.011460
0xeefa01067d3f29f94d91d7d293b86703f18353fc,1011460,1.011460
0x87c62bfcc6e0e0d8c59a42f669c907557dce1828,1011447,1.011447
0xe11355c5cb7e8e975d09001dbfe7121364be06a9,1011447,1.011447
0x23e898d2760cf1bfa596a51a08d57d6a2a2ac59b,1011331,1.011331
0x514c61ee35081ec398673f8d86f1da628975d7aa,1010562,1.010562
0x903f6483376a3e125fc93aaa3200dfbf490618c6,1009470,1.009470
0x36f8370c89d862d6450072221062320a49b0d59b,1009068,1.009068
0xf173c9691009716022c85293bb0dd52ad4532827,1008137,1.008137
0x0fd7e9dc3745eea73843854bbce34b402aebad85,1007159,1.007159
0x5b7e4da61818ba2a6b25fae5e0121546d4e5bcb4,1006808,1.006808
0x72d5849785c99f5bd491cffe5f9b4d0edf804cab,1006808,1.006808
0xe3f6a09f3d5828cea4bcd997d5d5c115b5ea4f62,1006260,1.006260
0x404f583833d0a05156ff6003da652b6031ebcb55,1006094,1.006094
0xf7ecb064999bc9ad545c56dfef894a6bd361a0eb,1005838,1.005838
0x9922f6a3762b24e91f7145d6e72f3fca03d96993,1004765,1.004765
0xff534162cd85d389f83439e3745d2c6243bf9ea8,1004371,1.004371
0xf637c4e0b24116794403267047f404bf7a28d5b3,1004123,1.004123
0x07107d99848f5c45c03b91ea6c3e2ce9be96eb25,1003901,1.003901
0xf6434d72933a04550dd2e028cceb600472b98b26,1003711,1.003711
0x2c90a1f7d2f7a2643e42a1d177505143190b061e,1003694,1.003694
0xa1c13d1311fcfd19d17988ccc97f6d034a6d653a,1002383,1.002383
0x1c937def4f8121b8d5ce68c35b74f8de1157e957,1001932,1.001932
0xc502902cf5e6593cf700cfff92225a1ab08e351a,1001584,1.001584
0x1fbbd9803f74d43aced0b10a9fca4fe61cb245e9,1001503,1.001503
0xe8d8e303bb62e5fd36290d60f63d2ecff8c478ce,1000984,1.000984
0xd922998fe7d68879494556d3a534ca3adcd3cb87,999581,0.999581
0x5603fccbabbc6b54a793c89b0b01dee51d9bc1e4,999250,0.999250
0x627f0ea1dcff610ac59c5b74c509a506185bf9eb,998460,0.998460
0x7c51e275c6fc40abbe8bdb6c57e6b1fe5bc5097d,997591,0.997591
0x9a30943598ff25b071c1387ca12c2b45a14d11ca,996460,0.996460
0x52ee2e548172c56be847611ebd85578012c859c9,995846,0.995846
0x7286b073c97cdf1eb9ab874fb7f4a87330e0ae76,994324,0.994324
0x632213218cf26dab255f5acd45dc530995a019dd,993235,0.993235
0xb5a32366434ba83221aa10fad39120acaa58b80f,993182,0.993182
0x4511c26588a0f02b0f78f3a706cb3bd50763171f,992506,0.992506
0x9332e3bc8036a000d0c102256edc804e9e3f6e6a,992458,0.992458
0x5a6bd620b88599333bc35738f7c344947682b2ad,992458,0.992458
0x7ab8ee49be7fa06aef76c42bb1348f9ef9ad7a61,992458,0.992458
0x2f42b97b7753db7ffbfdf34269d370d99fa04c72,992458,0.992458
0x02c4ea08e0749e8865ef5cff109b66ec4f203a15,992458,0.992458
0xf9cb733514dd959a2f3ac9a64575722eb8c9b4e4,992458,0.992458
0xd1cd0bb410d324395dced0b7e526ddbd6234bc2d,992458,0.992458
0x0a3b11f2c749c447e7cb8d5cb572ebd5d5e697ed,991951,0.991951
0x64daa230d4701b3e601f3f8278fa8071d3bd878e,991456,0.991456
0x355df8234ab3a04ce51ed4787774637e6cc67c5b,990056,0.990056
0x25e96d5cf73ef4a4ab36d0141ee62024a74394fc,989527,0.989527
0xe49ed21c0fbef0cef7c4739650b698b27512a151,989271,0.989271
0x7e6eee78438535f25d5277b48751121e46b5b797,987485,0.987485
0x0469bfa9580a895be4d5a2c81df5a4a2aa149e2a,987224,0.987224
0x30bc222469066be5790e4fe94c2223f0dfa7683e,985189,0.985189
0xe0ad34b62c139ef9e8da61ebe45cb0c59fbb7976,984886,0.984886
0x80899f961925693806570384cd35683ab5adf549,983534,0.983534
0x67b6c94be8626f266532a11e9a08773913217a0f,983426,0.983426
0x9faf8162b40bb0a8517146ecbd6b7fe1b1ab92e1,983358,0.983358
0xbad358640e6d59a22cebc819df939f0ad5d6d620,982938,0.982938
0xa6f4fa9840aa6825446c820af6d5eccf9f78ba05,981446,0.981446
0x8b285937b1c6b78f75900f11553010af2b23a87c,981254,0.981254
0xaf632d5a0372c4605d14a7f58ce14fe596a3a595,980771,0.980771
0x4946e5d9ef3af4d80a434a83a794dc506f508d5e,980632,0.980632
0x352fe5a95d10b4d822cff1d575acba0ca926a80a,980329,0.980329
0x85aa7a1d208586dc9b8294b568ea336273076c19,980092,0.980092
0x31884cd08e60d8065befc99b65c5a0a831c76fd8,980039,0.980039
0xbc07b4bcadb811f73a807088a0a3bbb0131661d8,979485,0.979485
0xa50c90f626e865a549663f74ee030c4238d27dab,978866,0.978866
0x91cfd949ad4c280adda021a8371cabf01694e911,978763,0.978763
0x15656b7d4e2ead29a90ffabdd229d0adc1de616e,977159,0.977159
0x2bfe66759f0331066f3e7d57b3dc9a96bfc17927,977009,0.977009
0x7abc25c069c8194e6b501782c57904a8ed940a57,976649,0.976649
0x8ed253eea726fade07c8a37a247810f2ed2ca038,975007,0.975007
0xaa8167de65ac8951492fc20b43929a2ba085c8a7,972053,0.972053
0xc5cee5e0ee95c149cd2c229d67495801cf6e0b0a,971963,0.971963
0x88cfa382a8eb8dc2b34683e302e4aa35daf8498f,971653,0.971653
0x9317f31a58900ae95053c08cad836ef33da0b0f9,971324,0.971324
0xccf6a1f01eb5b5120a07e2484eb19eac98b7a93e,970729,0.970729
0xf8df1017495c8c54075dd8d1483ccc559c6729eb,970448,0.970448
0x447e14feb7926b7f7e407a8935fc966b437f6a8d,969629,0.969629
0xfd4d8454dec299a28c8a155bf9db1d0c619e89b0,969585,0.969585
0x45b6c107df4a01ef2ad028aa0327140648956d8c,969198,0.969198
0x2377b5fbb0c02eeb7e2f3b570e6cf4668559f939,967941,0.967941
0x93bd2568b439abc531cd56f929e66e8cac79f4d6,966295,0.966295
0x5bf4d29a3ff24d3a4ba699df0c529be098fc9cf5,966254,0.966254
0x385e8b44909380cef43070f498d2eb6c074e590e,966254,0.966254
0x05ceffd4104ebc52638778968733d4fec8808060,965653,0.965653
0x9d9ccd735b6cadaee1a857b785ebdb2b4446f804,965509,0.965509
0x5e5ee4bb0d466b7c47d62eafb42069a89314dae3,965471,0.965471
0x86bf0dd89bd1b2bcc780f8bdc4da97b89b7bc862,964927,0.964927
0x20017985c762a38a473d1e20673e875d9ad0d4dc,964709,0.964709
0xc61e54f1cbc96b44b22c04711d78bcd1eb12592d,964096,0.964096
0xc225ff645797ef6bf160e10e197c40079fb361d9,963121,0.963121
0x16e38cb9155492d0663fedbc1009d65f136e3c6f,963095,0.963095
0x0e108906ac1a950f69a807e1a82995a040ca86a7,961453,0.961453
0x4fd1dfc1493657132b76ed104b777ce09ff50a81,961163,0.961163
0x040f73d3cf2ff53785357414e50c2730d7e324a8,960892,0.960892
0xf457b1b3a7533d43f99434eab4d9cfe952ac494e,959570,0.959570
0x265ac44f8de8865fbfae62d5c3b14dd6ac0501c6,959390,0.959390
0x1844fb3cb4a3df0677d616b6a5ebfe273f605eed,958421,0.958421
0x281f367c7e43ef9e91bad201b36f62cb668aa4ec,958277,0.958277
0x142970fe32951f656ace3f788b5fee6078f75cbe,957336,0.957336
0xd99acc0b9d445db1fff5703c20b0289e10b685ae,956825,0.956825
0xd1e774af16081dd504cc41b5c3155ac7e9a20895,956314,0.956314
0xae5bf0a2688ec297edc1ac42629c06c4c1cf2bd5,956214,0.956214
0xe4abebddb107247547e1dea9257fed298bd80e44,954941,0.954941
0x98c1e83119628e5d23ab513dad664ed7bb5cbf17,954289,0.954289
0xcac7fb5c6787228426693900018c7da0bf42b357,954289,0.954289
0x93e3c92901b545775e4c44153ce2b0ab37e27505,954289,0.954289
0x16f91b2145b88f0c0b980e0ccff66fe25a525738,954289,0.954289
0xd6ec18135015bac60d62d3bfc56af37f78b19aa4,954289,0.954289
0xd95755ef999ed6b60a6e9fa49b326c6f2d19c4cc,954289,0.954289
0xea318e81597bcc0fa42a06f55db3e1f22fa10c26,954289,0.954289
0x9a5aea0c63ed05d433f2f59327454ac219d05084,953375,0.953375
0x1d2a474866a2924f23f4567cdae6aedf7188c6e3,952448,0.952448
0xf5e41a4dc230ed7ad23629f5090b4868d7c1421c,952448,0.952448
0xde68666d4f51d71ee07e563fad5e7168a635dcac,952448,0.952448
0x4cd3f1c8bfe7fb50470e4738e45921a1d08bc9ba,952198,0.952198
0xe3208389c0b374997d4f2cb860c885a2d625ce45,952198,0.952198
0x7a64ac5c13692b63acfccc8f3f2bbe930aff38a5,950107,0.950107
0xbb06067d8d3696597f9675e0e10a99badddeb995,949941,0.949941
0xd61fce15444ea3c5548d8c28cf13d325ea534a1a,949941,0.949941
0x92aa0a14e53682cb5a51e3c068b5d079d0a1b0c3,949692,0.949692
0xd96c8cb667e7bf75f5de08454ef4ffcfb874ea6f,949496,0.949496
0x9f8ec973b45951367fe7774ad950e3d4886ed9df,948848,0.948848
0xea7d3328d12a75fddf29ea776d17d88e58c521a7,948841,0.948841
0x51d14a8001f56156b220c3ba6bf465cf668c1da4,948683,0.948683
0x67ea25cc2b8e097c1ecb5079f45b315c2ff81deb,948574,0.948574
0xea2178beaa0423ca43f549fce8ce16396b2ac322,948388,0.948388
0xf1b9f1ee072f7a892af948a97f35a4fdd45daedd,948311,0.948311
0x4ee8564da1cc3028d14af94e9a87fa7376c1ada3,947065,0.947065
0xd631de3aa166ce99466fd89f7c3c758942b3cead,945127,0.945127
0x2214ed0d4d798b815d20e7404a012b89c90fbb9b,944978,0.944978
0xaec32047af6a870a5b35998c6f77ed78b4bad91e,944026,0.944026
0x8f2d1e4630b395eb31090726aa67131e781c243e,943349,0.943349
0x5646889144dbb12fcdff5d644b5b44e7e5a89acc,940786,0.940786
0x31acf4224f3357d6f4dc3e33a301591c6a7afb64,940518,0.940518
0xd0966b5daa1635b0a0e0c19b29f867707613c672,939803,0.939803
0xd5dadf4bcf4350d83a8bb0f14870637fb911b47b,939559,0.939559
0x8e59c00f4b6ef43919e602ea785700c0b55568d7,939449,0.939449
0x80d68d4342425b941c7a63d460195fe086cefc50,939003,0.939003
0x7c1f5324f37e72401d67b82a6b1507840baa41aa,938619,0.938619
0xaba7fe81189f15ea0a37c1c72219f4642ca58370,938619,0.938619
0xf5c48ea0e5a0e6613447b88d70207e00be838e76,938619,0.938619
0x3f727e7144091d894fea98a2ef2ce7bcddfcf5bd,938432,0.938432
0x6524a4de1c6fa52f68d9be4445646fde8fdece2c,938432,0.938432
0x885591b3a38bda52e05738b483982c09efdc7f9a,938432,0.938432
0x98a7b0a637c3b76b57f9592b75eb33cbcc2ff96b,938432,0.938432
0x6686db6ede1acd9d912710debcac2f7ab35fd2e9,938432,0.938432
0x9b15f4081da605ff5a9afab85e12b41fcec2e7bf,938432,0.938432
0x424f3ff3c1c762b51151d6bfbc679645eb9adcc6,938432,0.938432
0x5507ddec572b6d1c3a91275e3f731bba77d0aa6c,938432,0.938432
0x49ba0a5acf2b94f67c086ed8a34d266f8fe4d3f3,938432,0.938432
0xe52008c379bbd093b6e700b3fcecdb071be42b80,938432,0.938432
0x286579f3a25c541b950819ae72dd2fdfad44a7d5,938315,0.938315
0xcf5cefcc9be122fc753a91b6b9465ea71b4adef5,937759,0.937759
0xb028b71c0a2308bb9f43b732fd30c3f7f5d794cb,936638,0.936638
0x0b78d0344d368054e8aee97bfd3c16c997bbe182,935806,0.935806
0x9be71cc060dec9cc37db5aed1e3dbdb007649c9b,934979,0.934979
0xa22f4c8e89070ab2fa3ec5975dbce143d8924cd0,934637,0.934637
0xbae0f07de520ebdf520c35364de4c15ebe72d662,934494,0.934494
0xa46f18148144ee2b531fabf0932e25ff22ffcce9,934231,0.934231
0x11fef48755372f3828d36026fc79c47200d458e9,933948,0.933948
0x6bab6bcfb0c38ff8e781c3b3b188627dbd7c8c2d,933056,0.933056
0xab021d3c90e88a2c1fb70537b58417302e8d8ae0,932833,0.932833
0x5de6076da4dc74461a19b4a3191b72323c4f977a,932800,0.932800
0x91aebab2027b540703392b77cb9b833eed824ac3,932539,0.932539
0xf02ca9ea84301c191d6dda30b4b0500da37db572,932386,0.932386
0x797bc498edee4357a16a1054db0323cbd04c84c3,931804,0.931804
0x9b4ac5feb3fa9c087906cce730dc1bed34f08514,931471,0.931471
0xa9d4547de8a88b25ebd53071d03f821208bdb762,931268,0.931268
0x64d5f36f3a4793356a89e2fa178002b73dbb108f,930945,0.930945
0x7f2444e046f9a86ecc647a693f5fbc1d78fbbe91,930945,0.930945
0x9e6484512a752034abccc0fed8038066406ad8d1,930945,0.930945
0x4a57be05d29dd966f0739efa3b47cad9725ecdc1,930495,0.930495
0xac72be41f6af234c4d0081853608475618584cc4,928627,0.928627
0x7d050413e700f1e7adee57bbe99152ed6d7cfd3f,928627,0.928627
0x8411fd2ad663abc19ebd3301c4e26cc7259c2305,928095,0.928095
0x715c5da8b9529eb1f61eddab65ef86c1eb89dc87,927722,0.927722
0x5848aaeacd1580b7a93cf92651f2d143cbe2d6c5,927391,0.927391
0x2ef2564b0014cdcfec339214e5c24b4990f28d54,926878,0.926878
0x8c1144518360000d4c6075666e567e0f06f01684,925371,0.925371
0x3179c42dae179f7ecb40b9ae46647e45a6daafe5,924977,0.924977
0x4aca5ddfb18a087e4dbb767a0a9dc6e1fdd5fe46,924874,0.924874
0x758ae4ff7acfb8912e4938ec1cdcfb4327f7c397,924462,0.924462
0xd552ce0f4e6ad46545df371c9b004e6a934e154d,923478,0.923478
0xf93eea028b561c8e2347668c25f7102a764d3b61,922907,0.922907
0xf83c788b1550652bfe7b49f15d43de9ff4cab8a9,922907,0.922907
0xb4e2ba25c1e6aae8d1a900cf49737416cdd036c7,922396,0.922396
0xf5349898ab874eb0d52620e68608195a15b5f024,921825,0.921825
0x72089fcf926ec9b8eb1d597efe44fba5cd9ff735,921729,0.921729
0x99ce8406c280c58620eab8816435366cbaec0609,921260,0.921260
0xb7ca597c608bbce55369376cfe097386336a76c5,920794,0.920794
0x58414364171eb0ef1c1ff01c8e776a1af4ddce88,920273,0.920273
0xac4c9601f1ec529aa471ceaead6fd6ca7a1a2b36,919510,0.919510
0x6ac01d84b27058e76916371b0e51baf03bf455f4,919338,0.919338
0x4a3172c5879ab244d53ed2eef38ddc1bd8acaccb,919000,0.919000
0x793fe60f40bbb72d92997d65fc8a0d630962a532,918939,0.918939
0x70cc41f83a42e33485c8bbccaaa00207426dbb39,918405,0.918405
0x6ee9c9e226663296262237a00786918a672d6e9f,916919,0.916919
0x45b78bc14cf5e0ab1dc33d6731e65784f955545b,916208,0.916208
0x36d84b07a4e85fb4e04956791d55863ef792cb63,915914,0.915914
0x0606006acf4f28b6f1b262d4b43135b76758f90a,914301,0.914301
0x615d6b8c6825d94d32f82e0ccb538d00fe9c5793,914119,0.914119
0xabf527a831831044345bcbfa0fc39978a548e5f7,913415,0.913415
0x425085dce5fa2857f113d47a25431e4bc38bf26e,913059,0.913059
0xa33da14b4b767df512204687c3ce3c6e7f4db0d2,912633,0.912633
0x91020c2aab323920835864e94eb9d49ee5cc79c3,912222,0.912222
0x0ee8f1ec6c5e946daa9dcdd7379bbcdbf91749de,911543,0.911543
0x6ee52c85ca5e2a54b94cad8775dd4e7726bcbe10,911298,0.911298
0x02c12562b243d3ecff3dfd5ce114e9bdde6c8188,911236,0.911236
0xe6e1b74efec66cd0ceedbab724f9d2f72cc53a4f,911175,0.911175
0xc1d95c08ed096c2239bdbef14a1eaa3fc5ad132d,910094,0.910094
0x184812eb5a4c18544926e2dbebc415b21f1deedc,909875,0.909875
0x550e95e823b717982d2c1e71a35ad5efe90fbae0,909724,0.909724
0xfd97aab6f5470f68599cb6a3d32df0261b5ca1f4,908422,0.908422
0x7f4c9ad87b5197a4089d834ffa8cc7e06e79ff86,908341,0.908341
0x0c9835519abd8a71ff2925a86f14831a277760d6,906348,0.906348
0xba763db587b947ea9bf33348189f6352c970404f,905914,0.905914
0xe260df83dcfbcb86271e2a89c4382019db9a43ff,905005,0.905005
0xe37ea60f27d2f9397f5e6897088649ccfcd13bd0,904983,0.904983
0x9cc20ecf4e944f34bdc670b8e7412b818fc91866,903893,0.903893
0x2db61a13a25e9cebdea196baef7564da06c21636,902054,0.902054
0xd64b5aaeb8d150051ffa15ee47bebee75763175c,901544,0.901544
0x8f88983eeea09cea48b28824602ab3ef0db4b9b3,900805,0.900805
0x7f82769c7850562154c95d82935b2d27ce0c8914,900719,0.900719
0x127804afb3aa27a83c4e06305bea973e8a0d3a70,898919,0.898919
0x10a590f528eff3d5de18c90da6e03a4acdde3a7d,898129,0.898129
0x86e528f2fdf79493c659bcbffa828edb34590f60,896923,0.896923
0xf2a7346f96286e6af1bc59b860b55c631e856494,896670,0.896670
0xd42dd5031bab86925e3d7230096029ececfaeeb3,896429,0.896429
0x59918d98f5c964df0c0bbd07207f75068e24453b,896175,0.896175
0xe0c6a166fdd4dc0634b9fe8f4b15eb7b37a7c56a,896056,0.896056
0x627856d5920db0e1cebeff2b9698029f6218dc56,895099,0.895099
0x70f9d4db2bbbe574d46fe8d3e57aed3f0626f3b7,895012,0.895012
0x70de11a0fc48b37edeb8c9e53e5c56fa17595a33,894562,0.894562
0xe32179f3fe7dd8923b350259e0f8d47363ea4d5d,894411,0.894411
0x4dbc24beb46fc22cd2322a9ff9e5a99ce0f0c3eb,894016,0.894016
0xb9222e6fd45a5ad4c10b9aa470f3cc375bd9c4a6,893251,0.893251
0xcebce3e63a8d3f74140d755af75e75504038b681,893251,0.893251
0xd9d89a6e474b296d210c9d49e9aff8be439dc8fb,893251,0.893251
0x1186254eeae18f45668cad2c8c34c332bc83abb7,892812,0.892812
0xadf224137731687cf271510e696e31d57e425a87,892362,0.892362
0x5214230cce8ae71f359edaeca748fb49185bd098,891643,0.891643
0x60f2a7c350ffca4ef7bcec0e8c48d6ea40241e3c,891512,0.891512
0xf8a184f9bb2e15303b759c986c4a74e9445e7158,891095,0.891095
0x1142796fa26b77af06feb2a8944f7f3f5d2b2f3f,890829,0.890829
0x47cf584c0b655ab52149cb420d26e15aa9b35c37,890409,0.890409
0xfe48b683fe6242e6410465d7bd5e83b4eaae5e46,889477,0.889477
0x6bf7fda767e4f8337f8bb2cabc9a4894072b53aa,889238,0.889238
0x2fa3203e45591f7b066a641640f8316fdc0b5180,888830,0.888830
0xc02abf2bdc7449c6afb1bf88129e5a66823767ab,888486,0.888486
0x35063502261a6ae919b91efbb569252a3628f5c9,887681,0.887681
0x94f7873fed9f891ded6c586f85f4e4338e8d5366,887599,0.887599
0xcce26cfd91f685e8295e9c851c4a3395ae9267b8,887534,0.887534
0x76e90b3c33c2672ca2fab8298e30f1cb6219d0f3,887534,0.887534
0x11a84bbe42095bf1fcb25ab3eba2c4527892cdff,887534,0.887534
0x15a55e43574c090dc893528f7bfdbc54cb2b5f9a,887534,0.887534
0x16862b5b9a07f058809899d55fdd4911401b2f05,887534,0.887534
0x401e2b311d2caa538e37c7e553855dd4de7e0af6,887281,0.887281
0x08c838cb2700bce2212737e240a625232a2ac54f,887274,0.887274
0x8545f7b34212c614b580bedc346ee3b7a44f1f4c,887127,0.887127
0x774cc63f1a4521384e2a1812095e0fa29a27a0d6,885977,0.885977
0x14b18de8c948452f14ac12af0fcada0acd2e46ea,884938,0.884938
0x41a1e76edac29bfa2039cf1e91f93e2210d369c6,884407,0.884407
0xa783f0ba2b7e51ff78ba194bae49e15efa116b56,884407,0.884407
0x25c7a3108317e8ae1944ee3f7abcb91da440ae02,884407,0.884407
0x7acfdb518bf469dd13b8662d9bf3dc2cb440c2bc,884407,0.884407
0xbaa7e18a85cc2dde9ffa1fa87769477414a84732,884407,0.884407
0x26630f4896b5311f1acb7ab69b63e29e3cda9a7f,884407,0.884407
0xc175581b9ea0b2076b1da9a567ce5c8eaf8b3d3d,884407,0.884407
0x61588edcb0588da10651f07e04ab885420911974,884407,0.884407
0x15e1b687016de5e29d5ca2a8c6c015dc77ef9ea0,884407,0.884407
0xedf301e9a5502537f121c5fb6fef4a8bd76951fa,884407,0.884407
0xf03ae45102d3a514fa3b1d78601df62c201ec001,884407,0.884407
0x4a90b049fe0e6b6cfa7a798c4cfd9b577b5bc813,884407,0.884407
0xed06590a9471164bdac955d7f06523eaa5b89628,884407,0.884407
0xf5a36e16a8e2b49282464e20c38ffc7379e7d777,884407,0.884407
0x856f6b70d3944ab5f7bec1db947136e043841f28,882946,0.882946
0x816db126482d4d4006e182d73ffd6254cf9bed7b,882341,0.882341
0xb5ef9795f7357347acef72291115e2692cd7e850,881265,0.881265
0xb23c0b2cdad1fd3675669a169280d990d2e38226,880556,0.880556
0x10ceff62e13236c83228f575f5381c7965afa38a,880544,0.880544
0xeeb45d6acf89a05f868f10ad1a0c58ae13f339fe,880271,0.880271
0xd3d8e3e442815a89023a89a1f077db66bd7d04d2,879877,0.879877
0xe18a4f21c74c1e9eaf542538053fed16bea63d96,879124,0.879124
0xc56889f1f722560dda7883ff79f36bb3bc7654cd,879045,0.879045
0x8e978161b26e7224a7bb07b3b43e6dd20523a867,878863,0.878863
0xac6e4c4d8f12a15b66afff0e69b7767bbbfdb3d6,878496,0.878496
0x990b6d01a9ccb973320ae25aadae40df69287f7c,878449,0.878449
0xa9cdc432a3d1a1a5f43b353950389790be640b4a,878068,0.878068
0x49b35acd64c2d86301fd4f777ad6b36093c83d1c,878039,0.878039
0x432fb12b4429f7630c19a28fce80bf3e564dfe0e,877418,0.877418
0x3e27d75e47b190f62e6a50b34f883b05c1a85098,877139,0.877139
0x6cf7c290af84d03baa10e38ce12ca6a6a7c2da07,876386,0.876386
0x5461ef36bdf969e8ff4a6118d0464697d646fbc1,876323,0.876323
0x57a1c6fe4c449374f71ce01f020ca4a81c212c7a,875511,0.875511
0x54275b10057c54c82bea27f34d0a639baf6a67a7,875004,0.875004
0x0f83f99672866c1fe742b83e7b80bd1625155f60,873834,0.873834
0x4b215364e05dac5c11c41552d50494df6e5d3164,872890,0.872890
0xf292c8167bba21806b3525ca4cacc1ea755b9747,872890,0.872890
0x0a2d1edd82b6a2578f9ad0085581c8a84927ea26,872886,0.872886
0x43e6128050bafb2eeb9b7be50ccd15da4bb5f27f,872766,0.872766
0x545aaf51ec99c7526cf05a004f55d55e51d7045a,872741,0.872741
0x277666232e0c594c406d4fcb2e65d07164f01a0d,872616,0.872616
0xd2cf57b6afe12e12a95e1ad1dade354c8b885317,871658,0.871658
0x6232d7a6085d0ab8f885292078eeb723064a376b,871120,0.871120
0xa77fdc789b3b8c8ea7a311c9db8f4936e4772d40,870989,0.870989
0x944e24a209c1778e544fcdd36477eb808e0b7329,870628,0.870628
0x86562e1d064a41dc71e368a01ff5c507b248a844,870294,0.870294
0x3a41491b6045a3889e2232c38051b490211f537f,870294,0.870294
0x0769622aa38038dba91290444bcbfdc20ba7e49e,870294,0.870294
0x14f4d2aee880011760fc8b2f5952a1fdfa321071,868932,0.868932
0xe722f5ae402431b1184d311897966a98430aa7bd,868833,0.868833
0x6ce798fc846f46d3caac9bb803405b91f63b14b5,868629,0.868629
0x1065eed513e53bf5fafb847427855b023463437a,868282,0.868282
0x494d02c7c8aa6355623e10affda269219652e7cb,868046,0.868046
0xbf50ebc29798e9cdf9ead0541e0387237546d73c,867970,0.867970
0x67ff887ad5a52b06b1fc3d6f41c3d9ec253967a7,867174,0.867174
0x4edf3bf28df843b71a0505563932ff0bee5dcb5e,867143,0.867143
0x27e91d43b9b17bfe5004f5f7a86b6a766ebf1759,866965,0.866965
0x131cc47c27eaff9267f7f60be7210f6cd44b8156,866965,0.866965
0xd685872e1c1354ceb0cb95aa652576a7a1115a2c,865682,0.865682
0xc0dd6706c461eee71634baa5cc8006918764649d,864997,0.864997
0xfcf8ad673f92e8e8b0b820f164116817f8838c0e,863979,0.863979
0x6f65c146839f5f4c21bf87a374e1e925e183bb60,863875,0.863875
0x7ff60228623a6fc9da01cb085c793851d95b8e07,863264,0.863264
0x6709c80c91db30b2e96675e5ba716fe974eb281d,863230,0.863230
0xed6f9c045ad1e5568ce4a5bf39e7d18d3f9edb22,861835,0.861835
0x5615b91b204e2d5a342972b2aeaafb30ad3d1184,861628,0.861628
0xf0b084c3b13ff26a78d66f2d5d9ce91909864d47,861458,0.861458
0xe28538c23da4695c4c5ac365f2172d18d0f80294,859592,0.859592
0x51e0b737b66bf859a42d144e00b12325690ad869,859168,0.859168
0x10b0a72ea6110a4b985e21f62c4e30d09ccec89c,858994,0.858994
0xa6f87a39385be3e7d8289053a7b9241994d1cfca,858937,0.858937
0xc4f41b496aefc7cfc3dff386748f6092c0c30a5a,858937,0.858937
0xabdd5c99db29c72a1d420f82b36f92702e8c5567,858937,0.858937
0x610113ed27718abc4c07dfc79502b7b57b3c6129,858937,0.858937
0x1697f95bb60e93e34f3b3bc9ab0324a488a9e117,858937,0.858937
0xf08a12bafe76113ad9b88afb66654b42a85e49d4,858402,0.858402
0x6742ccd193a9952fcb0bc5ca34db9dd85c9d9d32,858202,0.858202
0xa819a9cf4284bd2d9d8015868f7618dfb37f620a,858202,0.858202
0xc4879b80fed8383f7651903338d592e4dfe3ef53,857963,0.857963
0x55fbdfa4ab48f7dd17c4b338f1255cd9a5114cf6,857869,0.857869
0x43ab8128ed061996cd3ed816aae284607d22e684,857577,0.857577
0x72da75671843d5c96a62dfa65e13b6c896b48ff1,857295,0.857295
0x78aef7f7f6d76c3291ed07929fc772e336042fc7,857244,0.857244
0xc2ca4ee4c8c79796e8beea362f657f5004a9d1ca,857097,0.857097
0x7986ac51be717ed5969e77fa0405f2bd6a798406,856308,0.856308
0xfb89b07cfec843f2d466f60ef1d79c3b51d2a5fa,855973,0.855973
0x7f231bb14229a132916c46b93cc41fd8fa03bda4,855360,0.855360
0x58ddcfdee7ceb02c7655b6b38c132ee2634c3bb5,854947,0.854947
0xa887fa76264fd9e5b0f918aac2ce0ceab7cb89cf,854126,0.854126
0xe614d88867c4960fd03f57ca2799c8d4a41fa4a1,853863,0.853863
0xd33a97de61e09d26937dd8cf5f7fb511b82ddcc6,853656,0.853656
0xc42be1e66853254f721157e8d2a9afd3075e7cf7,853371,0.853371
0x05a6ae8fec5eb143836fc938eafdaaef0a8e0dbb,852166,0.852166
0x3710c291b5806d5bf21630f732808d29a985d1e5,851241,0.851241
0x32a59b87352e980dd6ab1baf462696d28e63525d,850894,0.850894
0x51e8c43d0ea1631405556d734e02fdaf7341ccf2,850703,0.850703
0x12ad527d3897b813b8c9b0e38ae743baf8a6e5ce,848716,0.848716
0x8114e78965b7f7e52e35b2cfbe33973a4ef320cb,848551,0.848551
0xf763d2353102c9ac835adbe5270b030cdefa708a,848095,0.848095
0xf57b677398bcb55d5b865e177865483d63007402,847699,0.847699
0xaee822245c440fbc84c2075a8089655bc2b0c441,847062,0.847062
0xb0fb231c58ef465b720e8bef705c0cf0fb56572e,846991,0.846991
0x547d7ef04c005a44a3cc89109d2cc78c85679586,846202,0.846202
0x283001dddbe6ad9c16a4f4f7a6369228e0aa8565,845748,0.845748
0xe3c63cc5bb9d6cc3a7105e640d9a3b9c19da2264,845366,0.845366
0x87323c139d38444f6b7686d72610b43b36e16807,844929,0.844929
0x57b9a77a62ac8781cba8550402dfacd516f56107,844480,0.844480
0x39f1a3d78ad58abe0ec55e0a7f3466bbcc5a51b6,844007,0.844007
0x25ad58d3334c31f040a787ad515c6c1f30db3baa,842878,0.842878
0xc73a8f8f1d66a712d7c95ca0bcbcc348677db858,842761,0.842761
0xc4d8338652dae5612f6b9675f948e246572148b2,842155,0.842155
0x1cc42c4173abf457be21762e836561bde63cb0ea,841887,0.841887
0x03ba999262af0cbc739a2f4b0ede897a02195459,841838,0.841838
0x871f860f5afea55be0c5ea6db1ab942e4b7c871d,841838,0.841838
0x08c77b936669f136959529cad4db8b3ba6e35be4,840042,0.840042
0x5d3d1f1f0a3fa571c71a712dc42aaaa73cdcdb5a,839678,0.839678
0xab56e6a94b3f8c7e33b9c4a1fac60c4568d085b9,839485,0.839485
0x87505de1fcbacb94b28a86d55532fed9cbd9686c,838982,0.838982
0xa618ee3cccbebd9bdf9b98ac04084733fa2fdb9e,838685,0.838685
0x9dcb533fafd132f176407b007c8788883927d830,838685,0.838685
0x0f2c7c3d97d27d83fc7318187af41b933a45400b,838528,0.838528
0x7110d3e465845fa8bafaf6fc07afc6cb4a981d68,837532,0.837532
0x3cd3033c83c857260b9a03a58d757818a55fbeb2,836917,0.836917
0xc088045e91600edd337e3557cc1a42c96af303e1,836605,0.836605
0xce652d3f6609f5c670bcf446039ce25e3646806a,835778,0.835778
0x97e5f9671d21fb7e14c6659dbe7766d5734bfd40,835447,0.835447
0x4accd96a3d0974b12d375caad76339ed776700ac,835175,0.835175
0x5c9bc3aaa7f44407c9a663934055049aa2a3d860,834698,0.834698
0x96f06148664679b8460452db5dc948c3ec70b6e4,834415,0.834415
0xf5291e0c05797928e2457e30adbdd9eec279add1,834263,0.834263
0x2abb4ca7e799e868d40501f5e9b39e7fb9f9e709,834114,0.834114
0x2237ab6ecd5277c4bee571a86c83cfcd5b688ce1,833913,0.833913
0x35f133c8c6d4d340da6e36ab187ecb2fb27dca0e,833490,0.833490
0xb3d4aedf2cd037c6a9dc53e024eef9e1dd75fd86,833351,0.833351
0xfbeda8908e556173c7083515e36286a4d706ce27,833300,0.833300
0xc79acbb3d6a8eeab04a680d67cea51cffd9af5e9,832141,0.832141
0x53a0bac68273df5f233801c72326cee8555208c8,831612,0.831612
0x9e127056468ad99cd4686ad167b97a38cf172217,831060,0.831060
0x82236c93962a702479d932141202d47f1f364da5,830458,0.830458
0x364dbf2a85ac2a444e3df5820d71c304c43cc382,830383,0.830383
0xaa9c517e09ffb650863aa18eb1357a0eaded0027,830383,0.830383
0x1a885e64a0cdf620067b122537ff927f37b5a390,830383,0.830383
0x9742ddfcb8a5238a4b24956bcc1390e60949b389,830383,0.830383
0x0e0f2fc62a7894f2dbf5617cd4714ce12c191585,830383,0.830383
0x28331eee0da0293c78cb47b0085f36b8dc59e266,830383,0.830383
0x385c13f2519ff87eba54a36401ebe837f83ae2a6,830383,0.830383
0x6db8105f6cbbc612bf84186365e1d5a6b3d68908,830383,0.830383
0x78805dd0a19ac89af3cc334c79330e6ad9cdaf0c,830383,0.830383
0xb873e5b2138b7875c5e91e2b6e15ca2e9d9e49af,830383,0.830383
0x773fe67342d238e5ffda4539ecdd71eeb2431f13,830383,0.830383
0x5b43408689828197e3f204f815641d3c565a9423,830383,0.830383
0xbac864f6e8bcb4c54743a2aedc56113be803209c,830383,0.830383
0x10adf8fc3906516e27349fe3cf40d0a40b6b107c,830383,0.830383
0x6e51a9de59bc6b9a53703030910f40b85c5d59a2,830383,0.830383
0x954975bb3704e8eb69a6357051e408431fed83c3,830383,0.830383
0x71f8daa23ba91041c39eaca49efdde88e5f0378c,830383,0.830383
0xbb5da0c72c594b5d70235fb9b4b00573f6cf57ba,830383,0.830383
0x04f71a91733f55c82fd29f064b37f7d83b2ee86d,830383,0.830383
0x104c244faa40e45444e0ea935fbc75adf416f94d,830383,0.830383
0x166e360702e5a03fea0af804acad113a34e83429,830383,0.830383
0xa15b04cdf18d7ca160449f068c62fcea6346e134,830383,0.830383
0xd0b8cacfd22d83e5dba4b9aed5d305e58d3ce7dc,830383,0.830383
0xe3fdf6b33d054fde94171aec137f89e639ccf1d7,830383,0.830383
0x905bb417631d271b5b58c5c282ba9148cb106ac4,829595,0.829595
0x8e8637dda933e59e6841902963c2e14d39d9920f,829575,0.829575
0x07d3833e5814c082c945090bbf1798dd91d297e3,829549,0.829549
0xf69f29a2af99eb5bd178b77283b6e5df974fa557,829205,0.829205
0xdc7d0d897e1b7998c780d16b3c08482a74e71f33,828393,0.828393
0x46bfac8029a50ca66095102849af663f14718f5c,827654,0.827654
0xa43034fb0c631febe13ab8509d478bf0cf25b9b6,827079,0.827079
0x3e856bd3d11b6d04eeb2ff9c308d01a55de866b3,825589,0.825589
0x75901f889236bf48934b7c2ddb109bec172e2322,824946,0.824946
0x525527def5bec7b6151cf62acb3b35cdb2e8d76a,824318,0.824318
0x7393009c9138c519088462a4b5bc008f3bb12e2d,823936,0.823936
0x46b950731ff2759c9e8a30f5d002af2983169e35,822649,0.822649
0x596b207b97c71e8559df89a8b493f9a03a977de7,822234,0.822234
0x31cb7095a4af5824dbabd7871b95afdc657e16a2,821988,0.821988
0x79e6f74b8b1949cc269ce313a3ce92f753f1053c,820777,0.820777
0x5e90b80a02d8245da3f8955ef1915e5ba5955a9c,820777,0.820777
0x6b6ec8d4293568c469d6a630d44c4176b6da17b7,820777,0.820777
0x930a567879f20458ad6fa9d476985e33a5f2e100,820777,0.820777
0xbaef34fbf14608c41bc119369714506a1c756a3f,820777,0.820777
0x2c8f873f940f31a2249d28a751076076b39fb5b6,820777,0.820777
0xa699e3109bf34f6b175287b5d87c3b880ecf36b3,820777,0.820777
0xbf6116e9be726e31c982616eda6d20f3333217bd,820777,0.820777
0x3ee5bc973789f6c88ee0737143eabbe794eab857,820777,0.820777
0x4012460b81a1b975149071eea32f7391a82e5475,820777,0.820777
0x545ffc74dfa5b6ab636d833a8ea382eb5fb31f67,820777,0.820777
0x98504ee2e5b4c790e6941f45e02eaa818a8a6a56,820777,0.820777
0x37d94bd4162ce25f479905b9a3411f7b2f0656cb,820777,0.820777
0x7cd71b5171983009c7b366da9a0a851816ee2efa,820777,0.820777
0xc6eb96e73f4652fccddd6a2f6da8067da15f0f29,820777,0.820777
0x27688f913d6d40f39ae1dfde8a1a82e1496e9278,820777,0.820777
0x44036247c457934042f659cb2e6b952cb73d9cec,820777,0.820777
0x4bb29168d292d021e57ece0adb5e6df993a2792e,820777,0.820777
0x2a917efd7775d0c5231787bc90314b58bef4cd92,820777,0.820777
0x3afff5535509253870fc986483328d7eed93f405,820777,0.820777
0x6494c1e42d16c6c523bae6162261e6380211cf46,820777,0.820777
0x899b9d953ec9c5573a2aa942d5bf3c0ce78bc353,820777,0.820777
0x235a77104074e2b0e2582727afddb25cf68808c5,820777,0.820777
0x5191335e1babae9051838414b2e24faac868093e,820777,0.820777
0x63d80f4c11d43bc44152ceecb0350dd037727103,820777,0.820777
0x1ccdd7b3bd9d1eee15559116e302667945eec260,820777,0.820777
0xd751efbab4636ebb5312bb68ffa9121a75724128,820777,0.820777
0xdae29f9e0193ec25b3c221b1795d7d9946484f6b,820777,0.820777
0xf1955833b0786b2f5b725e13f220c3abba9ea89f,820777,0.820777
0xdd726be228a059c786d13f2a4fe3514623182c73,820777,0.820777
0xe74d01c825602d62c502fa15d2e94d000df78e40,820777,0.820777
0xf3ab62a2b2561dab699d8a1664a4d99763caae89,820777,0.820777
0xe2f9ac31b2ca3e0641cbb2f7b264ffce949b1f50,820777,0.820777
0xccc8f0d7465bb4642c06e782fa97d237ed578758,820777,0.820777
0xe427dc347d141b9f2ad57a5b8d609cd64f05003b,820777,0.820777
0x3fd0cda80a210e2eb49720998fe80bfaf0e04361,819806,0.819806
0xb35343c9216733e837c26b9905158b91a09c060a,819765,0.819765
0x73f9b670e6e65c86c22d832e673beffab840b0bc,818675,0.818675
0x1f872ebfe00f3da6850919558368e9bdf0ce7a21,817440,0.817440
0xf38c89a395aa9b28dab5af95578e7f915d38a3e4,816569,0.816569
0x73508b3f0e3fb80cef0bcc8e5c8e7020549cbfac,816497,0.816497
0x93e01ae6fdcbd39ca151f741df5a8984d78d8755,816301,0.816301
0x7d459a83398d963ff3ed46d522c9fb4f2a91d093,815554,0.815554
0x56a8bcf4b15f68dcaae40e81958743d2f8575139,815191,0.815191
0xc09246108673b1de617d4eaecc3a87b9e0c0874c,815175,0.815175
0xfd00483490f31d99d6a08441d9e342766ebed595,814909,0.814909
0xbc54db5306e466f4ad1d4a8317852255944d0f1c,814864,0.814864
0xb1acf76a9c51834286a9032baffa30f5f36d827e,814778,0.814778
0x4213d9b38356c1bb9f552889bd5f05c36946173c,812579,0.812579
0x07eb906adbd2b285ed25c1172183898c979db329,812242,0.812242
0x5c7a433e4bf6300b6ca314ac58dd0ad656ebce5b,811611,0.811611
0x7e52082fd8ca9025e7e2c4da3fc7c4fef9fd9706,811280,0.811280
0xddf2b54166a0add582ed8bc29abecb7d50c8aad4,810548,0.810548
0xeba5ef8c6abf51991b9714e2f94772567ba323ec,810534,0.810534
0xd08d77f2e2f980f43cba37309ec350ea398d047a,810076,0.810076
0xab6fd2f7ba94fb8f5f3201d8e7e29d9a61adae15,808225,0.808225
0x06691a22b31b0878b879642527fd7ea038066595,808125,0.808125
0xcd9e4df3b05e1006b7dc933de2234b397cd2ad22,808125,0.808125
0x67c87c11250a3dd2c459d896d862b0c599db4248,807654,0.807654
0xc676c5a55ac2b60be17a51eaac081911275aa0de,807076,0.807076
0x7a86d5d5371df720980796ea4a3326dd7c099481,805463,0.805463
0x2e6c33c827cbcbbaad089821f02a14da849674c5,804711,0.804711
0x6c63639252a385a435eb425094be06afb671aea1,804098,0.804098
0x41d0d6019ce2f294af074a2d7caeda972280e6ea,803684,0.803684
0xa35149121bae9fbcc94ac7743c6fda05c558bcaa,803588,0.803588
0xc0b3dd6d64fe2bff4a5206f73b176e2d43d04769,803160,0.803160
0xe09cdb222b67c392cbc288f41c0b0bafd0f2ec7b,800497,0.800497
0x98276ef4e62935d990c1c58fb32ceb0c412c676c,800346,0.800346
0xf772aa6df3119cce63cc9f05c5d7e065a456d852,799505,0.799505
0xb45ef87a7cf907a0d8a2a73c67f3b17aeadc0ac4,799203,0.799203
0xbcfc92564e1527557083ab4a79b30a4746f0c4dd,798804,0.798804
0x8fb34ddbf8db7fc8028a653e1648ce2ea7feb942,797795,0.797795
0x52fe6e323ea1a7a07029dd13c0b1d36486a7d039,795799,0.795799
0x2381a01b993469cac9ef227157be2d3e056ace3b,795704,0.795704
0x41ea6cdb8eb07f03af498737c4e7b0af37a78799,795364,0.795364
0x7e02910a590144cf4448651461e7ce6b9b4b53f0,794464,0.794464
0x4ec7aedec741e316efe7c0443733da978a319dc5,793977,0.793977
0x28b07b3140867cafedfee27b9ec38ccbb84213cc,793966,0.793966
0xede1d96de24a6da0371ebfa93e0bb6abe71c56f0,793915,0.793915
0x129db7c9ca8e9819db8e72a89d9d4ec0c3b3070d,793527,0.793527
0x055f87b0d7db22836abeeb529b400c26f1a35dc5,793418,0.793418
0xf1d9236cf239c58384405cd79ba8775a242b420d,793320,0.793320
0xa342854f934907b47f0b1a083bf6b25dffd55844,792182,0.792182
0xbf728d819aaccb1100d1df8c95c22a3e6f6ac6e6,791885,0.791885
0x85cc419e6bcdaa005bc815a9637d882330a60a45,791459,0.791459
0xa9d35a907441189ab2b4c89ef48835c87af54831,790766,0.790766
0xc17fa1d820c610a0a4117450fdcf39b211455a5e,790413,0.790413
0x4a5947b7a79be857981ccb204d5919b441f1012a,789900,0.789900
0x9fb41a8abc35dcbf802603656d5829e282fea2b7,789899,0.789899
0xa0e7be4df0f83308ce5172a284cdd9bef14545d7,789441,0.789441
0xaa9a338098e59a6818f3d81aae4fa1fc44c4325f,788994,0.788994
0xe7728a7f15c2da5c0b2dc3b7597bb1588cf4fd05,788646,0.788646
0xabaa03844151735f9455d5f9ab02dab7d3d37724,788409,0.788409
0x379e023e1f6fcd0ca60bdb7c6fdc6725322a4806,788223,0.788223
0x598e16584d0a4e3346c4d6c9f90f7b895749d7d7,787121,0.787121
0xa752c18a6af475c6b149a5e084673bd29ad6858a,786747,0.786747
0xf80e9598db627982e90bbe1c377b4cf868d72153,786556,0.786556
0x4e6464f28ce3711f0e044285d451dc1842ecd3a0,786128,0.786128
0x53f0dbf2dc4eb79b1844f0def6a0cd9fe94d401d,785901,0.785901
0x23b540ad5feffbf0bada6fb65b419dffc4524bc7,785354,0.785354
0x8d9f0ebd1cb601e470fc2a6a71b63f47583436fe,785058,0.785058
0xa1a2b348dea1f49bb9281a5c4debfe0d7ce3b95b,784931,0.784931
0x5a253ac284578dbb6080e9265e4ecd0167baefb7,784661,0.784661
0xb43bb1b2c147ea4bea5c324e15b4c9a1dd74a62e,784520,0.784520
0x6323f8561ede9d91b05a3d204608672f1e4dc321,784121,0.784121
0x5db644ebefa09149066145a5edf818b6c71595f2,784121,0.784121
0x944a1bcbf387248dd49e6a5fe58fe0138d6593d2,784121,0.784121
0xb1e49cdd05c2997dd35195b1f4157c51a3ed4b04,784121,0.784121
0x63c18a05234f226f85e7ee3b0b52adea2e54298d,784121,0.784121
0xb60e791156ddf27a7f417c43d135c21525ec144c,784121,0.784121
0x33288fde4665a75ea5c6040905a0b9bcc11bc8da,784121,0.784121
0xa8edafcfc815888fde79f0448f203180c9215549,784121,0.784121
0x4478a17b68fc726b4144b4d4590177b714dbe958,784121,0.784121
0xf7073f08d2ed9cd033083739227eb1613de6c18a,784121,0.784121
0xd35aa750cc5a10217edcfc39e73ed571bd066013,784121,0.784121
0xd93b97a3783b31ce876490afe8faae650db94c16,784121,0.784121
0x4ee3ef9ea1943694b2f87ca59a6b42200a398106,783371,0.783371
0xa22834fef31c6b9730f0c1b6c2d13acf9186b158,782671,0.782671
0x382cab376440f92d4943f8b47dd45645cf98be0c,782340,0.782340
0xc33ab78e00df52af737cec9c775fe43569b4b590,782042,0.782042
0x56a91b57753bb0665240f4d2d22a9b4c347636ce,781596,0.781596
0xb160af41084478567b9e10936670895bb708100e,780987,0.780987
0xc4f47656aae90303450f0690208ea4edd4e1e3bb,780465,0.780465
0x298392ba4991ae0b5d459a3b93471954ee2763a1,780460,0.780460
0xd18dfa2ade603102d895b0883c59bc2e3df86dbe,779464,0.779464
0x5ce7afdc90a6a661418d20968b85c025ad5d22f5,778420,0.778420
0x6bd5d1dbcbab8b1dbd7d602c52cffa2792df1c8c,778213,0.778213
0xfa97eac452ed59cfbba06f0ccf453a514b3daef8,777808,0.777808
0x7639dac0cf942f4535c6692e29935a3472bc9bc7,777805,0.777805
0x518f39ac2c11a95e69ec3d62f41645ffba9e4388,777135,0.777135
0x9a7aad54e3ff0b68bdb2d48fe1c932e9413ff374,776394,0.776394
0x00e824e117c642a171dfacfd0829549ce857028c,776359,0.776359
0x14dadafcef9fa2a906e0fa33c0b6e8ffd7fedce6,776359,0.776359
0x33ffec4ad1bfe99a6d47fb65a3942550c6dc8631,776359,0.776359
0x4038c11fef44fa01ef9d8606bc661ed412050a78,776359,0.776359
0x5db2e8d3b00b95214dfddc998aaeff47b9f02fc6,776359,0.776359
0x7818d255ed37d2ba184c1111ff62b67cf5f19a62,776359,0.776359
0xa7421c7604cd920d9c69e576c4587bfbb0ba0338,776359,0.776359
0x19e91f5a2dbdc4b70e03181f4fdba7245baa1ecc,776359,0.776359
0x82e7a544b6c6a27c5796a14c7f692b169d85e4f7,776359,0.776359
0xa9462f7a0373667efb00ef03019d2b8f047adb01,776359,0.776359
0xaca72b8025d7cdf0a7c18317cfa7d005adee1a0a,776359,0.776359
0xb5d94c52f305ee055f75916140f5311445dcaa61,776359,0.776359
0xb9b46ab819e3b7c59f601f294da4390c7434ff07,776359,0.776359
0x1b01a2f368d7e892f0d0cfbff3e497f220468a7c,776359,0.776359
0x7700b6d43c73518305cc320894d51568e6926c02,776359,0.776359
0xac928a5983463f2db4d42787c70b1b508db7ffff,776359,0.776359
0xad5cefc6e75277c401b37c94b160b9d6987d11ff,776359,0.776359
0xb7df47dd7a383be9871f3682d6116024e1a17f80,776359,0.776359
0x0f6759d49520b38020efac5b92396c41c2abb159,776359,0.776359
0x2b0d192817e5a7007afabba02941caa1c2d5cc31,776359,0.776359
0x61c8c5c9b42b8f92cab51107b8c4800f6b915657,776359,0.776359
0x838e61d8289116ddb3959e006d80072eccc94727,776359,0.776359
0x258d0453d7627a628b6671934c4733ecb77beea8,776359,0.776359
0x26bc2f82a6baf35d2309b420bc2afcffd25eeb44,776359,0.776359
0x290f8ccfc4e97fb1370e94fe0d95776d311cc2f3,776359,0.776359
0x5a1ea2fca3db6af4823874e39faf78bb866690cd,776359,0.776359
0x797097460c9f2b9ac77a0db2095c3fcac5b6c2d6,776359,0.776359
0xb563d324d3dd0e3d96b036f5d74ffade0e7fc042,776359,0.776359
0xbd4eae3cb5cedcef709c92eef25c35ddd4894f8a,776359,0.776359
0x3808b9214e7602eea679749c0d98b2ab28df77d4,776359,0.776359
0x3bf2fc578b9994effaa017a96a4bb7892416b740,776359,0.776359
0x740c628388364a559293c9d560f8c1c1fbfc2fd7,776359,0.776359
0x7d8d929ad824089d5eb0b5c49175bb72dbd7c519,776359,0.776359
0x83a991aa617e5e614127e9bfb9f194d9062ad278,776359,0.776359
0x948087fd89544f8df2f845cca35a231762899aa3,776359,0.776359
0x9c46fb5d1fbf089b656a11187ab1eadbfb2d0cb4,776359,0.776359
0xb7cd908a4ee5ec21d6f27637be92650558f70fb9,776359,0.776359
0xc5ea2ac2125bbdcd549df75430b3d17e328c3632,776359,0.776359
0x258faefbab4d4b16c79af5e92eef1d0d377d1498,776359,0.776359
0x623e7121631081bb56b48f3a586980eada66dfc5,776359,0.776359
0x741c6256c05c72ef1b8f4d04e512f3876bbc322c,776359,0.776359
0x91ef0ae818ad3f15b69b415faeb14c3b6e924e09,776359,0.776359
0x9283f8ac18fdfce3f387ba0c2e5723b510157414,776359,0.776359
0xb3cd813cab9a0edde62d1c619495e1f4e1bf63fd,776359,0.776359
0xc52dc5d3511bb6e4f16ac55f055a2bc8e97b14fa,776359,0.776359
0xc568ba9eda89a9004ce7a16b04146cf07e5a0c03,776359,0.776359
0xcc335ed7c4474f7aa03143319f323922e5504942,776359,0.776359
0x059f6762b5ad931f031bba90e9b4f6d1a4f64418,776359,0.776359
0x44aaa6fae3331fb0e5295dc1d8f42fc6c74f99d6,776359,0.776359
0x6520809e4c42ffd510704bb0f1136e627fcf24fc,776359,0.776359
0x6ce6d961c0446877b82d9a1fe8e2b2956d77154f,776359,0.776359
0x98553d80f537c6cd1e6b65c307b72327094e26ef,776359,0.776359
0x9b73ce10326b8f603f8723f6f9ee6f360d88817f,776359,0.776359
0xae816e28572315ffd83cb91f79f31b2e748dbb78,776359,0.776359
0xbbca7eda8b27965d563ad3dc6356425bd0e80176,776359,0.776359
0x089b67825eb2e8cc591d1cdcab4c0f50a7acad66,776359,0.776359
0x3cd82c3887efe462b1a0e8cc769a126f6184ee38,776359,0.776359
0x4cf82061a84736377c1dc91a869bf3bc1b3bcca6,776359,0.776359
0x6a5b495c7c2a34f8f275a63251132e8bcdfd0425,776359,0.776359
0x94ce3902eae2c6d479daaf13406ed5bf2e906d4e,776359,0.776359
0x98b571389f47fdd555e43e73310889a43aa66cb1,776359,0.776359
0x9b3a14a40a4858d589998b936860e2600c6c9e73,776359,0.776359
0xa6822df31aec5827b027baa99d4bee1c53771152,776359,0.776359
0xaf2f1e5d0fdf3a27ccde6dd465261edf4121d8e9,776359,0.776359
0xce29e46676779895ae610b061b494e4195c77ca7,776359,0.776359
0x0409d438b0b2fb42fbbb4f64a0e67a3bba21c582,776359,0.776359
0x0ff5ae0769c90ed0c2ba04494245177ee074c939,776359,0.776359
0x14923e237bb7b5384668573a7e7ec551a47952af,776359,0.776359
0x1d8fc64e31fc1d1737d7b671b6dc59d006d5ab4e,776359,0.776359
0x2541eba93cdb3f326a86e8d5b65c32790bacecd0,776359,0.776359
0x3a1b18f1eab7a76c8336994301c5d8a14faa1196,776359,0.776359
0x3c3b11b5cdc4846011e3b4a46d788f51571c5724,776359,0.776359
0x623089f73b476dd3695022c8f1736014835ae69b,776359,0.776359
0x66057905fbe30159d6af04054dbf7933ce091c17,776359,0.776359
0x6bb914713b27f57392be16d9c3df6754435ef251,776359,0.776359
0x77802d6a715c3e34e5e717322f53f94af845a89c,776359,0.776359
0x808f9112f8d1ffd645ff60525abd054493600880,776359,0.776359
0x8f7eff65355aeee528646b255e25132112b19579,776359,0.776359
0xb7a1c19bf99ad57e36c9915bef0ab24c492d25e4,776359,0.776359
0x0290e092470bd57c336f36c7578afa47ad4662f0,776359,0.776359
0x0e523c415a9b8efbddc5626d105a9a947f83e3f7,776359,0.776359
0x1cb791d2392391f4a13e29b317d2a8009ac97b52,776359,0.776359
0x1d35e53c28b8cba2c6e98fdd935d627bd06638dc,776359,0.776359
0x55da40f22c29ecd2a3d550057932aedfe9b2970d,776359,0.776359
0xcfefea54ec9e114a9128b01ef03c31944b4e4f91,776359,0.776359
0xf2a91f82b4d2623a844d95dff12dca19551c446e,776359,0.776359
0xefd7e2863b58aa1f2858bd66f66b749d2d113694,776359,0.776359
0xfe521693c8c330698dab3c70d3a0bf699dc14fa5,776359,0.776359
0xd58dcce4cd6894820fbb621959bfdc4b59cb780e,776359,0.776359
0xa33d2b6e592d880aa671d2b35ceb768ae196253e,776359,0.776359
0xf30aa6001a89b4c7c8c0b38118f4238694f8d571,776359,0.776359
0xe6d96efd05463ca90f7d1b34827e7f229027b7d4,776359,0.776359
0xf8095108df7080aeaf2e9e62459159fbcdb819c3,776359,0.776359
0xd9635db8969455f5b3ab283c3e87dadb70a30eb7,776359,0.776359
0xe333424677aa9599d9f01ab01a244a986c53c311,776359,0.776359
0xf180efe50905a9fc66cccc91a8945805ce8d6570,776359,0.776359
0xffa4dde9632d0985e967afed28240af0b137c4a9,776359,0.776359
0xf4c61cff7b3839832ae58ec401ca2b2a9e2f881b,776359,0.776359
0xedcdb7df2ec8e5a5a7196ba2b1a9dc99a7f98edf,776359,0.776359
0xcf9cf7a883c7213a67fb6edd357291e6da6d427e,776359,0.776359
0x9eb697c02dd5df33296ea705d354e11885b59541,776359,0.776359
0xd13407ab831860193481d58f5763bb73e2c26765,776359,0.776359
0xf2364b72a35c4e92d3600b1642b31493c17b95ca,776359,0.776359
0xd7fea6d5b8f23063a60c3aab3e1a177b175dee36,776359,0.776359
0xe27421d1900dc6709fcedce36d0f44bf042f969e,776359,0.776359
0xe2d6eea73611ea9b91b27fb6351d8a65278c37ea,776359,0.776359
0xf6ad71d8f4c1dcf313042c82d00bb8b2ecfaf5a7,776359,0.776359
0xefb94bf855f06e4787614a7edad2ca388dd43011,776251,0.776251
0x4b839e33728d03c55f7b8b345cdd28a5fe1782ea,774297,0.774297
0xfe1e16d5dc195d7f7955ee9a0c0f8c4ae9cdd24f,773553,0.773553
0x232bde7512b2758c83ba4448305fbbda17d2863c,773494,0.773494
0x56c3505e050eab2bd9d3f327ae477e7e8fabf5ba,773451,0.773451
0x29a7ce0726b477105ca3ef704b3ee983dd459ccd,773110,0.773110
0x11b6a9da5efb4176bef4e075f0fb241244c83893,772165,0.772165
0x69cda8c7395c09404d16336539a56fdf840535c0,772163,0.772163
0xeb0e09bcaab3d51cdf79957fef262e18405aad3d,771993,0.771993
0xf5537988bba6e602516da76d5c91f7653c9f69e1,771357,0.771357
0x34da8ad494cf29bfbbe325d3125aff16e2281b57,770738,0.770738
0x5314ec567d899b1ad5f036517fff2004e7fe5100,770388,0.770388
0xef3ea7adbba0d6e2355b5523d535df69342b59a0,770304,0.770304
0xf97d0bf946ded1f842286da64303e9fd354a9e1f,769437,0.769437
0x9892a98dcfb50b2b5091b268d5075553adc6413e,767293,0.767293
0xfe26b0812ede6c2c9d4a80a6a1a43680a71cd275,767149,0.767149
0x7f84ef8d98bd4bd5a2a462f3c7c53f72f0ac295f,767148,0.767148
0x17e033a8ba2300171846c56913bde68b7e1ef8c6,767132,0.767132
0x73f809c0b3cf18d40463d05ba4b95067cb51393b,766848,0.766848
0x1191928c0c2a19581333b62705bb604b8e768d8e,764531,0.764531
0xe1a2cdd4fb58eee09da78db898adbadcfe5f1780,763712,0.763712
0xc4b15e3e47e9b6c620d4b5c1d0e72c1d0a9bde6f,761899,0.761899
0x6b34e2f4a3385ecefa70b432a0d25c3436fe02b0,761853,0.761853
0x94109b35fee4c92489beb6d14a973873fa39f3ec,761362,0.761362
0x69630c8f8fb9ef644b905ae92bb9359a0359c576,761188,0.761188
0x804877c3a17100f7b00399b6a19a05a56fdff74f,760553,0.760553
0x4c70c3c6c90a4809c61e7902d0969a0571501084,759966,0.759966
0x6bfa0c09339cb81cbdd93999afd12df052443c54,758957,0.758957
0xbf5bdae182bfa0d71616fefca28231bce81c5235,757813,0.757813
0xd00c312fb8a7686c05bf79425b345b2371e4cc97,757471,0.757471
0x471db22bcc68291d97901703189783eefece2ac5,757463,0.757463
0xf9bf97154e800e157630527f49a8af526f0c3679,756321,0.756321
0x96a48a9c3b0686d59468dd1ad18246db3e6cb3e2,756256,0.756256
0xad62da09a5fac08c802aa97707186c9be1838700,755599,0.755599
0x8bd4d7c617ea994aef4976e6a2ce0027981aea81,755307,0.755307
0x8b3dd234d921b19bec1b96935f980f2836113889,754933,0.754933
0x9d11658ffbe5999d7b3b4e46ad568e0098be0e53,754882,0.754882
0xb497df47dba0e8ab88cc91ad522bd4e78e001575,753965,0.753965
0xaecd22f23c1e1be34fc64dd7c5c70bf884372517,753833,0.753833
0xc46bd7db12e07d4b05fc612b920d670ec739cca3,753645,0.753645
0x39fc4cdaa0e79efe7687822f1c0bacc87e1deede,753620,0.753620
0xa1ded99613ff4cb3a5450d3ebcaaed31cf42e8bb,753196,0.753196
0x48ea713927568e388f8e6fe1a976717319efb9bb,752881,0.752881
0xb18d44b6fb57ddc4aba955d59901138cb6dd7bbd,752287,0.752287
0x54c6a67b0f94308f1c0b73f409028f266568c9af,751972,0.751972
0x37206c87938213eb1ff352c48bbc5bec29ab8c98,751625,0.751625
0xbcc224605383cb72dc603b1e3b4f4678b371c4dc,751347,0.751347
0x91450fb6feeed14a44ff0a854c781ea4f657f379,750746,0.750746
0x3654706dc731cffe9dc63a2c0382462a3dd1ad52,750043,0.750043
0xe0871d792e2d4efcf29adcdec515d4a453763728,749302,0.749302
0x01a9966d28e50782655b81cac052ecf50b7c9f1d,748332,0.748332
0x361e9f673d0245afc6d810b0698ed5330a06334b,747971,0.747971
0x0ee1f5456d891239f191fb8c509b8aef47eaad6e,747733,0.747733
0xc46400c24c75f675c564234628c1673b08ce7ccc,747421,0.747421
0x226f8c4a2b902ae6f4082e33cf05340bc1fcde4d,747343,0.747343
0x335c620b16788d8b9ad6c010833c8336ad641128,747270,0.747270
0x2ad33dd5612c956fbff9ece28e1fb78f5e0eda14,747150,0.747150
0xa74155a41a5515de499943a57c888f9928c7f3ce,746785,0.746785
0xe6d1684c1feb94919ac028b4f51a10dadf602c19,746707,0.746707
0xb6ed8dbb7d70f323b2c75cc4682ca3e3e5dc6446,746506,0.746506
0x9b17d04d46795d2d878c74774c9a29c0c43d25b1,745997,0.745997
0x78f1a220d2aa9ece4c03cc9ce8d491341fce7781,745805,0.745805
0xa858ea02845071dbe09b4b5c3bbea49529beaadb,745247,0.745247
0x1b6a088dbccb91c61b438cb867a9c35ae21d5f76,745068,0.745068
0xc3c166a8bb335080c83dc6c252b220ac27144bdf,745068,0.745068
0xa8fdff3ab6393182f18f483a5b6260a5f4b96206,745068,0.745068
0x06f9e6058d26ea498019c9b80c0717c7e36ab400,745068,0.745068
0xd49bc38778259a364f76cede96c8f4c1e4d9e81b,745068,0.745068
0x65ec3cc7a8494feaa6c0c99bc87f6cd110ac86c1,744568,0.744568
0xfb5b78582e66dcc98e8c3816b798a65ed6517746,744342,0.744342
0xf9fad7c7896b82e49b03fb2631cd4e9d5e8c530f,744277,0.744277
0x7ecc7fc07465687badd62dc4e13cb29d06154458,743567,0.743567
0xe700458175c2cbd9045b7dec6ce7794d918392b1,742223,0.742223
0x2098868b1cc5374951eb63724342c7a875595127,741774,0.741774
0xc1146f4a68538a35f70c70434313fef3c4456c33,740381,0.740381
0x2d08d14ebf35190769aeb05aa16ec3a851d7df3e,740347,0.740347
0xe72705da3a432edb9f9bb308ae19c38138f29166,740085,0.740085
0x8bef64770afad48ee0b0c1879eeb011e54d54998,739932,0.739932
0x6e5b77f4c64265a68c7c6f81bd72e1a60bc0f989,739814,0.739814
0x52876dafdc67238390477bb2403bdc8021944ddc,739765,0.739765
0xdb505bd669dbb81eb5970d431ac65576b1a5a7cd,739765,0.739765
0x78aba2a70f2ee00b27ec6e55f478117d9229ac14,739107,0.739107
0x070e2d4a5afc79e236e2f2b1877b004f591b1500,738785,0.738785
0x475aaf774670b2e8f319a0b78b4dcbaed74cb75d,738054,0.738054
0x26fb16095322a772b5485faee357e055e269d982,737938,0.737938
0x82a93fd72f5d262ad3bbf12cb7bbb2f255c2db79,736789,0.736789
0xf0581a8c9a0a602ceec0f95081147b38014e24d7,735046,0.735046
0x345d45ecb7d838e1d34f8a4261539f5c5625920f,734671,0.734671
0x53c0fa070e310ce1690b3c83b2ab7f20d74d4922,734547,0.734547
0xe5c24ac7965b3bf8ebd44d08aa17942f410d9c3b,734547,0.734547
0x814dcd4f54a8f2e5ec50fe4de860fb3274632572,734138,0.734138
0x46fa2ca64c427f746b1db41fdd5027813a1fcf43,734138,0.734138
0xb2086dfa1143bda99d4d0427817529fde15e30b6,734138,0.734138
0x21383e05df94a7adb53713d28905e159a6332ebb,733909,0.733909
0xb68ac0c19559bb4bd30195b89f84c345ed58ef23,733776,0.733776
0x923427ba98ce1a8eaa1f39df809c971306895969,733156,0.733156
0xb4518a802a1a42050c4e27bcec1e7ae151491703,732395,0.732395
0xc41a924c30bb42ce3684ad9177b80d758981cacb,731839,0.731839
0x54b6c3a7c2a3037cc51d9a926751b500c673c4df,731182,0.731182
0x8ca631dabb4c939337d7cb63ddcddf771c7fab51,731182,0.731182
0x2df2de1487adf84e9ad3a70300fcf7ddf50acf53,731182,0.731182
0x8e061e3a1f85d6ebb4d69c467cd401265e1fbf4f,731182,0.731182
0x795fe6f884eb7599abfa814aea3cb8d0b3cc47c2,731182,0.731182
0x07b62af888bcde22847b132c9d477547fbe39afe,731182,0.731182
0x1fa9ed1e143826e563b82407adcc4030a70fc87b,731182,0.731182
0x3127b41e7d5cf8d190c2fc5cbd5c83bf1c32ca9d,731182,0.731182
0xddadee9edcf751cab1e827589ea3adb5a897b4f4,731182,0.731182
0x146043ede30b7a4b71445efc77d4de6bb10402ff,730578,0.730578
0x3f164219e525489d03fb4560d850712195280e7a,730517,0.730517
0xebe94275f63e4387a23385bb9f5c651baa3c0727,729776,0.729776
0xdbc5d869222d144afab5dfee57e689f9add61681,729718,0.729718
0x75d53cc46045d5bf25eadd70b33e9d949d45b132,729632,0.729632
0x04722123cc98c8a78f4d2851d2b363561af99edf,728297,0.728297
0xf25f06a8796c77e4b73faabf87c7971f478521f9,727558,0.727558
0xd6656b36fbd29a72ed1c0bc04d6fd450ad1a3771,726784,0.726784
0x539e5727c498bfaefc405077375799aed5f94eae,724035,0.724035
0xfe1811a3ce52d4a8456f27434fd65a2ddc079982,723569,0.723569
0x28da54bf64a02a01c8bc935d604d56ff5b0a2285,723305,0.723305
0x6263656c2887444b74049979db04649f69acf92d,723205,0.723205
0x3daa40986bc553251100d001d52d5c3ecc20e26e,723149,0.723149
0x49289c9a1ab5acf9b201c4e8ef3774c2a69c1835,722976,0.722976
0xfd27c9fc2bb221dfb7de8de1858b336ff682c9e6,722872,0.722872
0x3aae6c4aec4b772dd76854b57d0d6eaf805e52c5,722472,0.722472
0x0cb1ce6b39ccb273bc6172049cc09c677426987e,722472,0.722472
0xf48c75f44eabe598adefb95a1d0bc355e0f6a896,721941,0.721941
0xcd6b2f67abc1f1a78941c486d319228c8ee2c8f2,721356,0.721356
0x3e374d8abf6570f018090c211cd1b62578c2ada1,720693,0.720693
0x1f0124a51dc93ce5b7426fd168190d0c937087ac,720439,0.720439
0x079bb6db4128480eb4a8ebe72018084b15a5a5ff,718613,0.718613
0x8ec21a7644855758b5de1eb00f00db3e6c735526,718233,0.718233
0x649252de2cebabca0ed1d6652d3d8b8cd78bd3a5,718113,0.718113
0xe9edace962c857f4dc2f9bb7f38c7a63cf516882,718078,0.718078
0x5d5356f36b256cfb0dca79a9ab31d6cfef6c99c3,717627,0.717627
0x4be4d2c514bf92cf1496b1b2b1ab017a7425f282,716040,0.716040
0xc0df1084ae30ede1d38d1d0c72cc0650423d28d0,715902,0.715902
0x0546929fac4d2c3f11e442d6d73c33f501ca815b,715376,0.715376
0x5049d35a6726aba6fc43b2740531005e98e4a34d,713708,0.713708
0xb5f74fbf893505b464cb1c4b7f955d83239d8930,712675,0.712675
0x0f6686a7a49f5055e69d7b1cae7d8f19843bc15e,712461,0.712461
0xf69de0c6a28044b7c70eabaa0a393e18b4adfc7f,710608,0.710608
0x006b18fbf15af018505e3aac714f5a85c8f3a8df,709702,0.709702
0x22f7316b694141e193ef05ab7bfcc1d39c7244bb,709615,0.709615
0x56aa664ebd94e3de2bd2fab1a817a8f35aa67936,709056,0.709056
0xc408198d832a1abdcb2df210e7b76ce9e7118366,708018,0.708018
0x5dd424eb7074078c078e5a40dea6b64fd727d53b,707887,0.707887
0xab7297be1b9bbc3c0c3c991a7c04bf811fed699d,707525,0.707525
0x2b431e0f42e2ca7d87e2c9d1363b7ff73d623b52,707525,0.707525
0x607ee059a8327dbe25a24e2d6089f54fcb7bf353,707525,0.707525
0xdb70013df097740175c9eddc3dfa032f0de7adda,707525,0.707525
0xe0d1379285507e7b425dbd5c95504271f52afaa6,706901,0.706901
0x349bbf952615497848eb602dbcf3c6c9fbc6be95,706827,0.706827
0x5ab0e4e355b08e692933c1f6f85fd0be56ad18a6,705977,0.705977
0xa8ffa5e9372434b046ebae0a6f33bf12f8b315a3,705453,0.705453
0x3f2b31757f862ded7b98c6621b53b6656c199e6a,705223,0.705223
0x911f6179baa9c413b76a0417902781e05f5b7539,704752,0.704752
0x42f2d682d9cee89a98347768337938ed8d18c266,704412,0.704412
0xbf5ffc38b2a189d987845e68ed1d929a92dceba2,703982,0.703982
0xcace9fa42aa7576a43acde16c9a0c630c82237d9,703343,0.703343
0xc6ce9cced7fc685f31eceb507d0dcc2f94bd2088,702731,0.702731
0x11afe0f06dae581858528bac24b61e2210b4e2c3,702454,0.702454
0x54cdd71b724f992fa4262d98fe5dc39431115de8,702446,0.702446
0x1135a85fba23dafb1b408dfcff39b11e8ba47327,702122,0.702122
0xaf0457caaa62b4ab20b2b0b90149e8334d981bd9,701825,0.701825
0xa54f9f14e8144900ae89bf7b090170760fb62d10,701457,0.701457
0x65dcd2ceca5abe099ee1da3f3b5bfa13d77a8349,700923,0.700923
0xa9fa26a434e2642bb16faf11a98ac328f7ddd2f7,699827,0.699827
0xd0ecda914c1558270b4a805b38244fb178855b65,698835,0.698835
0x5af433de4659f918cfe6003ea186a828f8132499,698831,0.698831
0xf895b33986d39af984c072f190d8178e2561f12b,698721,0.698721
0xa176b473acf1a19d41d1c345dd051d51980dce7f,698596,0.698596
0xef401f073c731ed6c32c0eb971686482db58410d,698490,0.698490
0x1e34ab278fd26cd6aa71a721e860b913adcf36e4,698210,0.698210
0x41c68ed53b4df57ccc773a87f384f447060319c4,698207,0.698207
0x4b3e94e869d83da77727157c55b94f33efe4e092,697297,0.697297
0xa5c1be6e9fd9c6e91238811cc63feba253ad590e,696944,0.696944
0x47430de9669b7d303fe3c5aafb3a7357753d1c22,696697,0.696697
0xca269341f8971f8b5bd3685764ed369cec429878,696517,0.696517
0xfccbb5c6762c344f8f45e7bc58f2625c83600267,696405,0.696405
0x0c372b04034554cf89cd417578c2e458d0c66f0a,696136,0.696136
0x3aa8ac0e6c1fb9cbb733565de16cdc5a676bcb04,696109,0.696109
0x58d68a9f622539e79908e4c6bc2542325f40d294,694958,0.694958
0x58630815230a2f1f8c1f2b12898cbbd41c9c1695,694718,0.694718
0x03663470f64350f9f00711443ef163c18c921b31,694639,0.694639
0xa82624271c133a292174cd6056a4842f13ee8fef,693689,0.693689
0x0fa6e557a349c12fe35ef9ce26997b6165b5b0b3,693377,0.693377
0xf4c5f8606dc13dc688978b678cd3d497231b0d15,693360,0.693360
0x95f06646a2413f0e605b7162b7d381726df779de,693281,0.693281
0x2aa5266dec7bdcde207349fadba98c9b273d6fd5,691915,0.691915
0x6d8af8c1de4beff647a1cf9bf1efb430ded12056,691915,0.691915
0xa76761c33771605026e3e1f52365edc996a1b737,691915,0.691915
0x9b6ad3558ea4dd6af9d1bc3cfdbd20c1d599c840,691915,0.691915
0x42c0d0c0b39decbbec20c93076e675124cbe9711,690979,0.690979
0x0401343c50ff963a7b02b20b31fa9b0b159354d4,690239,0.690239
0xed4aafb098e8af0168a934e8a60883067fd5f435,690013,0.690013
0x6e73ca7019de719b6625ac5dbbb6e1d3e523d2c9,689428,0.689428
0x063d796708fd3a9a7c11db27cf8fd5bcebe4882a,688992,0.688992
0x40a24cca6b8da2fc3a9b0feadb2fb71e3bd4d193,688808,0.688808
0x860242bc11404f1c91e44936af980c1fd82129ce,688153,0.688153
0xe25ba9650d46855b97ac1874b6e8fd512509255b,687266,0.687266
0x7986a177174651f1cb76eb3d1affa22608262db5,686986,0.686986
0x2af59ab2d7e0ed944cee1a5319f3435702cc2d1a,686455,0.686455
0xb17d158ae6cd24251c34a6c62b42cdc3fb0122c3,686167,0.686167
0x439e9660295553bb1a009f888ea6d00529c5546d,684442,0.684442
0x39fc19baa5c176fd0c010a0c2130ffd0dc29adc9,684341,0.684341
0x571c7e3587c1bdba5bafdd24c22a2f843f2fbf5e,683971,0.683971
0x649d9ec0a8ac8fdd49014ff2d035bdf59c8a6b49,683748,0.683748
0x5584cf54ade7c81ab6d6bc870c714f87fc0a7721,683537,0.683537
0xcc76bd6d85ce372e15d4f85069fd6a1f5e12d0f5,680649,0.680649
0x1cad53845b1f5cc86c539fcb5db2d1285859bcf8,679937,0.679937
0x3bdbd203d78552aac8fbb1b07b9e6e405e7b54ea,679503,0.679503
0xc25363d64ff47ea71513168c2571f3eaa2da8cde,679503,0.679503
0xf19daf5af6f88d604394647361e19306e83f08c2,679503,0.679503
0xdb715b2ac726fc412fb4e682a56f89232303449d,678199,0.678199
0x9e8686d42b9ae95e14b99dd0468abe25cb5de1c8,678099,0.678099
0x67f0232e85d92f027c744dfeae1c54437bb5d447,676229,0.676229
0xc20f680591343da063708f490409e2e6063b7c72,673835,0.673835
0x3306f8f0217766f59d19c3857b72659c659bb4bc,672961,0.672961
0x8f42699e5974cb3d83ab9742248f5f2f8162a270,672416,0.672416
0xa739d838855e7253e41d5a6eebd6e874c479aac5,672327,0.672327
0x6c8ade549c4295352b98bc5ba63b179568e33f0f,672235,0.672235
0x06d13d1562eb9da28c59e86e9bfc2a87d13afb01,671201,0.671201
0x26260dcf6b29f40714abf3fc0b9dd9f4dcc28cd5,671071,0.671071
0x0aef98c202fc78fff76099193eab59e9bdad5679,670933,0.670933
0xeac0059e9fc915a1479ed5c47832a7529d2944ac,670696,0.670696
0x68575641c442dfeee01a464a9f78748bfcfd7de8,670590,0.670590
0x56f5a83267c25423cd26e8ff84fb6826615ac43f,670231,0.670231
0x21d3acab888038719995225e1c3957448c5be686,669338,0.669338
0x97e3408efa0cc7bab9394b877f8a771d17907d0f,669321,0.669321
0x769596b317bc149bb65dbead8b90a86a2e104473,669130,0.669130
0x1e171d3549720724612486173963ab0ba29171ef,668590,0.668590
0x8593b400216c1d3cf5a92383728e0753bb8e157f,668223,0.668223
0x5a4d1a00f30560b4f962192a5946dd3aa379aa76,668223,0.668223
0x48293db2daf5f039a4fa407633a8a8c36f2757ce,667412,0.667412
0x1a16c4ea21e841312f3378314657164945f84a29,666194,0.666194
0x6bc3e4590c506c6367eb3bac5f02f7c4c03ad005,665677,0.665677
0xd7c59e68e2bc236ed341687917a35b1ab7264c4a,663612,0.663612
0xb1647b50c253dc3600025ff5b9155acf4884813f,663303,0.663303
0xb277aa8f98db1da502e29ee176f6bf7a40bee250,662677,0.662677
0x66f766bf2da05fb7efb902b8777beca17e92b347,661647,0.661647
0x513b84383298316c6f318dbb4d582c136fed1c1b,660592,0.660592
0x7c6039d0929cadd61dbecabd37a689e9441666ce,658962,0.658962
0x7f902cdb00cd1664cbf8590b08fad76fe03e5d46,658680,0.658680
0xabc0f02e0a8e40ccb5df06b6d4ad48ce58eddbc8,658657,0.658657
0xaadf45092c7a40cbef95d84a6a575fd813d35ec8,658063,0.658063
0x95a7dba81791b4f83c6acd567b304c22e664421f,658063,0.658063
0xf63620f6a8b9c13ba826d80c43afbfff1b883f3b,658063,0.658063
0xf53fa613f7a4c43935e8e0aa186ffb003db5a655,658063,0.658063
0x2f173cc2e0ce2287ba7cae02978bae20a9a18ce7,657491,0.657491
0xf9d16c00b6841d3794bac172dd455de6b5fcc4ce,657491,0.657491
0x3fee5da26c1425f66e2371aa2857d9ff708d88d5,656586,0.656586
0x880d39ca68a8854d838b2c07adc0b36c5d48ed82,656145,0.656145
0xd03e867ea9d797b35bab7710a5c578aa7de54e90,656115,0.656115
0x5b1011bec5eee7e9328cccffdd3b9920bbe97ec9,656002,0.656002
0x06ef623e6c10e397a0f2dffa8c982125328e398c,655649,0.655649
0xdc756c15da39608e84cfc3487db5deb5362f883d,654764,0.654764
0xaaaa3c57a787a6951343a38665f6d6312043f8fc,654526,0.654526
0x957b92c0835c84708ca38952e64b24b02922a6f0,653743,0.653743
0x7be8911cc5d0b93c06c681ee05e2149f3dfb9b25,652994,0.652994
0xd3aab03b244d60a8f445945c508e50a45f70705d,652590,0.652590
0x3fbbbb75ed0a21d7d519b49e68e1518a0cfa1a2c,652460,0.652460
0x148e4f18c6b3c741c5ad37bf0b33d69b2ae242bd,652433,0.652433
0xb47ae184f26a5901b3640d6810aaa233fb5873a5,652289,0.652289
0xb4ce3a8d7ae3d3d0956d5789dd8a3edd0504d7b5,652150,0.652150
0x4a382218ef5c3394a290e78f99b51863c3bf56c8,652048,0.652048
0x07de58feb1f8b0c5979a800811f3bad2f54de26e,652028,0.652028
0xecb345270c14273c7374b38677f2d018e4ee2175,651708,0.651708
0x8439a3b6ed9cf3771ba4b91c2812316a209ec194,651585,0.651585
0xfe56a8c3ffaee94437f21f3047a15974d489f38b,651270,0.651270
0x63611f686a10640c9befb860746354e9de0d69cf,651265,0.651265
0x99a4b2ed6313710e4cb973f96539554fcd39d45d,650941,0.650941
0x858379b71300ae2f4285297f0661477b3765b5af,650595,0.650595
0x9b3e19c83cc2595bebf759d1ba9461ed7e68b0c0,650588,0.650588
0x22199ffcc3ab7c82a80c6559a1542245c717d140,650038,0.650038
0x0a639c2fb93f5ab5e8ad9d4cd7e74279667afc84,649304,0.649304
0xcf97d4bd182e7679af7e043adc9376629354129c,648608,0.648608
0xca0c99ef343f8efaea6f72e23448c4e453dbb9eb,648340,0.648340
0x6f3a71f78b6b29cfff68e5e8b6c786c45e01d82a,645409,0.645409
0xd6f50375fba52ea418ace83ff1c342dc02666bc2,645250,0.645250
0x2876e2c0c85567a00f99d23f4ba7275282d97be8,644185,0.644185
0x5316f1a2594388c989273c353865bc43111a9bd4,644156,0.644156
0x49ee308e8bc244b76d8bb0a8dc677e51beac1a19,644108,0.644108
0x104d39c07f2c2b29b2104ea39c15730146a70d4c,644101,0.644101
0xe79bc1f9f03d865d36198f836ea61d697e1fe9b4,642296,0.642296
0xb702d70bef95d935a536b80e0a3c632cc4c329bf,642239,0.642239
0x28e5632a329905ad5b6c66e5c849c2ac8f3fed46,641985,0.641985
0xf3cb3ee3fa381d24f90709d4df90f55358ebd6b6,640747,0.640747
0xb35bb915856724cdb219cddbdff6ce20cab23e4a,640509,0.640509
0x8361aef317f47233e3089550a241037cde411c1a,640217,0.640217
0xd9e912afcea495dc8789bd2d6c0004473e48521f,639982,0.639982
0xa50bfda6117cfbd13a918932cb148b2ad1c5c074,639878,0.639878
0xb8d419591f616e0e7f3a53de5fcf8d89d41c8460,639816,0.639816
0x2ab173ada010a29de3c312edc0d6d39608c69697,639033,0.639033
0x80a6fda0a740ed3442ff001ae152b6e5a5105180,638346,0.638346
0x99fe1a841d59379acd34da92ad01cf4244e73475,637889,0.637889
0xa80f2a28955fd0ae8df00dd3343cbc624db6f629,637515,0.637515
0xd5b34fd5cb9d8068156a7f3f33cdbcf49481f893,637367,0.637367
0xb272c04b68a8cf7d840a52c0bbee9fcfefd9c0f5,635104,0.635104
0x7b5a3cfe0aad32113229d90a9b116b3a74732da0,634161,0.634161
0x34b64e481cee75d8a815a82b2a29807fd10ea782,633294,0.633294
0x527c6a63840bad5a1c18d61685c2a7a62735ee9f,633294,0.633294
0x2f839198d609ece7564d4cf914470ee8e1e006ac,633294,0.633294
0xa9af601e8a547b8d563020447cca4b274c9e715c,632953,0.632953
0xf631c355696a920c6338ba580a6aa2874b75b0a8,632738,0.632738
0x740aa8aa217c859cda7b907f2558600c15961569,632563,0.632563
0xbd930778b3f5b36b5c1452f0b575ebdf622c4a6f,632017,0.632017
0x9b6b68094b3b28093cc306b2aef3917038789406,630674,0.630674
0xd200cd375fe03d9eda297b3bac32d0c8d5f28495,630527,0.630527
0x83deb143109d76874f5c0758d46e201bb4af51c5,630412,0.630412
0xcb03e0c266e39e66d9aafbd0b2c582f4c20cbd89,629861,0.629861
0x4fdfa9a39e9c6121081a14b7085b6437a4f4ff8f,629721,0.629721
0x37d86e220d9cf8fe3c5bd03ee36f3301b2d2288e,629665,0.629665
0x577b0a870aeba779dc9cd17dce716db059d7164a,628631,0.628631
0xd33463f93472c3c7bc11fff4e6015506998f3337,628106,0.628106
0xa2091171126fbe0f8c8d557bab30b41eef57caae,627094,0.627094
0xff9c4d720d93e55ff1fb3e5752dd4238acef4fda,626747,0.626747
0xc42c084c273b46c7232f73fcdcef099fe09c0b07,626424,0.626424
0xc32987b5624eab3a9f42780e60de4d9cb1e81749,626215,0.626215
0xb788aab3d3e50237fb2953b18519945e6623a4c3,625983,0.625983
0xc4f44d9ae9d9e94fddc6ad060f3db7ae2c876f7e,625792,0.625792
0x9e56eaf01627c70ad9018dea69e545e00e9e792c,625743,0.625743
0x4523b791292da89a9194b61ba4cd9d98f2af68e0,625202,0.625202
0x600f15504c67ba9489371bbc23e43d026de64f32,625119,0.625119
0x957aa193e6b0da3ec0df22d3cf0e8f78ae9ed44e,624423,0.624423
0xc776a66fa20de77d0551475cfbe06ce5377b411e,624208,0.624208
0x546341548a34887b34da20dfafcd8d4e898de88a,623791,0.623791
0x81e3dfc4b6e7a054ef72abdcc21f486554fcb20c,623513,0.623513
0x79e7657e956560471cf76339a02d124610834d67,623470,0.623470
0x0ce06de77cc503a6f18405aee2aab1fca003b934,623460,0.623460
0x4e93750897c19c738031b4ab2458c2c21801899c,623363,0.623363
0xca287e7e69deb07584e0406798cf39948ae65536,622861,0.622861
0x2022d969058c100b5099a5f6112f8cd3c760b770,622466,0.622466
0x7466d5652ca9aa5bd484c6673c4fb29797d124cd,622187,0.622187
0xab933258fa1f337d6a54542ab025a68b197007ed,622172,0.622172
0x8baae05ccba6b6871baef32ae32e8d843f0263c9,621578,0.621578
0xdb15cccfde9c8e814d5762f630822703cd5f6927,621133,0.621133
0xe812bed8ac557eee6569ca7bdda6949a1a320c7e,619759,0.619759
0x307378a65cef75e8ca8ebd8d1a4518ecf1861502,619084,0.619084
0x8ba33bd9de676fe1fad14c3a1db50142b9cf1c55,617959,0.617959
0xe7d0464315faa9ffb8f2395f86e5ae02fbc146e6,617840,0.617840
0xdaf1bc935cf692d06f2a1c8894d88b66954ebb8a,617527,0.617527
0x60afb8b913dc6fece89c80ba9d9bbe996cf0d68c,617279,0.617279
0x16905427a03a926600b52976b83ecd614bc08f0d,617244,0.617244
0xe1a0f9091f6e82bb45a516d0b7db45610ee15874,617110,0.617110
0x072067b0810b93507f6645b0a6c52631e197b39b,616686,0.616686
0x8f9dd500dafddfd02b5a0ad0cb49ac58507daa5f,616163,0.616163
0xc1a1dd69bff82eb73956afbdbdc60421c234a31d,615977,0.615977
0x0dcdac85f2aa21f070705b88d176cdc56e85b93f,615460,0.615460
0x1da158559f54d81b13dda7b9602cb5e09468ac09,615144,0.615144
0xd8f3041749beab4f66ecea7f9c5a68b4c15d6b5e,613546,0.613546
0xaba92f62ef9d45d0b61808d330461c3b2d8fece8,613432,0.613432
0x3fc03fe3b470b50d8163db99db935976a6448fc3,612575,0.612575
0x6e7729003b4822d646d3c0a6ebeb0c148823101e,612444,0.612444
0x0c0e611a29b339d8c1048f2edf9d4160a5fb8f22,612355,0.612355
0xe013dc51df7461615dea18078b0fad9deb8c2699,611619,0.611619
0xff20a95347b7f2ee4bf9d87f35d62fa600fcbcca,611366,0.611366
0xa2a275d828079ced68bf2c2202f2218a372c5f5e,611022,0.611022
0x696969917d14af0eccd470b0797a447087aba094,610760,0.610760
0x39bdf3aca9dd0900653073d7f853fdd1107ba7b2,610736,0.610736
0x503d9943d5f9f0f757252b21d734bc0791fe498e,610014,0.610014
0x44dc2ec15b3483fc8590f6b396cea5f8f2fbf3bd,609904,0.609904
0x075461f7ace7ecc8dc5348ef9d378566a3f9d09a,609723,0.609723
0xd7dadd25675b14382226faf890ddf2a84ad38904,609723,0.609723
0xb57cc9cdbc5f17654ee8979f590f11827df99e99,609350,0.609350
0x2a16faf91262cd9f0b7059a0fd4d7343b33bc98f,608572,0.608572
0x4176d2414490277ee56a185302e59ac5815eca71,607851,0.607851
0x74dfc28e93c7a0674a256d9d05f0831663d19577,607476,0.607476
0x4597906f340d88e271cfcc317b8b74e36c2573fa,607476,0.607476
0xa9a5ebd59fe0b213b8a32ce8ede3b694ea80743d,607476,0.607476
0x8ded9e88a30a4543577b7aaf606e875aac873093,607436,0.607436
0x02050cb0a623cff5651714302703b61589a8e7bb,607145,0.607145
0xa82846304ff0364c2f2d3e411e411f3111e78165,606660,0.606660
0x79e3f4a27d3111046468981d7d869e96b487460a,605595,0.605595
0x8d8c82dbc693262f9e7748832df8fab11d29db49,605559,0.605559
0xfca874eb66c436097d115b8ee7235cc1c6f0dce2,605008,0.605008
0x9e3ceb09375f9d4922d6dc7da3d006958298cda8,604112,0.604112
0x5c8d40606e2d3854ad8b15c26596d7485f8ae2a7,604083,0.604083
0x4b7b0d2da578bca9115993c6720cef0e4fd07735,603513,0.603513
0x4cd0989af463f1d97ba38927052ac3eba3e32751,602847,0.602847
0x079f0d3de8f0daa8255775876f8b987d09677e67,602847,0.602847
0x97f5eb35b730ee21edd4e0c7d9673a2baa53c178,602847,0.602847
0x9aee301d7b11a6dc7293b7b6ba5f11cd048590df,602815,0.602815
0x1d5f36014758b009d91e2d1c7b596bfc28a97186,601977,0.601977
0xe7c28acc58a6d2d3993b102a7c0b4eb45feebebc,601773,0.601773
0x149a9eb584844c5707c34af968d0ddf48ab62e76,598701,0.598701
0xac9aa4c313559f07b3d2a9ad1473d3234e186a6b,598016,0.598016
0x1b2ffc05b2aca52db40b4e54d6673ee74695303f,598006,0.598006
0x8487d9df0d2ea83d84aff4ffe391793cb2ef91ba,597968,0.597968
0xe110934584f699e1054fb52bd02e864a4e5a5928,597490,0.597490
0x14ef3be5984abfd64ccd17fd08bb0fef83e0b227,597476,0.597476
0xd96e09913ee3e3afafe0921e2baf973aac8483d9,597370,0.597370
0x64959312c01930b8776a81e7775298533630ca12,596955,0.596955
0x3983fed77bad6030cbc6e0fd8ac09c320755f629,596600,0.596600
0x72af7029ec745122650defc0ecbd48957da4d95b,596427,0.596427
0x996f73d402b0873f4e4dade9d6eca2c44cf13df4,595664,0.595664
0xf9b1d5fb7b57dd4c3a1dab9fa015061fe382a0ea,595618,0.595618
0xf025a636bcc7a3ed3c2d6ba72f45b63e8df6ad8d,595449,0.595449
0x65abe45092bbfae59c4c316372e274fa470c2b6e,595280,0.595280
0xd635009b1a35fdef5de082bfaadfe02642872d09,594600,0.594600
0xa1671a34c5066eef436d0eedfa96f78d6c0d9d4f,594221,0.594221
0xa542cda22ed5286e554039c5f066794c8266f8a0,594164,0.594164
0x42f8b26d4c95a66fc377e546c109cbfd0b494e34,593324,0.593324
0x10ff8f3986fbf93ba478aa872db7dbbfb8655555,593173,0.593173
0x5c84d16c79bfae6bc0a7e8af6c26fdee183f80d4,592846,0.592846
0x8156009a336238be897235229d5a0a6856e47bfa,592688,0.592688
0x2f611806902bd0e8057dc4bbcd5e8c322ddf49dc,592645,0.592645
0x7c9392da11ede5775acb2c1ff559c5a6c49e0aae,592228,0.592228
0xad64bf3dbcc9a447feb81f82594c12054f4c75bf,591644,0.591644
0x1bb46c5eab04a986079f4c41ac0840e4644e2944,591183,0.591183
0x4cb77761d15a10797c71d5f1169ab0f2c975ec81,591031,0.591031
0x1a4e5a4f2b185ec6c8054c3eff6824250a0ccfec,590782,0.590782
0x1b1f1cfb865d2286275c7445ddb3f00fd801d153,590093,0.590093
0x56af9983504b9c8e59aad2b4a6de470506c10f93,590015,0.590015
0xa48b8f307b8515259d247b535ee1d4546508d8ff,589912,0.589912
0x457c9989ab821326a86e24e78ba76004dd153cca,589644,0.589644
0x0ee1470a9f05f402da26c42fd737df66bd41cbb2,589250,0.589250
0x4636f2b11a7a9a8d09ec60307889cdc5ae312da9,588275,0.588275
0xfbe12d942b8c152248fd118f598c08124ff3d7de,588170,0.588170
0xa087936eeacc3c0f63005aa691e00ce563413d98,587420,0.587420
0x91355bb60f03488e87bb0c2f015c3a71499f3466,587420,0.587420
0x0f311f77782c5c5abb1cf62fef600199baaee5c2,587414,0.587414
0x309f9c95eea6dd12c51d44031f80898e78be82fb,587309,0.587309
0x7ec19f0544940cd049c2536163f6074559ff6995,586999,0.586999
0x89510d3068ef875492375b85f02ea0367b329d18,586813,0.586813
0xf5828821f2750d7a0c7dbe9e3b742c0a183fcb4a,586445,0.586445
0x67cdc8d63e05446e0f7346b95ebf4210058b6262,585653,0.585653
0xa94e71041af340dd6624409087b2b3b8f38f1453,585411,0.585411
0xf310e3613336773ba176fc7b9f90bdb43f7126c3,585294,0.585294
0x12bc51a9902eab331ed3efcef79d3288cd0b388f,585125,0.585125
0x5eacad1478e60ef1e28f0cb112ffdf1e6212c6cf,584985,0.584985
0xb98c9ced420a137d3def9c62d99dde55d4d8879f,584945,0.584945
0xb813eea00c5340d580a5e2ba3226507f277c2d98,584945,0.584945
0xc1c560f37ccdea19a2da80e8ea656ac724ef49f1,584945,0.584945
0xb681a7b0c67db598e4974f2be1c975230e96c153,584945,0.584945
0xaa1ce32fb9f78b65ce200f113b368bf0563220c9,584945,0.584945
0xc9c846f8762709bdbfec9e5e3c58f0202b21e7ef,584945,0.584945
0x36cd9938316cd6df3e0e92c76a831b80dcf5a69d,584705,0.584705
0x4fc27e994b8585e29fcab26591f1935a9c91bc25,584612,0.584612
0x1740735d7ff5790024d6bcaa69589b14b2c394e9,584534,0.584534
0xd51849e8f89ad368eb1968ca35c5062a87e20a99,584283,0.584283
0x418f36ffb23a2412be087c5e99fe3c4fcd7db154,584015,0.584015
0x5965fe53caa62f37ba61ed39db0ab9b371d14b9a,583807,0.583807
0xf3b89ce49c2ff7a5fa16434d1d30db182de95536,583709,0.583709
0xb2137ec3cbcf9ace3ed50330f30d3881f8149f87,583628,0.583628
0x4c21953b59e6ac5cf4b74d4a6f08f0a7de7384c3,583414,0.583414
0x9b3905ac60f0f9267af1931fbd42c5c35fcef57c,582976,0.582976
0xe1353d918cfcbd7b9501c542bbee365aa533655d,582267,0.582267
0xa81bbe930feee7839e2d1e5e8068a0543e3d0410,582158,0.582158
0x3db90960f8e833cbfe340fc970acef2343bb9828,582140,0.582140
0x703e80bfef6856e792a4791c90e20807c8f384c9,582020,0.582020
0xa1db86a5015f6c666bde6b535a7118e9278eb7ed,582020,0.582020
0x5f45d309014aa4289caf6a6905a677a2d2e8460b,581375,0.581375
0xb0be01cf3a5cde8a86e1a39367ea997f5dd08372,581285,0.581285
0x450d3932aae57aad8083aaa28f6976a4b3b9756c,581266,0.581266
0x4b28706b9724743b7ffed8c36185810206ab3608,581198,0.581198
0xacc506c73ac14918be0e514bab3cb87cc61706f1,581178,0.581178
0x917610ed1bc03ad8c9db623e0f5a9164835d1b67,581143,0.581143
0x793b63b302b7bfc564cd3aa338c24dd28e1ae730,580647,0.580647
0x7f1314867e8eedb51fb5c239e956ee21575165c3,580119,0.580119
0xe9bbf0abc65957956ee8fc0e41079ff999c01ae5,579850,0.579850
0xf525e7409441743dc77b5baacf4755f4cc33400b,579118,0.579118
0x46749818c24c76e31451565f8b3766ac21e89475,578702,0.578702
0x656b73d4cfd36948d5d4f033005e79fccf2568aa,578702,0.578702
0xe7b1f0b1525422a4f2d32bece83468590121727b,578633,0.578633
0xdd0201d95749173b9b6980f47b3df08ff312a007,578549,0.578549
0x117d928e2602408f0de329032ad2072abe5f8b9b,577893,0.577893
0xd602009298c4b4af5f531691b78efc2519b8aebd,577693,0.577693
0x1aeeaa375b4112f537fafdea5aa3bab0e1257557,577602,0.577602
0xed7b1943a8c218e41e7ccb9a3a78dff8273aed0b,577556,0.577556
0x758bf7889ddef7e96b4296d32a086c66d853807c,576898,0.576898
0x40dfde99a4d1e082ee9722c497b0a98261a4bc3b,576173,0.576173
0x6bdb3cdb95895fa06bf1de51d9c4052e184a42f8,576128,0.576128
0xf5797979defb2f7e18ef1d350a4e0ec293b79213,576107,0.576107
0x8b80db00eef82c27029b9ff65edb44ce266df69c,575381,0.575381
0x2b72687703a90f491725fc7004c309bb76d64ad5,574863,0.574863
0x550eef857e3453ea5045ecc1749762d842ea72b0,574439,0.574439
0x8cd1cfb47bc129ee1e861ed4551d59b76a2ec98e,574310,0.574310
0x71f0f458d28e2cf9cbd8d431b94a5fcfca052ffb,573670,0.573670
0xf38e9be5cefa137be37c93acd4c179ad2cad76d7,573102,0.573102
0xf8c7697d5403b615a3a553b6244e730da2a9422c,572957,0.572957
0x0afe2614edb3bef8a7efc101792570d4cd1cc4e1,572207,0.572207
0x55e197f7c7ab0c8100e533a70a167fda56bb63d2,571519,0.571519
0x87617e7fc22fb233e3ab4106960aef85911f73ea,571496,0.571496
0xc65e884ac8aba83936499d327299bb9313b9f005,571496,0.571496
0x8e408b66197c73e3690cdb2525d27f2a528f6f55,571258,0.571258
0x368d9e55d2255ed8a4f1597a66de19514da37869,570802,0.570802
0x59acf3bfd5a7f1d96261eb3ea5f64faeef521ccc,570447,0.570447
0x2f6d96e17bdae380d0b6b738c2090b9ebf57e4da,570446,0.570446
0x0505e02a042b1c45e2ba6fc154b846831707ab3b,570398,0.570398
0x7ca4926b101a71eb6eae564534d9eda2278b4bd9,570026,0.570026
0xff5b1c090d0528de18e8e79a7a8945e4a8d75612,569953,0.569953
0xee4f7be5cbc2ce653a41b83091dae3043f7bd216,569500,0.569500
0x4fd482f098e284fdc119d2990c23937f8a4d79f6,569019,0.569019
0x135749a097d9d8c1fbad6ddeacaac757f0a7633a,568812,0.568812
0xaa1a531503e6f35b582c90316ca18a8b1db656f4,568551,0.568551
0x253a6ff940d9aa3c824ea9db48b9c1820d5e707e,568512,0.568512
0x1a1d7dd13e3c714bbfa87b36431ae2171d1fb186,568494,0.568494
0xe06f974054a42c01e02b2e069030e6e4b414983c,568330,0.568330
0x08e417a21e35d166cf02aa215789164fcabf71b9,568176,0.568176
0x95a8fe010ec6f0ca854dd78c46b9c4cbedac1179,568145,0.568145
0x8b2e04525077770e980d31d4d4a0e808250d71c0,567426,0.567426
0xb8d8d919244f8015ca3c61cd7211386a477fce53,566943,0.566943
0x79b92d923c1464e0eb00c774466198a373eea019,566657,0.566657
0x6eb116060467e9119ca85ce9ed5c4fc5b01c8245,566466,0.566466
0x7417e8adad6a8592e47eeb80cbd7eb2543d90c43,566019,0.566019
0x7aa7555267c8fe87c2df0d992761bb7a319bbe94,565739,0.565739
0x3966d200b3c9cbb1fb3a74b3566e40610bb6db63,565699,0.565699
0x6c1cc019559b5682d627953d08a91c94a80df1a5,565374,0.565374
0xa8e95efbebd4b5074646d97175c2a94b01425483,564765,0.564765
0x18486b8ff3e8e32ba5020387ef624a1982f96243,563058,0.563058
0x4cec6f12ab5bff4af3a9151d98cae6f0b8307f69,563058,0.563058
0x30ce7df62acd841e2e9c742c47502e68f0244dc8,562441,0.562441
0xf681a2f3a9a773b4fab46d6725f43b1762674698,561804,0.561804
0xfa60eb055f6e15468a4da97df8312e10975610c0,561802,0.561802
0x59e743f413ad31bbef1501da96201120b83f5d67,561077,0.561077
0x2899c86fd5403d1c69a8d81cd9a90dee2e50faed,560955,0.560955
0xdd5007b2fa5abfb674ecc64a547cdaa2e607ac52,560926,0.560926
0x50f9a51f7b675bde3c40285fe815167af88d2941,559813,0.559813
0x503d7d0d3b7a0feec6b3e8720e29812170d94964,559301,0.559301
0xeefe08a95db235677c4f05c1480604f4efb599a5,558951,0.558951
0x866e38744f5d53221a0cdb68a74186d09bf2e2ba,558895,0.558895
0x4045be3792184a2ed24d65775a308b9c220c767d,558489,0.558489
0xa358f41630b53c575f9bb37005b0f1067aa4a074,558206,0.558206
0x78cb904182b4baebf595d5e3fcec084c0ab19f3c,557846,0.557846
0xcb68c1ccad0149e121f1fd74e835225d51b321e6,557489,0.557489
0xe4655131a4baef0a97ba098bd9d0723ffdba270a,557441,0.557441
0x18108b6c46ce2a0b67d40e60f12c63c75cd7c88a,557328,0.557328
0x2ba719cc38ced934f2e906f591909ced348a89cd,557035,0.557035
0x0d6d074fd510e5bb07a39aa3a719830cfb240470,556600,0.556600
0xc97252f98b7159251d410fe237674dc5bf7465a1,555761,0.555761
0xbc30938a5247cac0edc3bbc09bc1f0a0b7fe92b4,555619,0.555619
0xdcec0d07a086f351e28c18f5fe268ea6c0fb1cd5,555485,0.555485
0x068b380f93da55dc2f52a7a08a7db3272ad35387,554056,0.554056
0x3609f8d62a21c8515f1f215cc807abaaf9bce83d,553921,0.553921
0x669a4d32c7ed4fba3bae7c8cbdf9c9e603102308,553779,0.553779
0xc76b852afad99eef4338561246f8a2c327afab0d,553725,0.553725
0x8860e700e0d0b5dc3e3e1053cb11ba2300724577,553531,0.553531
0x28cdd7827a8fcebe137753b03790633aa39bdd2e,553442,0.553442
0xb219df61517a3ecbad351c9fa458e76360fe81eb,553039,0.553039
0x6cab6030c20ae4138751784993dbcdb210537b23,553039,0.553039
0x5aaa8380dacfa8c2e7eadf6e68e92ea563be10e7,552532,0.552532
0x451c2dd19c0a8791563a8ced5ddd94efc5608178,552136,0.552136
0x1528e1e7b78120194482698fc0a7f3dab37bfc8e,551467,0.551467
0x5be3c8e76a84c1411593711c04dde3164a7d416d,551070,0.551070
0xb58ee32bb916d8d58fd05a7f5f97b6bc6048ca25,551038,0.551038
0x717a37c07ca9ece7a35bd8934aa4a61d00788dc1,550944,0.550944
0x9178b66fc50212c31774d3aa18c395588e1376ca,550694,0.550694
0x38399824c6f87aa44beae5e3ac0e06f514fbf6e4,550667,0.550667
0x17a34838af617d40fed24746c9ede46ea37313bd,550541,0.550541
0x5d44e769a5b2f90f2608f2adc114d05a61fec45a,549979,0.549979
0x51eeee83998ba09ccdcc43d62d7069fa0960008e,549841,0.549841
0x305b5a2c0c892afd5a191d2251788e8e2457a9ee,548421,0.548421
0x9851f51ffea28172e9c10bfb077064938fc9985f,547805,0.547805
0x2a16e92eceefa1026ecb9eb0e10cbe7e9fae1f90,547777,0.547777
0xdf6156246367a858fd763ef8b6f3f28e131f34fc,547396,0.547396
0x84783e5a1a5bff0b981278ebd0a6e5c93b4fa72b,546354,0.546354
0x038bb0f7d9bb6b0fecb996cd2602858eb0b1e852,546088,0.546088
0x2b6fde77c7f873d090ff4df64c83856a00a92982,545850,0.545850
0x7c239bbffaec083cce9d3b3a57088e71145a16b8,545802,0.545802
0xdd52159ec3faa3f648b11d211c742832eea43f14,545755,0.545755
0x34bfe3af9b6a98b704d21917a56fd47422c5777d,545686,0.545686
0x0c58d3ae5925fc4628965411783b93d21144d38c,545528,0.545528
0xf65115e7c6462921d83eae660421bc3357949e4e,544376,0.544376
0x3e11266d586ebcce97aa9c4b7b540429780cff9c,544296,0.544296
0x66d92468971044e15c2fe25cbb135c55bf70c7c3,543602,0.543602
0xa26bef53b2c0bdbff0483ef26903b7e8cb56e293,543458,0.543458
0xced30c62a1a163ed05a521e5fb057dc7f20f4530,543450,0.543450
0xea61049efc2120d0facb87a6fe99bc175cd15589,543185,0.543185
0xbc45520ac21c5f05ca2c9893c47991f72fed096e,542439,0.542439
0x0951b2f594db590ea4f5c71e5fae835a950005a0,542203,0.542203
0x4c157613f9e64abcf361030178e31a59f20e8880,542044,0.542044
0x14e53cd8bc3d4e735bea9f32dce8e2a20d746952,541850,0.541850
0x7b8824f5a7adbb9aeb48b1878217244eab3998fe,541686,0.541686
0x649ca06ed268e9e639cb9c17e1321d559ef56960,541629,0.541629
0x14beedc726107ea0b6168f1df5bf8135b93a9038,541594,0.541594
0x5defb3eea0ac8b39f8e93f2d0fdccd2cb10fcbdd,541074,0.541074
0x758a913515dc9db89687dc1727ee257010678007,540863,0.540863
0x156c2dcd259c068aa535d0ec57938d5dda27d312,539747,0.539747
0x42a6e262ae8295df949f63c81fde8915647a6479,539733,0.539733
0x9f909b6fd4439ca992dd05a9bd87e9b0cb0ccf88,539485,0.539485
0x3ed6f9efb50c7938124d75eb1fc4115bbaf8abd7,539422,0.539422
0x7a862b699e0d58e26ae2fa0b57f3bed87377dca7,538997,0.538997
0x3893253505f608f7f64c083513c5a50bf0da17c1,538803,0.538803
0x32f3cce25ad1ce0a8568a7416566a9e75c6fada1,538496,0.538496
0x083013b0f583f61e302bc0ce590bc34346e60946,538299,0.538299
0xfbc69c665288553d1fc6a86754be8c1fd0bae8cc,537863,0.537863
0x92237f6261db6081421da708f1c0c58fd784e6f3,537862,0.537862
0xcbfde1dbe5eeb45bc64aacf8b1c7af23ba30d7f2,537687,0.537687
0x4bc77548c2d35dea611694cc006ed23a7fa7ac44,537663,0.537663
0x634204a87b72078fe476bc96135c6097155d3e1f,536473,0.536473
0x55d72cbcba1ab5c784bc52641d16c613e3b9bad4,536473,0.536473
0x91c53547a2073653cedc9171f079c737f0105c2c,536387,0.536387
0xecf89a9b167f22dcc9531c9cc844b687f4549248,536153,0.536153
0x5b78f06123ee99dc8b21d4e1ef51afe08059d5ec,535620,0.535620
0x5630fc46831301183efa7f405c72013f589e2d95,534785,0.534785
0xd657860fc512ec2250a7385a353f599e3276fddb,534152,0.534152
0xf1e69210456bb4e2d0d5137e0f135e88c26e571f,534017,0.534017
0x5946cedabce48f7b6e08930cda1c9cb0edf86b3f,533740,0.533740
0xab2b80babc61f103cf123052594227d56758b3e4,533704,0.533704
0x98759ff169bf7db1b283879e0dc4377639e84636,533704,0.533704
0xb95f167ccdb68d2650e334a96a89e1077a0daf9c,533483,0.533483
0x9125056ae88d49885c2a050d72ace5d01499937c,533309,0.533309
0x4e60c3a0a1a8ba1987f03f971fd2a63c80c718c0,532047,0.532047
0x67b617e389adea5e499edf41d72e758d95d3b9ce,531574,0.531574
0x9df84d7ca83d54de2ce3b1a42089a95f0ea9a629,530889,0.530889
0x23fc81f47f3e75991307e866e8b6a8a39bcbfb9f,530642,0.530642
0x81cd9e7097af870cd85c8d3fa53cd7d05115ad37,530642,0.530642
0x7754ab999455b8045901fda8f5440d5cf5743fea,530496,0.530496
0x2de3611b87538ac3ac4e3a8a0814f58da23d4b7a,529581,0.529581
0x3175a68afa625d9eea6f5277553e87754ac8a321,529277,0.529277
0x207e7d25d1b0889e6ec097cb8252a7940bc43af3,529105,0.529105
0xe370aa7abf7fe1c0643cf6f14501d76e5b190042,528790,0.528790
0x48f14ed17fd76f00e33268f9d3ff3e10deece460,528485,0.528485
0xbbd4f7aa27bf8562c9cfe5171a785ee3955205e6,528485,0.528485
0x20ddc81bd8c6a372560eaf55efd85ab73fec40ca,528485,0.528485
0x9238bc56b50f1ae90ad65aefddc7a75908fc0043,527664,0.527664
0x523aa48075b463a423340075b6d70c741e021879,527237,0.527237
0xfcbe4562f258b38364d9be603ed62641b30f638b,526856,0.526856
0x529af0321a533de8abef59d501a1d85c589c338a,526450,0.526450
0x4e0110a5e336a2567641276347cdc4cf0f1482ba,526450,0.526450
0x84d296acb7def24ad1ea5587981d42359c0f9b38,526450,0.526450
0xd4b49f7bb5b2ee0c8d341591676ce4dbe0102ce8,526450,0.526450
0xa55e3687f041a20492a33d7ddc4fa37d0bf50d6c,526417,0.526417
0x3443b8449230233ca206e7ecef225f690c3510e7,526021,0.526021
0x0455a09ed63c838ffac60a4f066d4098bb1bf282,525020,0.525020
0x9ed92cfd0ce8a5977cb9d5ec18fe4b980dc077c7,524620,0.524620
0x81b0b61bf6fe3d4372b3100bdcfd6ec161bc4994,524561,0.524561
0xffb6391cb6b589f6c02415a27bb9c7f3efc98ea9,524376,0.524376
0xf52b2ecf405b0918e95e2ad11ef1fca5330ecb5c,523800,0.523800
0x848a0013a5fc70338c9fe782b57d0c8f7b8e373e,523733,0.523733
0x3af2e4a5c5c9e51c1a772720f35e8d71a7a3760d,523201,0.523201
0x20ba8b92ced696734be329343b1d2771cc319d74,522534,0.522534
0xef1e2b6e5cbf268d4ff14e49fba7554ebbfb7389,522485,0.522485
0xef064fb177242df36321ea2f80e28b5ca43f1a1e,522439,0.522439
0x1bab90dc51f0c67c20609b34b1303a284e767b8e,522280,0.522280
0x86d10d23ba20e7853688e494b28758835c94e9ee,522229,0.522229
0x3461690072b73e6eaf51ad1ce56f24145b0f3234,522140,0.522140
0xcd4897ebcb1170ffade0cb86cc7265b38713f51b,521719,0.521719
0x1639cae43769d34231825d2f855d04bbffdad68c,521077,0.521077
0x7f47d7dc56d505638d751c70b878738b598def30,520495,0.520495
0x259ddfa9f95e4c6ad778a3342177aaf85e40ea42,520301,0.520301
0x25c1541071258523322657289a4c2923c21185d2,519137,0.519137
0x734ef1765588150677f26f4ebb43d7d3326a9eaa,518479,0.518479
0x6c4befc619e0ab09ec1778f65624fd1c860504d0,517975,0.517975
0x101d06208fcc4adb5b9c62759522a5e2763c9a9b,517586,0.517586
0xbff15b52a734ae578e4df707a012a62288b1aaa6,517289,0.517289
0x4f489d8422c05b45a6dbed14c91fba7599a3afee,516336,0.516336
0x7edda542fb2a0ae53722907434c8d90d50986d41,516254,0.516254
0xac6c88869bdfe5e95f27a4aa6d973c97aaa75018,516174,0.516174
0xd0f65a28cd82b0f3e3918d5777f5641965d88899,515203,0.515203
0x7ebc1e3d272d0fe2f5b60733092b4a1eef5f773a,515010,0.515010
0x7488b64932e6d5c869921771820d5e17004fd266,514852,0.514852
0xce16c61f95ab9359f3837d7d006af4f3bcb0dd36,513254,0.513254
0xe9434fb88dc287d6b6fdc3ad77303c4a13838678,512953,0.512953
0x24091e5fc20496e460d899183567dbc6c029ab43,512412,0.512412
0xd322df748c6169495454b6eeccef48bac537765c,511943,0.511943
0xb585589d4d5a476f86503013d51fe7c5d4063204,511826,0.511826
0xe475b4ae7f4c549817768537c0f8ae8bd4def540,511826,0.511826
0x5dde11fcd246d36e855bf01e4035676d04c87059,511779,0.511779
0xb5913e651dc7cd8ed0bc1c12d1aa16cd8573c2b8,511543,0.511543
0xd540f4fe3b96695e323e3907c2b8cf8655e0244c,511258,0.511258
0x57e837b0a98290da2a341341f5c5ff32ef548c25,510655,0.510655
0x031aa32020ffa5623b50fc0461778d70b23100b5,510468,0.510468
0x36410ae136e07af5c99ccf97c8e9398558f82b54,509855,0.509855
0x767c81d557ceb9d70df67bd10b814a5abe3a7969,509499,0.509499
0x9e1da4a9126b6832ce7d8178e34d2fb61b629520,507945,0.507945
0xa2b3093a206400ca0b177cf111437a0b8f8aadb5,507837,0.507837
0x96eead4cf15be74b20f02c32bc2dbeb6494b5c17,507290,0.507290
0xa6f0b82965c17b34276acfeae26d3dddb48d0d23,507268,0.507268
0x31593a755bcd972a3d87d5349116b7285721ae0a,507085,0.507085
0x1f47b13abc888e8c6a71f6c7d72371a3cc2c12e0,506658,0.506658
0xf9c59e5deb97cb0b4317f1120a1266396bd3ca28,506538,0.506538
0x5d25c789d07f347e04aa65ba0daf2d61730bbac8,506461,0.506461
0xbd1ded3bcc8103028c8ebdc61990ca777709b10a,506386,0.506386
0xe1e8539b1cd624b2b8e4e2143818562fe054e65f,506386,0.506386
0x885014ce37c1beb0b36e568ae44e48cf5ee5f764,506300,0.506300
0xda79352f3ee0d726288eaf7a73db0504f349e661,506152,0.506152
0xc225d705d8cddf512eefab31275facf1f76eff25,505199,0.505199
0x1d9aad0af939dd8226ca38188bcb2669da3d804c,505102,0.505102
0x78342d3f93a011b3487e1e5eca63a65866298ac6,504741,0.504741
0x432343ec75282577e656c9dcc897db2ef4ddd4cb,504727,0.504727
0x007bbec99cd6239923f4667998b8a47204eb0cd2,504727,0.504727
0x5c703f5131bb3268e0dc32913a3c0994eda215fe,504612,0.504612
0xd124524b52053c2710549a359e42d96d1acf267d,504434,0.504434
0x10188c43655bc5d640bc7f41b0154282a4c565a5,503563,0.503563
0xf2ca8b824652cde6b1f47e042969d5799dcb0b32,503402,0.503402
0x09cb864112798509879bc8cf97b1a079c620d00b,503279,0.503279
0x88434e637b6fdd483d735ce1351cb1292b75320e,502782,0.502782
0x82b8df0eb86f1ffd45785279ff373f718e7e93d8,502727,0.502727
0xfe55c54c168f6be2021fb601f0ccd48cb7efcb50,502395,0.502395
0x135846e917cfc633180c4805071717bec8af649a,501331,0.501331
0xcc920e10312ae56c67258fa1e5aa9452f9a9e7f4,501144,0.501144
0x693bbfbc4c776e6a4fe573f1b769a08848ce80d2,500972,0.500972
0x1ee634b1e917b9dcf1af3b8f4945b8efb3e24189,500972,0.500972
0x97a36da1a25f8e74e0ddfb14054451d606d4ecfd,500972,0.500972
0x2b6636f2130d48a5f9a804298f597d3df62471de,500972,0.500972
0x3c1186795fd9a874522846b0ef7dadaf7c4f6ff9,500972,0.500972
0x091776d65e841ab109c216df282206a40a1e87ee,500972,0.500972
0x702094a1ac85a4ae93940f92d672754910310238,500824,0.500824
0x1a918a8386f75f382e2a1b2e10b807c39728caf2,500324,0.500324
0x4ed7437e6c72be22aa41b6738913b352ddbc0b02,500288,0.500288
0x12ce1fe11fccb60cbe63bab81a85c8ce5fcd410c,499772,0.499772
0x342b7a6636b095028e85354a2d33cdde5c53852e,498722,0.498722
0xa66522d79f572fd5c4245b5f18d994027b9994fa,498507,0.498507
0xb85a8f6a6b9be774e5ff1264214c43382fad0730,498228,0.498228
0xc0590528390a2749ad9f0ed5982b289bf093d01b,498096,0.498096
0xb63610a15e3cd9e136f59b8a1e00c856d9fb0f65,497310,0.497310
0xfead1285d23a252024b8275f4e7d7dd6a4d17b00,497310,0.497310
0xc0191f4da181273bdb54695a3df6e8195886f5ba,497055,0.497055
0xed7f04c5019c60b48006abfdb9335c3c033408c2,495862,0.495862
0x70a3c746fd87e4571479e88c0220cbdb02de1d65,494573,0.494573
0xbb23c06da32af321baec95b6e6b558064bd46c67,493663,0.493663
0xea309e793f90ee19aa36df8937511e84122d6ae8,492513,0.492513
0x34740967943468f658d0837cd9d188924bf384c1,491649,0.491649
0xd5e38c5885138787b430074b3d8c8421064b3cdc,490693,0.490693
0xc5cbffeaa5cb5c6e89730df950d9ebe4e08b94e3,490235,0.490235
0x41f74bbb9527ff2f1c9b826831b51a40d4da419d,489580,0.489580
0x5bfc56c3e227d4b81f1be6d8fec16201b5c92c5e,489132,0.489132
0x69b556d09513f602e8ab36164e1100c6d292a297,489132,0.489132
0xd1dc390c5ca15641ac0067a403205ee9d360abad,489130,0.489130
0xf0f17f544f30151f3992c443840814ea3f88ae63,489021,0.489021
0xf61728ba48df14ee12462a612f535dc8f7c41674,488744,0.488744
0x9985dfd73d7de10265e5df662f7d18bcadeea172,488451,0.488451
0xa0e38d8ed17eaefeb895ff947a0e3e2a7a7369e2,487887,0.487887
0x925dc4421c68990d2fe0f5f609549703f394847e,487867,0.487867
0xf561f3f03e5c7df278c72e6c6b766cf454209d83,487801,0.487801
0x7916e4687bb1081930abcadd6e91126538781692,487777,0.487777
0xef44f5127c61227367dbb5a440b941c0d82178eb,487390,0.487390
0xb6d4934fe622d1637aeceacd8df8ff5a06219467,487379,0.487379
0x3b4937eb1c2d2aa9272dfba1aea4451583ca4e03,487311,0.487311
0xa1c0534ee785a30455fcd45bbdee3a6b6227632d,487309,0.487309
0x96dd7d7111d4140769794f5c758b338fc471c1b5,487270,0.487270
0xe940abf4268429249845cc75f333b1b5695ea97e,487270,0.487270
0x9087b03c47dc0246d0c31192fdc6c44d503aa847,486930,0.486930
0x95ac857c542b8bb79b2f0ab951dc3f7a83514cd5,486676,0.486676
0x47ed47bc36bb0ca5bdbcb36e059ee7cf197e2128,486424,0.486424
0xbe0ab35466c8e22c57797f8a089af1bc38b506ba,486418,0.486418
0x4e7243c2681857f05891be7e91a6049402dd7406,485910,0.485910
0xfa03bb87570bb9d22516ac5a781fbce072123c93,485780,0.485780
0x166784a1e3f386780d7f388a637ef5382609ac84,485429,0.485429
0x865e22050dde82a340478074a525dc106aadf74d,484930,0.484930
0x70302b7ee10bad6ba48f2cb51d6e92361dd03978,484872,0.484872
0x4bae925edf15fff1d5122f5249c64788be55756d,484689,0.484689
0xcafd183d5c8626500dfa00908a8f54f2d152eea7,484553,0.484553
0x150f51ae07632d076e51aace2c27fab8fb4df1af,484530,0.484530
0x823a4b282f6c8c78fbf2c63860e777c395e5f213,484502,0.484502
0xf626e9a2fddbf55b0b1a87c56128a7ba6723a85a,484322,0.484322
0xad99b97de5c59913989819e9e28d24faaa4183e3,484112,0.484112
0x47d539615bdeff6ba953be650f5cc1b6904dc27c,483865,0.483865
0xf1d2f45110316688c197be1af3aa1ac4cc18cd9f,483641,0.483641
0x36fb626f7bbaa2e75d48eb7700e7935087ca9413,483640,0.483640
0x80c5a3c6f347eb2faa04b674078a255f25f79787,483376,0.483376
0x41a9107c56fae99844d651333ccd4ed9504bf9ea,483362,0.483362
0x99f89fd11c0c7ef32140eb30de08e0f52a237a7d,483298,0.483298
0x3e41a8fa0032d635f02201053f1a5aa2a6967c81,483130,0.483130
0x605a040e279b94c7a12e8eeff33685ba4b0da7ce,482590,0.482590
0x4e23dd15a83a0c23388512197af89ce43622cda9,482469,0.482469
0x36abe96d9c9d9a070ad768708219c1352ae43953,482301,0.482301
0x3eb8dc1bebf8f923ba8e9bd40a7e9855e2c0e205,482080,0.482080
0x05ea20cc8998f0a0f47793afb1537185676186d3,481435,0.481435
0xcdc8d4437f3ca6454919040b3c834978a3a4dbb1,481179,0.481179
0x21fb2828f322d1d16c80f6f0099430a94d19b055,481118,0.481118
0x3398c2d6eabee66cfbaa9b2243fdbb838dbc6e07,480902,0.480902
0x9b28fe460618b860e575f286fb742a936db99ba3,480477,0.480477
0x7492e7b9fc40fb91d883092e228ef3636cc172d6,480320,0.480320
0xb0604f56860a4968eeb4f0db88d67df219bac9e0,480032,0.480032
0xbf0b7a8d27890d9ec60c30bce19a8a8397ca99f0,479574,0.479574
0xfa3e163f5837002f5be08b4c5b081a7036e8fbad,479507,0.479507
0xe8fd0a507288824bd718eddf6d64b965ff0f03d1,479261,0.479261
0x8ba68b46e4267314c7146e0748482fac2d531439,479258,0.479258
0x31513693c9f538df1b84feb4f5bff2338e6c3645,478644,0.478644
0x588c0555cda547833b56f04edd2430ccd5162b2f,478644,0.478644
0x8a61e950cbe695557d218daadbd764ee8197e109,478644,0.478644
0x8c9869d75c72e4fdf5c029ddb6aab7890d5c8978,478644,0.478644
0xd22f19a856d7db0a353881dfa01be6ff4dadcae2,478644,0.478644
0x60f8265fa773faf8a4b15724ffb98127c3b6c2df,477267,0.477267
0xada556ccc02cc968579ff5294d52dc0ebf5ee328,477267,0.477267
0x5dbf450efcc0ed14d35839f76bc5653a64481e3c,477267,0.477267
0x8cc34e67c707ad31260a9df2be2444da7fa29665,477267,0.477267
0x508c09d9cdf5ca5e90e4f1936dc82e74a34a5ad2,477026,0.477026
0x88724cd658a8b29cbed896b45d304faf1579bba6,476730,0.476730
0x2f76e71ad2b342f9274db73b042746d244068c73,476516,0.476516
0x662db87d4e2c8d90e34d5ea650c486f7b53435b0,476457,0.476457
0x6fd357a91bdd6ef855e5ef0985f9b338bb6da532,476312,0.476312
0xf253c7d48ad9e821663b44dfe488b1d952e220e6,476285,0.476285
0x2c16f9840cab25da3f143214aa6a9d3fec4da767,475924,0.475924
0xb42dde84b2e90b53db9272822ff1c00ec4082745,475636,0.475636
0xf99d2f1b3304c4acd7e0c5cd177dc928cc84bb55,475572,0.475572
0xf17299904ea86913807959d1aea0ce6d04831917,475536,0.475536
0xcd21b66e843ed36690754954b070d1d95ed5a1b6,475427,0.475427
0x229438380bef7f4f892b128f9b004675d7ca9420,475134,0.475134
0x3996fc982d14fab1b9ff5441e30dea64b5c7ca86,474970,0.474970
0xe1c6b0fb4b8a0d4f9cfe7f434d38794d8475de90,474970,0.474970
0x7bdfdd8733a30cef153687cabcf1b3d3a489446b,473989,0.473989
0x57a3e2803c57cbb43b11d5562092b36cc29a03db,473989,0.473989
0xe1b834da851562f98757168654a8ce9256697a18,473989,0.473989
0x137f1bf644c3c6b8700ca88b44b482970fa96046,473784,0.473784
0x73bd8fd102b80ecab472481f78ea3c53e343f983,473568,0.473568
0xc6b79f750a5f6173a6d22bb04523f73f2585734b,473104,0.473104
0xcb7bc3a1ff8ee0d32118b50e05499845dede324d,473104,0.473104
0x67f5bb93427cae63d7085fa84fb0575e084b0a35,472995,0.472995
0xb24ad8e616dcfa3b54091744d7d68e748a3a12d9,472536,0.472536
0xf2ec9e187c3a2bcba8d9f6b04e9c795fe17bd137,472509,0.472509
0x67ec30f253269a877598449880027828f31c9311,471427,0.471427
0x7b730451d4bc9b6effa4cf9ddbea121f68c00d06,471401,0.471401
0x83f65ee5c30e24a3571220c7fc289a99c32b90df,471340,0.471340
0xed015220aaa92d04e4eac10551ca5ee3fa06591b,470808,0.470808
0x4773487661b7c16e38f0fd61c5bea1329b08fd4f,470310,0.470310
0x5a2e519ad027f1bf4e99b455da687466d295d6af,470265,0.470265
0x4c3cf2c272125361733f559c8468665331b41d45,470235,0.470235
0xc83e08964b900f7b9ab03f662b6ff317866835cf,470078,0.470078
0xc9336acd8637ded53e2d6636e829dceff3569ce1,470027,0.470027
0x3dcba64c3596aa254ad41502d8e15f9b54aa6e61,469909,0.469909
0xd9fd775b465430a81dcc9ddc13da1ef142fc3e3c,469372,0.469372
0x4282c4d9db34bfc0ea4efd72863ae0c41858d188,469335,0.469335
0x121d7ab7cba5d4075310eb506954426d1e1538df,469335,0.469335
0xf881c7088cd5f8263a94892fdae5aa51d5919106,469335,0.469335
0x8929981e2b06065df71054d30c3dd78907685f2f,468915,0.468915
0x21a441ae1af9fa43f9f98102a5926c92966af09f,468692,0.468692
0x00c5f5724be65977249690a76654e5fc274e906c,468449,0.468449
0x523c07a198aeb4cdd097efa9ac2426cd23be80b2,468404,0.468404
0xcc9d6733c76b52d6452a42ab8c498908109448db,468309,0.468309
0xb5ef0246152fa35c0af8435cee0145fe68709804,467380,0.467380
0x5323f881e194394efd19f7a1f833b6be275ca83b,467380,0.467380
0x2b5802957709d6cae73b2d5fa81232e3cf9094ad,467375,0.467375
0x969a5f2b684d44454adc16830f814b63396154e4,467328,0.467328
0x162ed262ee6b0e5d860395748b778827363148f4,466542,0.466542
0x0bc0638aa00f6cf3a45b4ccabc191ac7d2d0c785,466446,0.466446
0x9d2080ab7266a10c54aa5577153195b024821020,466337,0.466337
0x01034130a441941ab48c7ae8088b4dd463ffbb20,466123,0.466123
0x5adcca5f9a2b1776993df70add1bbe5c0ca973c8,466077,0.466077
0x4b9077aa0c7c4156a21390a228bf195b8de5aa17,466077,0.466077
0xa5d0d0880cba9cd78b9350243688d2e34c20f661,466077,0.466077
0x5c2d3eb94338ffbd736687f534be2962512e4f39,465964,0.465964
0x7d8ddcf20780dbe13ba2955e0f25de1925ab9a7f,465812,0.465812
0x7649a51388c6b2896eb025fd35752ae55c754572,465683,0.465683
0x84d8f1613c633d686dbbd965d074e4a5cc4f88ea,465666,0.465666
0x8feae436f605a4e1aeccb8e8cd8b72cbc4676bbe,465611,0.465611
0x20833f83836e14bfe6dfc26a620e32ede2447699,465576,0.465576
0x41cb215d8e1397b70495ef4ad897149e6c80d3f5,465471,0.465471
0x1f0afce5a56445e4658093778720e0099435bb8a,465471,0.465471
0xd0f5ccbbac3ad3ce260d039cf49d9a5dc295a509,465471,0.465471
0xd3d5f922774da3648d2b4265986cbe9b8f30dc6f,465471,0.465471
0xfd79c449196d1f5de11d34f865239a4894eca30c,465471,0.465471
0x50697e424ab723f17c519c81b29329870ffa1029,465471,0.465471
0xdb649cea6187a3e9434a2115d70edfc7f85fe5aa,465471,0.465471
0xfd110a4f33daa88bd95929624d0167d835f2cbcc,465471,0.465471
0x15de78763b7ee6b6dacd53af81e7c6e83736d2c7,465254,0.465254
0xf2fc9678e289bb1b46646caf6c51a3210e0934dd,464901,0.464901
0x3aa39669df49ec091f27b47a9eb4ef00939dcc5d,463879,0.463879
0x6d03524dabfeee640f0e2011ea79285d1b3db200,463057,0.463057
0x37ec6c34e88806e7c920518530690fc346fa8797,462739,0.462739
0x6616db6770839b898bee66be5bcd9c4e7bbb3504,462127,0.462127
0xbd2233c70bdd0cb0158506d10f578232f6a14f2a,461939,0.461939
0x9a3644f299b425834071c5e96ac3cdf7d7cf3ac8,461653,0.461653
0x385a72e28a999bc261fc4196287328121c475575,461606,0.461606
0x0b932d63d40256418822664595457b2ffedd7b45,461239,0.461239
0xbd98829104dfc5c1943cc668f55ecc3526116cee,460878,0.460878
0xafe9e675acfc99ff6b24e07e5f81c8be11d5d18b,460878,0.460878
0x45c2ec583c54daa0657e8402073a4548c799e433,460370,0.460370
0xa4ea375cbb4c4f26bc97ba060655c6e48aa99e5c,460340,0.460340
0x49e57b97a7ed3842bb9bb212530eb074ffc94062,460160,0.460160
0xe67b7a560da673776d80a8da5469fff06eb1683c,459510,0.459510
0x2589ece7a6e4d35a3b21c8d60036026dd06247c5,459392,0.459392
0x46eda9414ae17f90f36088d2c6ff0eef3e328a54,458749,0.458749
0x35efb316c632f6c36f8bcb9b14e4e4a2c7407bb5,458611,0.458611
0xde87a663ba9df909727ab9994ad81d1d1a8585b5,458154,0.458154
0x1625db8827486a522c21145b04e72770c76bc3e5,458079,0.458079
0x47fa6c72614e6ef9cc22ef44c219bec100a2502b,458046,0.458046
0x511c8e2126a86deed037cfb031751b2c099d67b3,457721,0.457721
0xaaada5efede1f50be1cb122281f4fce9c0c031fd,456459,0.456459
0xde92789ccaf1609aaf7fc121fa96e3aa6be3436c,454794,0.454794
0xdc753818161b573a3b0f3335f7a02508a2f689ca,454549,0.454549
0xb1b9faae084a180dad62d51f98913bba3cea9a85,453961,0.453961
0x41cc24b4e568715f33fe803a6c3419708205304d,453644,0.453644
0xec61851152488b3fbf55f965905f2370c4d885d9,453631,0.453631
0x08b4111b133411bca923f72c4507bb17da37ba6c,453587,0.453587
0x395e132076f526d7178db63520912a5ef5450110,453573,0.453573
0x22fc579c3845b7f4016fd3a0f5aaff31205db66c,453368,0.453368
0x6858a4d8d7d0297c138b403b6a34cb3b424b7f4a,453367,0.453367
0xe06df8ad4c63cc27454af2ce3a722621f680ce77,452806,0.452806
0x443dad04c5abda9280639deb646f6ae7023d0aea,452696,0.452696
0xefd868307859a5720434fe1fec0373e8caba0fbc,452638,0.452638
0x68575571e75d2cfa4222e0f8e7053f056eb91d6c,451955,0.451955
0xaad502270ff5d69a48818315625399bcd06afc63,451832,0.451832
0x9a4a600c01fcd351b88b104ad332274ec47e4ecc,451607,0.451607
0x05b20166b4f89f1364d7c56fe5eeabf9741869a4,451312,0.451312
0x047c4d7af709ae19d3bbbd5f9e10461d2554da00,451265,0.451265
0xb2875c67eda91331d47530bb38b992ac2ce7bd52,451211,0.451211
0xa41c8896726e118337e8ac0d69b0ea29be75fe6a,451044,0.451044
0x66ad9d3a29112da7926889a4fa7bab210640e8af,450952,0.450952
0x54f18b69698d9310e8c645d2b498715907a6ec6e,450767,0.450767
0x35cbec070bd01c025e74a331a5840cb92c135a47,450303,0.450303
0xc8a64bea3117df41a7c4850e54a4daca31cac16a,449870,0.449870
0x9f8334119cac7e67f22ed02942af7a9dc3f5e3f8,449171,0.449171
0xef6fbd4bb253c46117b61bcf754897f6d5f12ab3,448661,0.448661
0x6d4be6265ce24fd4e38c35747be5b8c1db519cda,448528,0.448528
0x3a5439bee78ba0bf802cb129f4f801f0e66121c3,448405,0.448405
0xb0abf7b22cf94fdab991b8f17398a405a94701b8,447809,0.447809
0x55da17390c2309d483a7547c9b09616d4c5abddd,446309,0.446309
0x03b757b4d6800ca24f3eb4c0a136961e99f4831d,446244,0.446244
0xb4550fdb12400ea5c85c52e971a3b68d66ccb883,446021,0.446021
0x0858b8075f27a0704fcba399d156ebb063ea1344,446014,0.446014
0x95fc553ea0445df05495399c90c22ac15d5bb6df,445854,0.445854
0xa64870045ddeab27e6a8058a0aff32d58362cbf9,445457,0.445457
0x5d0019902c11e03bf8abf42449490198b8f088b7,444238,0.444238
0x49e85648494fe05ff50b696a291cec9fd05401c1,443850,0.443850
0x56ad10ed3a9f9c208b81b69b7f39035ea13ee95e,443767,0.443767
0x50a4d1c85513959664d94d6b200ae264e2b8d2ab,442766,0.442766
0xfe1d147819adba8bf0e9de6fd217b9505f0d8e7c,442766,0.442766
0xfe1a4929a0c73c16bfae428f40701d1e84bfe851,442467,0.442467
0xbb1851370a1da99b843584feac09d25fef493bd2,441895,0.441895
0x89ade1ee6c3793dc459f0474a861b79ae7c7ff7e,441699,0.441699
0x205d74ddb0d0d0ff935c5067c3dfaa465327de01,441662,0.441662
0xa6c4878613d9f13ee5860161e8ff1f97e3af78fd,441658,0.441658
0xa9862e850e95d56e8302c3edbe1c801ce5ccbfc8,441637,0.441637
0x5d06c65961476fc3d5d812e14b9a8dbf995c06f6,441480,0.441480
0xc525ba3a6c765033645391a3f0c7346fcbb37386,441417,0.441417
0x5ba5396307b0195b1cee7924972dd1d209250c17,441374,0.441374
0x541d0cc391454d904d4393579492e4e5e40de4f9,441372,0.441372
0x6fbd20dabea37ab03e5dba976085286811a1a274,441339,0.441339
0xe9503b6fa28603322a8cbe22427d8a560c8d708b,441282,0.441282
0x742bcf7feca7114b5b956de3128550bfa1cfa4a2,440621,0.440621
0x40bd05da0645a378ea6c55e2d6dd789dbc809c89,440527,0.440527
0xf36bd2e873e04a420071d8b4304427df15adbbb5,440026,0.440026
0xb3f5973f03ae6e396feeba9df9fcfb88df72e12e,439722,0.439722
0xb2b164d83103f6cf62005c2c50928bfcd5eaa018,439346,0.439346
0x1d3c23550ec18eec1efdedcb55bd12438e6ca69f,439346,0.439346
0xa45ba5c58ad85d86d794bd4fb89bbc9ac482f22d,439113,0.439113
0x5de56ec92cc22d8547c52022734e49c98bc65492,439113,0.439113
0xe6eca34a14598ac4e60828053d97d0a703d1d5a2,438984,0.438984
0x35c10116bf2221bf3c1814cb6c69d819f79dd2d2,438775,0.438775
0x613710b6517eb8d1bda691eb11452e056f09cc7a,438708,0.438708
0x1e81abc800ec08572de0a27bb6c9ba69000003b1,438708,0.438708
0xc7e8d992806131f60d968f9fbdcf3c5c61ea956e,438708,0.438708
0x52382a391aa89e92e97142fdffa99383552e32a2,438708,0.438708
0xb7d672703e7987715912a0784be91b27d1098c89,438708,0.438708
0xe60def23ac58b5f086d8e56a26d6744e73413b9c,438708,0.438708
0xbe064906a68aa17b03c8a023c9825c20a5f634b7,438549,0.438549
0x468b81b5bdb233a8b077bb8c0e392935c69ec380,438506,0.438506
0xaec145008f140a600dc15d46b694a623e9e9173e,437548,0.437548
0x28e9472b13b386e2254d8354372a378fe85cde3a,437548,0.437548
0x1ffcc8f28e9d8d746c628e938cfb1bd73987463f,437548,0.437548
0xc095b2a49d3534372d3167393923a858a98b0195,437548,0.437548
0xb90f9fe58ab8c12c1432fb9328fcb5aadc92c706,437548,0.437548
0xd2ec9ca4227a901419f7991dcef515961bd80f1a,437548,0.437548
0xed90f7853aaf14978de4dd9c4b21a230836f35bb,437548,0.437548
0xfaa38cc15173398f31e27295234181c5bd6a5ad6,437548,0.437548
0x97e21b9aaae2e99e5bd6ff38bef593cbe6135b98,437505,0.437505
0x4e7b877f042773f49974a639e318b34c08429766,437390,0.437390
0x2ff976c27088bb1dc3dcb1d9d8ca6c27e664739d,437246,0.437246
0x2c4a35e74377b3618d5789873299a3f811228e8a,437232,0.437232
0x17bf77763c67e86724399431ee3e7920b31b0595,436499,0.436499
0xaa9b73def554205e0dc6d0f5e123eb4b1358d19e,436452,0.436452
0x5696089c3793c7cdf4cd8b3f7901c8ab0832de86,435963,0.435963
0x23ef8eafa7bc16e302b6590810e005377cda0a90,435767,0.435767
0xafd80ccb3abb6c30a3f8a6949e51bcf1f4918f19,435113,0.435113
0x61b7964f4b0ca3c5bc3338735573c64edc72048f,434766,0.434766
0x5e19e10c23127218695a8f67f889f97aa2dcc333,434766,0.434766
0x728b60ea697d113f2e5b382aed68f539ede796be,434766,0.434766
0xc89bd5d46d4ccda62207bedbb15b6b28641c4277,434766,0.434766
0x9a8b92de12d95a8d0dd84f829d6e21eca0ab9583,434766,0.434766
0xa0a1b15bbca3599a52fdf8675c0e498aba021d68,434766,0.434766
0xcc123862923120165e4a6f4e58abced4f40fae7d,433906,0.433906
0x44fccfdb4d509cddac3a1fa35c60bf1c7c23d71a,432814,0.432814
0xfb2a59ab6f86434c6a57d8b7133e73b17dc7be46,431323,0.431323
0xe54af90cc6ed54ea15058df1ea2142764d5b5675,430655,0.430655
0xf2f62549cf1263c8ae8bae768cc35958ac4d8c35,430281,0.430281
0x4e0c848728139fd97d63b34ee4d744dbe86669a5,430085,0.430085
0xcba681995c933f259e950f77da5ecbc14aa8ecb8,429654,0.429654
0x950124ea8cf6491a388caf56ee4b53eba558e401,429253,0.429253
0x688b37677c295d19880af0db9cf57071dafa57ec,428528,0.428528
0x7fb3e57da24cf884e34424709138d27a54b1fec3,428221,0.428221
0x2caa5da59ae7334c9c9932af1941d144d9014be5,428065,0.428065
0x46b2d96e889b230e6bc940a0de5fe6c5f60bbd26,427726,0.427726
0x71459317a3af54aa1bf110899e4cf50152e58290,427275,0.427275
0x2a695fcb803f336b869bebafdbeecb6448f096b7,427018,0.427018
0x6b7d79bd40aef55822459afd00ee9208e6a055d9,427016,0.427016
0x60377ec355857c2d06d1ce28555f624257344b0d,426996,0.426996
0x4be8d3143a5f06ee1861234574d129774df9ff39,426996,0.426996
0x52dddc081a221134aa0b2df1bdc2b9852d3dc35e,426872,0.426872
0x06d8f9bf42eb2a077d4f6822604cf50d5c17b9f7,426139,0.426139
0x723a1cf167a4ff0a797201a6443c9100e4b19507,425464,0.425464
0x4b9e6aa42426434d1aacd3a11f13fc44ef251116,425259,0.425259
0x1d85d483553577ffb2f0c3881e0c08f21b018968,424899,0.424899
0xe41c1c905341324fb575f59bc28d6eb6f0d4b264,424489,0.424489
0xc049a5708b053c14344ee77f31a9a50c6211c84c,424016,0.424016
0xbff79922fcbf93f9c30abb22322b271460c6bebb,423923,0.423923
0x64ed2d64912e45d004a64b0f9f3d759533c395e8,423722,0.423722
0x3e978737b944aa84cf289108c5c5d8c3b84c748a,423494,0.423494
0x734553464035a09d8a060575d8ba48ceefe276b3,423494,0.423494
0x477f4d267b1174df556a78a29c58a70d64c62140,423224,0.423224
0x683d75688d98c8e2368cd31ffe9235ed865a9f75,422868,0.422868
0xead71ff7bcce7c3dd572b3cd6fb7bc4c6359af5f,422788,0.422788
0xf4f32206f566a7dae5e3d507292adab43fcec073,422318,0.422318
0x8d0ba71c63d20758a976ea99ee9bade9cfca623d,421665,0.421665
0x9b883d001ca13bff279e2b8720c6534aa05752f1,421625,0.421625
0x4fba1425c65f42f8c3178d6c4738efa55de814d5,421614,0.421614
0xd5b02e5714ce15d11a7af5f4a410879857a737b8,421499,0.421499
0x9b812760032c488426245a9070e5f9d7ef176998,421369,0.421369
0x9973dd893f84c218064a5d46fff25e7816213e56,420918,0.420918
0xed39a2d3a17c0377160b8aeba665e227e5ee511e,420502,0.420502
0xf82e722b8770f364cac8cfd3740cbb7a2790fa4a,420437,0.420437
0x14b8ef1dcdbe3613a41d53a8cecbbab4c9617bd6,420170,0.420170
0x977e81059e0ebec92998504a7eca2f1f7bd06c52,419779,0.419779
0x88ddc1a7d0ec7c402bb7c8744a8aa5935eb0e1ea,419594,0.419594
0x1a06e2aba9b53042cc213d3ba881f5ab2466872e,419514,0.419514
0xa3c4298e47abc911fa9303b15e1af205b3cfc566,418972,0.418972
0x3246d4884f31886c3523e927cdc25df1f8873db0,416934,0.416934
0x2e2a92c63cf340e2fc355b9c9563070448ee173f,416765,0.416765
0xdea761e435356eb48388d48ad9c7f24ac84ca14d,416381,0.416381
0x087d82eec4a3d6362bfda20b7ad7083414da9649,416351,0.416351
0xe53c0a2f626aac3ab4328ca9b218e514be584e71,415691,0.415691
0x7794f61d50970d8a9714d073e2ac709d8ae5e1b1,415650,0.415650
0x962b9b8c8986e632031ea1dccd4d0ad9899cf7a2,415423,0.415423
0x6f030b74371167d3b71cf3214e749b0d1814c049,415189,0.415189
0x17af55b0e584a898d0e37b5e80f42a86ba412377,415189,0.415189
0xd3561f39299984e927152944b7d3b1d4005a90bf,415149,0.415149
0x881057ff08da8464d044bb839bd914daff95a4a5,414975,0.414975
0xfd75d1f6bfda1312919a293ea61d390bad35778e,414885,0.414885
0x11a4685ff5482e26859f886875fa23418d74879e,414556,0.414556
0xd97ccf2eeca2ee80f2d0b2ef0a33cdde9aac1a74,414332,0.414332
0xaf9599ded44e31ac393e67277b5b070895b695fc,413283,0.413283
0xd3286902b8045fe33a2caf72234c50500e079219,413169,0.413169
0x6851e5b78a8e1e5ddd3c5c70005ff7ddde355ff9,412863,0.412863
0x344c75f3a2aeb46dc8db68f14f09d5b8b24f8102,412715,0.412715
0xe17dedc50d5cb7ebdd3667519276196cc3c24cfe,412674,0.412674
0xf1c9979e6d2a52ac23a6cf131338208aba77eeb1,412254,0.412254
0x1c8ef285cfce6078f7ae7b7b85f67990a129cee2,411954,0.411954
0xae997270d779d9f1fcc55b4bc670310d3cd0f083,411903,0.411903
0x4d64152d23260f399af956c6a777740cfc263d1c,411641,0.411641
0x5687ed1194cdbc4e5f8c94e66ecda8c64d4a236f,411534,0.411534
0xa3440bc401692213ea0f2a80435a40d05eddc2fb,410571,0.410571
0xbd4938447159eaf41fc308ec43ac5822772d45de,409667,0.409667
0x2e30c7b6eb458ad4a6c99116db4985f1790e2a74,409461,0.409461
0x2c783e95e5d25d4363d0b3479cece67d93efc2b5,409413,0.409413
0xdaea71d873a8947a6ed9632cc7dcd279f2063b13,409201,0.409201
0x917b4ddda83865b07952e8707111a2a5e1521935,409176,0.409176
0xee74908fc528e2a5a3d2a68311a27f4fbafbcca2,408682,0.408682
0xb41e79239dfb0c413c99fcb11ce301a86acb84a7,408101,0.408101
0xd999ff9ab28a6ae8de9c724336e86e6c45eb004d,408101,0.408101
0x23ef1b307c8d746e4dde43bd298a352dba3aec5a,407810,0.407810
0xf7f4d7d00120cd137cef1560f31f50470bfe73f2,407680,0.407680
0x9dd9790372028087211e726c2992a9916b1cb8d8,407633,0.407633
0x39c68804479053acc2f410113ee7dfa0c85b16ba,407429,0.407429
0xc342e5a1e6bc549a97a692dac545858aebfcf730,407418,0.407418
0xbf29d5cb7da8c53b616a0a710d701ec63b3170ad,407218,0.407218
0x250e75bf70c62c4e3de05a1d77bc1541dca2720f,406554,0.406554
0xc50d1ee622b224db29c7075b1a4325e5b1c8ff93,406313,0.406313
0x47aa248b49425862b9788389ca2732055bba38f4,406024,0.406024
0x041ad7ba24557c44b8a8c863611b43450d5feb80,405265,0.405265
0x5c9dee9b9c4bc45d229f32aa458bc4c24b7d7ab3,405117,0.405117
0x0b01168b77425d8a4df02f794d2ced416ec6e7d4,404979,0.404979
0xcba07b23a5a2c4d7c9f6e02e1d3ffd87de5c82f9,404485,0.404485
0x429dbe77a6c0afa11840d34542dec0cd6b74b992,404361,0.404361
0x14b3c4fa568d912d18f4026f687c9b7896718505,404061,0.404061
0xf88fef44f8e7062d8738c4d582fc69495650cee3,404061,0.404061
0x03c0431a1b2268a7195c85017e975e5faa998374,403781,0.403781
0x80d45be2da6ba6e176c34dfa41c94c3de339cb11,403774,0.403774
0x3a7ed7efc38a41a31b514779dac77ec8603cea1e,403645,0.403645
0xceb5478582a21e11c71bb8f77b4659ca73a10102,403358,0.403358
0x825023a0fdc69c76b216ed2dc2e322d2ff55e364,402275,0.402275
0xaaf44f900f6f8431530ff591c110613d1bc8c876,402226,0.402226
0x2a3ba1146fdd0523abc899b2186860f37fae35f9,401922,0.401922
0x60c92305ce125b440ef97439f26396f2f3beff48,401869,0.401869
0x207e8d49b1f9418cefcebe58b3e9482fc1c6a827,401575,0.401575
0x7f237b6574a64ec34c836000a1db03c0eb4fecd1,401305,0.401305
0xd8121250747e00831e0f87cf71e654f40f0ca75f,401248,0.401248
0x22129e279e78b1dbea4507f50a253fcc6cc13f98,401072,0.401072
0x5a8e895efe46a5def8c95ddea4692f22293c678f,400994,0.400994
0xdacf074241d2791a5e5b603e6e15a328bf8e9cd7,400808,0.400808
0xa78bd15a15ff923090fe6dc01133f31440192537,400472,0.400472
0x635762560cf0f5625225eebd6358a297377f6509,400463,0.400463
0x634ca892bcad5e946a0b4133e650bae5084cf124,400375,0.400375
0xf4fdc4849cb509c7e3923e1605aac2d4c480b2b0,399652,0.399652
0xe9c208e0887b94b8c81cbd7f3e5e10cf862d5360,399329,0.399329
0x0282683286b312c05d2b1e9a91ac754312cefb25,399224,0.399224
0x3c0c7414a1f03e0639e83b4f72f86f465a719154,398602,0.398602
0xab1db122bcb594831334fb160466fabd615e9b98,397673,0.397673
0x2ef04186a3162828b944cab864906badf39058ad,397229,0.397229
0x73464d4dc4128d002180e56c6543c271be595608,396027,0.396027
0x6b8f3f2fe077a60aabb16b17e9581e7b4b9421e2,395940,0.395940
0x98772d2635d2068976c5603740a252a0a5bf13c4,395808,0.395808
0x4c84564096b0c31ed094099b4ef2842a72ebcac3,395756,0.395756
0x2840577040232e6b7e378e3ec9dcb7726be6ff4d,395639,0.395639
0x40e2bd045809dde84904e54bf86d1c6663894092,395420,0.395420
0xf3ee2371850e668fa743ddbfb22a04a9f58d4b44,394849,0.394849
0x9c9f68d83eb31ea8b5964d85e9be2fb6c35a5922,394309,0.394309
0x787c5a79225a6a1d43577fdbedc9a7ba59523f14,393999,0.393999
0xa169cf37af5acabbf3a7957eb8d0c356bbc63e8f,393482,0.393482
0x0d589b6a96d2b312521903390ed6145439a7d3b5,392813,0.392813
0xc527ad5ca21bad41c7dfd61a77ce254a4b05f125,392756,0.392756
0x395a10ce16c7ec8bb3d8113ec190c0ed5715f62f,392707,0.392707
0x56ec008e08b7dc711b3e37b57c29259188fefbb4,392121,0.392121
0xac3876e341dcb902be17aa75742c1bd40c48b3c7,392022,0.392022
0x3472c72d476c24b2545d93a78d7501352fe09b91,391136,0.391136
0x472f66f7d2108178d39e7525c69ae332de9c018d,391046,0.391046
0xa72782657dd132ceec83344488c5a25e2fb2a083,388828,0.388828
0xabada147a0d670e2262df1cf11b9d987f421e575,388177,0.388177
0x26610e89a8b825f23e89e58879ce97d791ad4438,387331,0.387331
0x83fc7a3a8d7de6c62050f9bd5a09375bf8defe5e,386371,0.386371
0x7421a15d61513d7c48d3f14404cf05a97e09af9c,385749,0.385749
0xcaf6678b39a4369a06a928b155ca5472ba80ab7b,384601,0.384601
0xd6d8d5a1bf16b0c6e1e82e8ffae5da3cc5f84e82,384556,0.384556
0x633efc0b3ff672ed2482d798690fbc57cf71e53b,384421,0.384421
0x1967ba1bbd5f37df76d2758ab7edfd281967063b,383785,0.383785
0x32846f5ea3d4aa2b88c06776391e9dd3818fd9c8,383648,0.383648
0x01d61a1afbf4c16b3536eaaa089c5df232385140,383336,0.383336
0x4841a603809d20ffc5f8f9bbfcc564d1169b6d56,383245,0.383245
0xdb39103e6a1eb17d8ff5ce79c36861163aaccf79,383000,0.383000
0x40cc2f40571a73926e0836b7232188509d43e8cf,382732,0.382732
0xe5b20bb83e4a78e4124a861b679bd19e9b5b7d59,382431,0.382431
0x4a5eb7f48d75c411a51c6e8f92a4b7142a41c41a,382166,0.382166
0x797fa7201ab9fac25729a8de2d6b7f97cf9053a5,382050,0.382050
0xaa83d71bb7dac72ab0abdb306f5e7de4bbff9f15,381994,0.381994
0x063e708fc92798ee184914785855d433ef46b27d,380997,0.380997
0x41d369c79b4720cc0f1bb3ac02607ae2476a55f4,380977,0.380977
0x34a261393a8337cc42135e1fe6a7683f94cdc619,380877,0.380877
0x2120c9a63f1d1d09b73eac514fcea779ed1e5d39,380877,0.380877
0x794b6d68187e3b93042ca94f3378671646f4e0b1,380589,0.380589
0xe5104af85f0146d2c5db72227b0d00dbbf9f8175,380535,0.380535
0x86e4c947e33c7910f2c127ffd1d9576cca32bb9d,380409,0.380409
0x716a280f0afde5f0e1bdc34f59711643c8720623,380074,0.380074
0x4e0ece5c34a616d591475a075fc4666720e82cc5,380014,0.380014
0xb0e03493f7b326918ad2d0a0beffc9e88ef889ad,379767,0.379767
0x56c4d4bc3adf17221d0fbcf332781b0d13477d4f,379683,0.379683
0x6162daaa2f2786c5e30fe7464faa4a9c5038ab99,379532,0.379532
0x7184ca841324a5a86a959df0c3c69502609ff2fe,379217,0.379217
0x5384b3f2b01dde21a1cc6f9c6a610e5da1ad71bc,379092,0.379092
0x6d5d16cce65631c6afc8b0e0ff3cefc2ed34366d,378916,0.378916
0xf902a1c5815b57e7888dc93842dbff8f3d5523f6,378813,0.378813
0xbc4cf0a3a38328bf1c3b65befa8c5665d620a0f4,378353,0.378353
0x715a46ac4ad9dfeabaef7fd93abcd3ce58a9624c,378308,0.378308
0x6899bf38fa3c7d751b0e2c9cee25d1e2390da6c9,378168,0.378168
0xfc414daf238a3cbea641f9eed8959ca6adaee3fd,377834,0.377834
0xfbd265933051299ad4a724220120a0b9abef05ce,376916,0.376916
0xd70a9dcd0753dd7ad9cc49d434b91659a6165512,376535,0.376535
0x511f54104fa9df8502bff2a0e67fd9bb395ccea2,376152,0.376152
0xb0ef8d9d27fe632a7869985a68e355acba147e96,375727,0.375727
0x571b90ff189c2b9b5fd01baa88bed41073f388a6,375727,0.375727
0x59da03e05a9baa78c2978b3b1374d849e2be3cab,375552,0.375552
0x63abab25f2f0b0519445766a5ac5c5e63d832808,375498,0.375498
0x9749306f0d1489244a3c6e2dde454ea5a3ef9cc1,375343,0.375343
0x0fa818238fee8810b413cb8655011041060eafaa,375173,0.375173
0x325649b493a12f1ecb668fa38716866693b5df0c,375001,0.375001
0x6529b9e02072d3383c9953c48800a61f935479ac,374872,0.374872
0xb49e00fabfc03a2e2705d4d4bf1f7ae833790260,373729,0.373729
0x25132bb3a3276d1cb05f975e790f86b5122b34e4,373729,0.373729
0xcbb7502174652e0f282e24fc1fa9d33b994dc15c,373723,0.373723
0x30eb167fd79f56ca212338e817f60a324ad69ce9,373492,0.373492
0x0d82fc6b3c98562678e6467e3c0e4966c55c9906,373355,0.373355
0x8761fbd358fe4756b43db085bc7a38e60861b7da,373355,0.373355
0x77378442253added2455e98fc89b6a2aab4974d4,373355,0.373355
0xba8c96eba98fb8357106e74b78d7473c2d1452ce,373355,0.373355
0x8b166e995715df6e439973df582e455c32f8186a,373355,0.373355
0xdd5ad9002f5a2bd32a6f941e2e308d08c257735c,373355,0.373355
0xedccdaf7bd5afc585911700772e1155a3191d9d4,373355,0.373355
0x2aea82348704b7f0d5c1a9d0eed9c27f2733d8ff,373350,0.373350
0x57ba14893087b5e7e241ddc4a959dbe991e167ec,373203,0.373203
0x22de68dc807b870592a584bd176c2bfaa97c3551,372962,0.372962
0x7f3f8f0d3f418d96881fcebef106003a12a17a74,372532,0.372532
0x6b254f8a91e255a4fb916501f896e15522799d82,372490,0.372490
0xc8a073b1424a4317c6ae3d17f7a1d1b3621d4eef,372315,0.372315
0x32e9867fb82e77e315ca3d6c94fb4b52be0aafad,372272,0.372272
0x49d74683142241900ef02ed5f27fab29c4d7ff2b,371781,0.371781
0x56dd5f3b6aea17bc76ce114f54ec38f2d7a2e9d2,371250,0.371250
0x4175f951428a3c0f7fed2dc3704abc027102311d,371152,0.371152
0x92f14b7692dcf2bb4563400ddc689f81c679eb82,370821,0.370821
0x1636f5e8c2136c138a989782f223e940233e47ee,370124,0.370124
0xbd83ed0980556c2781eb6b70855c52c71ab216ac,368801,0.368801
0xc4da74de39dfa51634bf6282761284b0fe4f88b2,368139,0.368139
0x04f6f2c0ad12b28ace0d0b7103b6f61adaef7949,367618,0.367618
0x7e65039fde077da56a46a2a5e1d4ec287024b9da,367388,0.367388
0xc7237d241bad0ccded45320511195fcc2a6c14aa,367321,0.367321
0x82b38b1ec66a362579cc577f982da828af22589e,366970,0.366970
0x05bd4f41132377f884c36c3b5931a653d94a55c7,366092,0.366092
0x154e71516715b333c0f6b5aecfc2ab173f58348c,365784,0.365784
0x51fa139e48d8f85c7da65a511f69110bb85f8e9a,365604,0.365604
0x8cbbfbbb25b6a6c740fb72d5d6ca28017e504420,365590,0.365590
0xc2a6c9d00f467d4c757580465d83fd53380dcffe,365590,0.365590
0x6254fb74456acec4efd5a84970e4d4be07922b50,365590,0.365590
0xdbeed20b9c22851839b521016f515676fddb6b37,365590,0.365590
0x3839e011c40bca0f9f0bc3300112be649a79677b,365566,0.365566
0x462898ad742c7d5a02ded65eb78964e035f6e448,365009,0.365009
0xe6b65fc63e0b664b2b72c4671fb6f2d28d33f80a,364846,0.364846
0xc16bcf27a4cc6dffabe41d2de1de3fe8c2f80a2d,364482,0.364482
0x583726f7ea6892a074ffea056d886a6e163560dc,364039,0.364039
0x67114bc52a74285af34d2ba374fd954c82a00916,363777,0.363777
0xa1a3130a8d8e7610aad1e162f667ea31cffdf589,363302,0.363302
0x73a7a53ebddf43cbf77f738ede0e8d9ee50df023,363011,0.363011
0xf0fb6719410efbda3b1c4cfaca2b840516302fa1,362665,0.362665
0x8957abf2c92b4e62626a97581b6251c2c1ce97d8,362520,0.362520
0x95ff003ce11608dab851bf3d021c7c304689e7f2,362511,0.362511
0x56e739b693eb5597052e6788005efe249c49b970,362441,0.362441
0xc8ee648d76104b45ae13df4d6e2358af5684ecf7,361811,0.361811
0x3ab7c5d36167f8d2cfc9de972c9f898c4a400724,361618,0.361618
0x168e86eb1d72566ee0f77be308283ec4e9b60a14,361469,0.361469
0xdd3c7f09df5e2c25a92de979187784db472cce82,361469,0.361469
0xfd3310b583421e9775c56b1873712ab87b196648,361299,0.361299
0xeda8aed9a594055b52b86007d6bb004cdf0f9011,360449,0.360449
0x7e3a6c4e0127ae7e956c868bb52a6a0ea3d1884a,359365,0.359365
0x4c74610c913d7607e3dddb284c5dac7848b2e7e4,359038,0.359038
0xb042b364b2ac165a261e20a8957d05fc2e31c585,358506,0.358506
0xb3018ff590f08bba1e890103c92f64f6e4c2a380,357981,0.357981
0x1802714b2ab363b477699d14c910b5a5615824f3,357916,0.357916
0x72a030a0e2ca96beaa92a669f0938de8faea38de,357634,0.357634
0x8f70dca642da872b2f69aa8f899d51a8156318bf,357067,0.357067
0xde43c2243b464ae5c3fa5da057e5c78c87ab6299,356449,0.356449
0xeb2315bca95bbac9dad8eda2dc64a7fbaa4b5475,355867,0.355867
0x301ffb3c4ea9525aa83b6db62966ddd4ac60eb7f,355668,0.355668
0x290f8841c766224d6b8b9ef975f9c0b12f55e0a1,355025,0.355025
0x582dcf65997458232d5de476398f8bcbc7922637,354976,0.354976
0xc3e50792d2ceeea824b93c48d25774cc5029ce5d,354950,0.354950
0xcdb8529434ebc940c83a5c3cfa829b73ee29d2bb,354644,0.354644
0xe1301df6405fbd09b9cc94b72b6cf53df0ce9650,354616,0.354616
0x238600de367fa6a0953c9865259b1f5e62f1430f,354223,0.354223
0x9884e31530e7223cad605bc99a567a09dbe9677a,353961,0.353961
0xc060bc9cb27ebcde1773f0d0fda444b509038b05,353798,0.353798
0x3574af49fb578fff0ec18280c31ef21de851dc51,353570,0.353570
0xb824a552857e7ca6d36ef0fb6fca36c607c8639c,353313,0.353313
0x82a3d828ece368222db8b71e1d1e1ad9e5688ce2,353202,0.353202
0x341ddf2922bd6dee4ad49a32ae523b2ba0b489c6,353141,0.353141
0x78e7c28eda5f73573807b3fb46b68d4be8e1eecd,352160,0.352160
0x683b35da8d5d5039c44aaeaee989fdef23aa7654,351703,0.351703
0x2d3c69eb2ea1abed3ea4ff754e8b5f949c463fda,351683,0.351683
0xe02d206cb68092ba1c6a98befce600cd58bbf768,351667,0.351667
0x7e7759c5efe77c8dbc9614f221684c4840aeed80,351566,0.351566
0xbf77b8a74db0844032cffb3eeb487fc500765c4e,351477,0.351477
0x7470c420122cb0917bc6273d2e4dc0cf565adb2e,351233,0.351233
0x4b97e78a114187311b2a7fd64651ebf13f963688,351225,0.351225
0x8cfa8dd7bd8a1316f145c52d842c09eac212f642,351225,0.351225
0x45f24c4349f72fa920770b2093157a41812ae4e6,351221,0.351221
0x6c1ca8ed668d1c25abcbdfd7a338d014d7840a51,350791,0.350791
0x6841f5ccd3ce5665d06ca69d3bacf74674fafaad,350014,0.350014
0xe80fd4788f0636efae4a06c882a80adf78428a1d,349792,0.349792
0x076d0c0670e81bd59ef2b9a955eb5bf9ba1ed3ba,349489,0.349489
0x1f2fff62dd729ac0ac15e17f4992cc6a4c6a79e5,348903,0.348903
0xada29f411823a2a98314404f0e227bc901ce1abc,348650,0.348650
0x64889781d04e1a3fe8b1fba6873172cea00a0e56,348074,0.348074
0xc6db40668f1d4b3959fa2bfb22e16559d2aa2e5e,347811,0.347811
0x1373e62937b50835b637400dec8b4f10a8103e50,347811,0.347811
0x999cd25918992c7948774c60ec6ff265e4182d02,347811,0.347811
0xe262d54679746af1526f44a5f5c406f8e3f43bf3,347811,0.347811
0x2fa201b7a3878d8778894e7458eb5ce50a80795f,347689,0.347689
0x493551c4417ad31d0711e78dd2ba3aec45d735dc,347132,0.347132
0x89e99d982f6bdc0f5529e753ad1c70c81df324ad,346993,0.346993
0x6a19f82983bcebfecb03c1a9ddc7e11be880d243,346479,0.346479
0xcb699803672fe2466099d0b6aeb768f61790608d,346148,0.346148
0xc2b6f76a9a0684dec8db555b468ef536755e546b,346112,0.346112
0x537cd8e1042c71f00f7b0abb8c1645deb707cadf,346078,0.346078
0xd97a709052fb2423f40bb2a9b4802bf965ff7842,345805,0.345805
0x43036cfb6ec66271598fe4015fabd25d4f14a10e,344978,0.344978
0xa65fe8be89b2284e4cd3db8757cd8cfa712567ce,344863,0.344863
0x18dbf54620e3a7728b7b6746e39238135dba685d,344641,0.344641
0x8b3a60d7fe674365c7de12e0b83cabd74d9e503d,344510,0.344510
0x2a15d5f624659284dcad57b3aa47a0360957e369,344403,0.344403
0x83fd905c77a64e490eef909b561545fd1cad8593,344403,0.344403
0xb05df3969e409c666b35fcdcc5fb2b8d599c3e44,344363,0.344363
0xccd1221e07887ed9676a426e820af8fd90be34bb,344125,0.344125
0x27fcf165f0e84c776c49d0f7d455cab9aa90a69c,343660,0.343660
0xe34b87b5ca3a93bff6a2e290f54a808b8ced7ac8,343159,0.343159
0x14fd8a82e51c31ae7d19e21ae03ce7200fbe3a81,342786,0.342786
0x333fb881c8cb869ff5b588c36206fae77414c5ed,342651,0.342651
0x1612df0abd20dbebdf514b8a3d13cceb80d7adb3,342651,0.342651
0x327ec47a7da31dddba2192e7e64a7ee1be22562a,342651,0.342651
0xfea956b046470e87b4fb11a6d7d61a653d36963e,342651,0.342651
0xdf3d6c561b85ac53a106778071cbb35f5a94e866,342651,0.342651
0xe2a72e7cba634b7febc117bac6b7f43a26fffabf,342269,0.342269
0x9ae452e5bd703f0fe1afc79776137b38024d4f2e,342013,0.342013
0xa0800a288d3d589f4c62b70543bf8275084990e5,341228,0.341228
0xfd46dc6bc47f8720c65adc00828a817f67dd60eb,341123,0.341123
0x43d1929ceed5978c6b6c4de8594604412313ac02,340615,0.340615
0xea75547b199021e945f4881b30cac2fe502595ef,340402,0.340402
0x6f655d8376d85d528d0abf7fb6fd4ea7075c9a6d,340207,0.340207
0xf98fd1921ada157eaf033c0e317364addf1a57a2,339733,0.339733
0x574ab370ff9b0c21dfe497ab0b3438dab4a33419,339708,0.339708
0x8a8e367728471445ffd5d5bc14b248962e47c88b,338705,0.338705
0xb77e497c8e86c6025e369a5a27042bf980b45c64,338601,0.338601
0x8d798a6c1f6b188ce8eddd17194c10cace4925ae,338360,0.338360
0x70f31b619f9188c07ed5cfab7eb83bddf907d51f,337876,0.337876
0x06e99a8d753c3c49116eb4029805461e7275d2c4,337376,0.337376
0xa1acaddd259649d470b42c95738e5e89c8d8a233,335993,0.335993
0xecc424f835fbe864577c3f0b4bf4886614859b31,335499,0.335499
0xfe0ea308a21dd763b844d7c0fac444ba8d5f8b7a,335162,0.335162
0x7a1cfc15c35617bb11034a6c9fd19239579183d5,334756,0.334756
0xd44a38b7e4b67346f583d13f611b04feef15937c,334376,0.334376
0x020b7ecc020709d7bef2d95e6c221a27db99678e,334238,0.334238
0x580e658326c6eb02e93494b2516c1908049ffcfe,333856,0.333856
0x2b32074868afef5446cdfda9560d2f696df0adaf,333165,0.333165
0xa3246b8d864c0d2fd8ce8390e1f60045be1d29c2,332549,0.332549
0x8a8b53908907ce81dc3ca12aa6f228c1b18f3058,332499,0.332499
0xe9f926607587f7c30e5b6e0d4df787d543312c95,332499,0.332499
0x6aade9a26ffa38040973965169d094ea4e17e608,332094,0.332094
0x61ced7f82b666506c931e1bd291f01c2b67f6416,331930,0.331930
0x689afbae02a62d10e9a20a6f76b08d94eb7361f0,331876,0.331876
0x0b98d5c9893b55cb178ec9697df3ba8dd2cedae1,331458,0.331458
0xdca95dd6e8af4b7144a73a7c33f8d2a89a07daa6,331329,0.331329
0x1ac5b07323b68cbfc1e90a66b3728f35ea9b6d9b,331182,0.331182
0x84912977b668e357198cae78ba108b99cff0489a,330797,0.330797
0x0ea6eaf7138c83897a7b770f2252f8c081f7f969,330689,0.330689
0x039d9a50b2d6cf8e79c492583ee224d702b56ab8,330478,0.330478
0x2ecd8de2c2ba2b2319952bdf5240aac505da410c,330421,0.330421
0xec07abf9d3be92d32606c4284b4a4fd5b58cba58,330188,0.330188
0x0f617402b5954a8118ce951fbbddaf1a4ac16310,330147,0.330147
0x4236daa27a262fe6baf9bb43ade5e41f8f7498f9,329826,0.329826
0xc6e03bd3b1e15c1007f3e859ccffe0e3f6d28672,329724,0.329724
0x4fe6a3cff7435e613008c1a457ae61e044d672a5,329503,0.329503
0x79758adf4bedea4bd2dde46b58ae385e05b3e379,329148,0.329148
0xfa1f2a440328ae3237d1e0843e22b1735d9bb2a8,328767,0.328767
0x05916a13d15ec698ec86c1b2961bed296b3ba8ce,328684,0.328684
0x4d97b5f05f51481ddeb0c52182fb0f254b2b2da8,328495,0.328495
0x46a82e5b39e3457807cc089478abc86d5a62ebe3,328072,0.328072
0x86ff945e6dc2470317ca082a01de7d24188671ac,327448,0.327448
0x59cb7c7dff820cc092ca4a89d3916015b4f6e2aa,327412,0.327412
0x7663697900dd93a6d4722bc150d8e3a03c7b4866,327239,0.327239
0x35393c991278fdc6ac028c388eb40025d7216a52,326887,0.326887
0x827f9b47012a2a9eb0046dece208572b8017e73b,326882,0.326882
0x8ac1da0df0429197eb665d201e83665b0b83e969,326728,0.326728
0xb3564caa44abc989fcd997e88f856976d21d68a0,326708,0.326708
0xa70d132014545d9faf899f2bf5a051199da5a7e5,326265,0.326265
0x62eec9d41c2b2f175db9c65ba45776d530c47450,326073,0.326073
0xbee2b7dfa8aabf9ebfb7a9bc3e78a5a477b613f7,325827,0.325827
0x2369602aa298203d511cca3285063c238a028430,325429,0.325429
0x49936e3f4c691f9e59fdafa92f905e0e02a59fba,325165,0.325165
0x1f04c014a0dccb1f5d44a84be6984f581e92f7f9,324388,0.324388
0x0207f0418063340565300a41f92c06fc3dc97530,324290,0.324290
0x16b004236824c2b54464bef373a5b251b0ffb6b4,323847,0.323847
0x67a8dafdef6eb8d7cc020dab8eee476261f42eb6,323832,0.323832
0xf3c1d58a7ab71485559bdfca02826e25ae2c2a73,322927,0.322927
0x3347b0c0ed8c552dfad9574df82d4fb50f442dd3,322801,0.322801
0x6c5723d4213fdc467c2ced33a7b997c85fdd84d0,322139,0.322139
0x4bfcca9ce8aa54453af7c9b1c883c6c98327488e,321992,0.321992
0xe458437397db05280b65a320165efaea645512c9,321986,0.321986
0x22a39a2adc17265539db47c2042d328fdfd6a590,321976,0.321976
0x165a92844153b9fbafd7918c753c37af965e0c9e,321694,0.321694
0xd7e0c6e48f7883e7dd378af780efe20651a1e252,321606,0.321606
0x033e556b2b4d0a9444dd1e6e417442a6e907aa0a,321591,0.321591
0x58bfb87917f2173521486a9607c364aa3d346157,321427,0.321427
0xc6b49d25a92ff22520ad6379f7d4e6427ace33fb,320972,0.320972
0xa4ad5765f70cb2349bf674271c0fbeb9f4375717,320575,0.320575
0x79277c4db43309ee7b71e0fe83c438d7e28d36d1,320552,0.320552
0x0fe206c61a75c390741cd8966ebba34715794afc,320171,0.320171
0x684892ad9468614ad50b226718e06717e27abc9f,320022,0.320022
0x4fa0379f4e4933907ac6942f07165062fd4d64e4,319812,0.319812
0x16e4dcfb2af98c99351ee78d008e9c8f75b10906,319503,0.319503
0x8e77f2268195865ce4217a53834c7c1ec6a99a7b,319083,0.319083
0x4ba9e3d69f573c1c79c7d66e8a0d096583b52454,318944,0.318944
0x648afe1aaa10b20b093adca43eaa37d1463c8508,318944,0.318944
0xb1976a95bc984488c644486ffebdc92c371c9e08,318456,0.318456
0x18f2fff715f303c6a5015e1c8f53be259e7c0848,317189,0.317189
0x6127cb39ac8e6066c469ace0edcc3506feaabf94,317090,0.317090
0xa6f76c6bb9eaa25b382a0981cde624c8c82d4e35,317062,0.317062
0xe5698ef522c366f9eee0b44f7b69ebbbc19160c8,316726,0.316726
0x549c9b2b2d97446c4ab483d6d75a0157b24f9137,316646,0.316646
0x6ca8d97c0e400d32635c1c2e39ec63c2f7f69449,316646,0.316646
0x6af24fb8fc0c80e251b3f955b0ee585eea11c3b0,316646,0.316646
0x05ec42a743fe566c1b2c07e75c858dc1c8a0233c,316646,0.316646
0xe7f5d68482a88f530b6896cacc5a829c5489bc60,316646,0.316646
0xfed42fc718c9deebee0d5058aba6efd59a8dd613,316646,0.316646
0xe3594cafe509f7df46add2f98bc3d79576f0e2a0,316646,0.316646
0x2af5bf8f30929b49a66acf5c4eae17cfd488f191,316591,0.316591
0x020f63d812196dafa49c0d79a16e4ef43df86209,316239,0.316239
0xeb450392ebd60cd05aa2753d5dcbc610450ade31,316048,0.316048
0x764840aa09c335cd8bcd1e63a8809d417dc22620,315949,0.315949
0xdf5acc41b1c0d43bd702c75887e8c043faf8a084,315881,0.315881
0xb8b31cbcee619583045c0b80f76f9610d7d67f6b,315327,0.315327
0xe4f44bc4520d3161bef03f62967bc361082b3ae0,315327,0.315327
0x1e2009e0e19527c6e06e7f793877dc069eaefcaf,315018,0.315018
0x456fea614fc2af70be166a4545b9db76f9cfa667,314986,0.314986
0x4b71defc95e00cb5ef9892eed91bf3209eba8ca1,314845,0.314845
0x93ca303df6a759bf13270a44a40c673e7f756a3c,314639,0.314639
0x0e3f316be5163439a970fdabbca72988049ac0b3,314595,0.314595
0x4f598d0f247664d9cd1a2cdfe5dc45dcbb489d35,313645,0.313645
0xc6bc2bf053195ea51c87aee44527b757ca011437,313384,0.313384
0xd0831ceee63713afe045aa704aa41d6767e10a5b,312821,0.312821
0xd568029eda3ed1a49652e3dec65e1f889400b525,312703,0.312703
0x1f66a5f0bd74d1dd181540783ce9d367ad6b6f30,312672,0.312672
0x4ae1b011fbcaae4061fe9f9b6f23747368b96c5d,312650,0.312650
0x4211c7ff69996ec666e3ab1a229976ee66c95279,312636,0.312636
0xff2cc28e4ae25b9d32105b7d17d1171a3dbdd767,312438,0.312438
0x04e4bf9ab8274f42c6503b9e6d7f991cd0d300a1,312199,0.312199
0xd31b490c19748aeb4f81bda8b08bc27ab426d711,311984,0.311984
0xd9c50ea567417a332303769a53178da19f80e75d,311702,0.311702
0x22d9842881e66e3a90285d64d85067fbb1bc45b9,311701,0.311701
0xc4b356211deb9bc547e7a02e0e9bf4e7d1090829,311545,0.311545
0xf79aa684927b27175477b2d9439a9e4f819e4877,311504,0.311504
0xbb26e09a7611d095ed58d33338fa26b1c69fc4fc,311388,0.311388
0x7decf10680b558f76a533b94f796eb8908e90101,311316,0.311316
0x24d6b089010143f64b7a9135328abf500f0a15c1,311232,0.311232
0x698f221211107877decabb8176cf11b089058330,311076,0.311076
0x50a575cdd438be540af1c42bcd18f5edf69609f7,310919,0.310919
0xc86a39e67d1d64071d443721083839bb16c5273f,310511,0.310511
0x138343edc11d3e14b6c7d6275816cfd2de2fa770,310501,0.310501
0x744808b56e9b470ce901abaa9a6261e92928ce82,310308,0.310308
0xc42ff2a724efec3e3a49c6e62643af1f5596113b,310223,0.310223
0x8a153839b89760f992794b95b39108731bbebd1e,309944,0.309944
0x9b266aa7e5ea5c090fddaa360f1b10cd93bcc3d0,309790,0.309790
0xe6adc254f1d3f3d182c98edb787e6dad96224f7c,309512,0.309512
0xb913da2a5883187bf592084bac600533f9bdd46e,309403,0.309403
0x94c99ba7a0dcba1c4a1f529ef18b6cb0d918e72c,308681,0.308681
0xd1eded660699ff14a1483764e70133043b9c5965,308461,0.308461
0xb09a571b68a3d1248f86de08e108e02221b991a4,308385,0.308385
0x61a72a369a631a8c66f1d481d250bcb034f7446d,308312,0.308312
0x9473710b9b10c929ccc559e0631d79b7cc353987,308077,0.308077
0x615cafc5cc8cf9a86cc91bedbaca6acebe228bfe,307598,0.307598
0xb76c0b88f4f40d9f52cd10a727726a92b20a8ee3,307311,0.307311
0x72d7f042001debea0801083b33f7c1538cd5e06c,307292,0.307292
0xe505d954558ea0e1518f9d4a579ea4faaf8a855f,307095,0.307095
0xca64ad01740e68ed74ae24f1d592e9867fe5db2a,306988,0.306988
0x3661af2da56626f9cf04a1d0dabfe54fa69da06a,306968,0.306968
0x13e8b73a7a1eea54411758cdcb8779370b9c4baa,306795,0.306795
0x3da967035e4772f78bcced47ed6cc5705eecff61,306680,0.306680
0x10bbb2a8917a529028b10cf250af467d54c0d3df,306678,0.306678
0xe0cf8a9c31cd6c9837f6cb20634e617c134d7a4e,306297,0.306297
0x1351e22ec082a31b573eb7e1deeb1e9308628f57,306111,0.306111
0x7f0fc013f949475e74c32ba97ed32192df8a01f8,305830,0.305830
0xf93edb69f0f0587bdc0241c26c969834952b1d82,305780,0.305780
0x128c2f0742585caca7f1f91acbe6038334cdafdc,305148,0.305148
0xcb81439b94018473126371a6a9eb0668296afd95,304815,0.304815
0x8f130dc7c0a6572ed17477fe2d0f1233b16cafb5,304797,0.304797
0x76c62f5b83d2e5554f40000af61ed10f8f0a22b9,304484,0.304484
0x3cf35b11dc2b7492d29c74a6b4fcbbb40e3657a5,304473,0.304473
0x8bfbc478f107af74c1aabc59e50595676aa25d01,304186,0.304186
0x4d9417cab70e26fda56a92d7838aaf33056c6e1f,304148,0.304148
0x52018340b1cb0a8bf73e85e59b79e18b655a80a3,303932,0.303932
0x9deadcb7caaf5c07b6b571d96c72de6c87a72bcc,303693,0.303693
0x7dedda2706e6565a517be3c76b0918f9e01fa412,303512,0.303512
0xdc02ab557424bc241f65ce8156a68c9bd8705a81,303101,0.303101
0xf0c70a7b59ed3629c93cce7b746ccb0d7ad0138b,303024,0.303024
0x518bb0546c2e6273794198c944cf08dfee0617ca,302653,0.302653
0xe73a78f65ca3da5d4849f8d753204ccf3ca048a4,302559,0.302559
0x35d422482de0a30dca4741476efd850a12a2a9f8,302343,0.302343
0x62995786342130243f01eedf91d29c394cee3060,301546,0.301546
0x4d897badb15a192dbab006e06d3e80b884a4baa2,301287,0.301287
0x3384c452b698b8e9ce2d21a35abc40f510992398,301165,0.301165
0xc48b62610c79a2fddeecff2f51b5c483cb3a334d,300914,0.300914
0x6b5cf1eefbf4e919690cc06f6daa25cd0c925130,300882,0.300882
0x334c982358505d6114048b57f1c7f5353e5b8156,300591,0.300591
0xc4fdbfbd1114d6a6678c2ef1741e6025c51cfcd3,300582,0.300582
0x6fc32211b242931d9ccca6f718c6895d6cc2c88e,300582,0.300582
0x048343b042083401b65294bf3e19ca56a5148591,300582,0.300582
0x49ab55c60b9a0fd5c3cc5a6d65780f8e54cfb2ec,300582,0.300582
0xa1e7c5c0b3c86bacddb71f17799eccd047802f27,300464,0.300464
0x73b5f8feae9f312fd55e1b2a3a93812e33af102d,299961,0.299961
0x217d452b93dd9d369d4242c744da5484e59db312,299806,0.299806
0x8dc602be6fa77bd245fe3b1abffc403b8863f39a,299498,0.299498
0x910d2552c30e08244f6e42b4e4ac3e4c9194dd08,299360,0.299360
0x49e93935a422386c99003d4a03ea657a72e3e227,299360,0.299360
0x70c193695cde1a3d1c15a01476041f0f0051bb02,299122,0.299122
0xdec5ce265e39179ed6e06207d0cd4a1d953712b2,298140,0.298140
0xf5bc02a6bddd27b124f2ce353e11a477aa9eae27,298046,0.298046
0x92ddb02317390c6ef988f169b34d2e44e5c41453,297989,0.297989
0x62ecce30baef5071b4495de97114a4ffdcb17df6,297246,0.297246
0x25255b7e60c360dc0520b9af6571aa6225edca84,297112,0.297112
0xa5382a3f5362faf5016463cae1c62d9ccd026f6d,296870,0.296870
0xb155f637b88ff5818e265159f3f329652ec8b266,296192,0.296192
0x2cc8724ad934a7bdb1dd58211e96fff8c9779b6c,295616,0.295616
0x58e1fa26fcc0b6bb1cadc8bebf804fdbc1c09505,295437,0.295437
0x4f9c0d1ce5eceac9e2197e93be5e3a548213db1e,295334,0.295334
0x12be000c7167adf68009087a908146bfe307be8d,295226,0.295226
0xa76f90571c6d046ca39549dc00f8229610211e2f,295197,0.295197
0x26713f39167001e25bce88ce97fdf76d5a6fb9ea,294720,0.294720
0x98c1e760155c5576eff562ac8f47553cac07e168,294702,0.294702
0x9cc155e3a78f42dda2cf72bc2debc0193d5316e6,294637,0.294637
0x647c7ef5eba9ba3f508e46239e757d5443b6e337,294128,0.294128
0xa095b6267daa22bb9e2e3c52148e5cc6a38f8dd9,293934,0.293934
0x6cb540db4d80f82a18effc24b94e428b775523af,293808,0.293808
0x17a32604954dc610dc9c61a59972e5f939aeac7a,293730,0.293730
0x54ba36887df439a10e3fa6e6f47e5418b2475ac8,293575,0.293575
0xd4b816fd7b8f3985b1d8ccc66e43d50016e318f1,293548,0.293548
0xf1eaf08fe28d9ddb3a13d2d7ecabe5a71e7709a4,293548,0.293548
0xc628671f2530e7df1a4d2acb1a49fcee41e5fc7f,292873,0.292873
0x34da0b5521a8ff3747d954ff1f2adb74d01a4442,292726,0.292726
0xd3448e94c06421b7334f8280a3211163a65382e2,292694,0.292694
0x5d944a5718e186de90dd882599c82351f8de0e88,292474,0.292474
0x080b508e2c00f325cfae17a90ebba03f80bb1e2f,292472,0.292472
0x6e5da65fdf207ae5eeafd1b182b6802ea7c3c2de,292472,0.292472
0x990b9a399c0c58ca93547edf06e99645242e917b,292472,0.292472
0x2df848b040a961b88a3b7a19ff7e73bad7713a75,292472,0.292472
0x681dee3649ccf6990cd7f1de132df205d1406290,292472,0.292472
0x50d84a38eed106d692840a20a20aba6df6890d52,292472,0.292472
0xe51c597afd98d11afdfd7dedf82ccd6c05fce238,292472,0.292472
0x1497603fea33e12307ea0a1988cdff9efc4bdea4,292257,0.292257
0x04c75cb894bb8aef673e658b00d6301ae8086e07,292108,0.292108
0x11748ad9953d38d49edce0895b1d322809a06f8e,292022,0.292022
0xda747dfdb96b88ec77f685bbffa2f654c670f614,292022,0.292022
0xc6bcc1a3214a2fa903a7ce86fb1473c47dbbe31c,292002,0.292002
0x52c361941b45f6603d3a6423eb5a029bf4d851e8,291943,0.291943
0x174a45b70772faaeb7e810e336ac531005b8c61f,291811,0.291811
0xcb409b817032723dfc38adc98332def2101f9c77,291697,0.291697
0x712af5aebae372545ec8a04cf5a59f89e97b941f,291613,0.291613
0x098e821c999d99b621efe6547de50d9d9e36f73b,291549,0.291549
0xc4bd900b9fac1d564e0816c78408a29a4a85259f,291413,0.291413
0x42004733a252aa766c99997d3b4e4009cae456a9,291101,0.291101
0x76047f3f333383cdc1a270a060949a6d464f1cf9,290994,0.290994
0x85567bf57060a1449997754fb9c4bdeab2936cdb,290923,0.290923
0x167333e3c753d531ebd7cd0937118b6006fde8bf,290652,0.290652
0x40ce6e79b92ddc527bff18a6733d0ae0d1c1a7af,290641,0.290641
0x508b19958f435a88ca99ce9608269db82e140420,290641,0.290641
0x05f11b22d790fe64f7984fa4e5926c8f37216f10,290641,0.290641
0x155d4647907ebf6f023041ab59a0947d475f5d12,290641,0.290641
0xe459ae0dc31194fa0fd626020a25d9a1cef0047d,290641,0.290641
0xa5497f9e3b4ac55febbc48533cc328ca68bce1cf,290401,0.290401
0xc3a59f23ad5ac6cb4aef9c7152bbea70b64d382d,289927,0.289927
0xef171eabb4197be72bba679aae06a7ce12cb39b1,289897,0.289897
0x4a85f1294d4e658d411b8c2543144ee219a39eb1,289874,0.289874
0xe0d7169dd79a7f6f8eceeb4aa14141b780f94630,289418,0.289418
0x77c9f00ae3d05a910cba049ab73a2dd5c5c82fd4,289283,0.289283
0x11e694912ef68ad68ae9b3dff7c76f23a5578337,288493,0.288493
0x4fd7edbb119d7cf3e93371a7bf241fe64187be02,288002,0.288002
0x8bf0d203b4c0a5a2e0900fd239cfb94599a5388e,287636,0.287636
0xc2743b013e08d7b4a7cbe894f77966fa87cd7630,287583,0.287583
0xfbe564e1298d0c4494b902b88881c0f6117e2b70,287503,0.287503
0x192506b20162862c1d744a7615a179abefce6042,287370,0.287370
0xdd211a6e323b35cf250085a5994cd387f295c33e,286695,0.286695
0x4eaa13a69b6a3ada7e22775480c95fbe5c72e93a,286644,0.286644
0xd748eb6528766ff909828863eb81d93154d820d7,286604,0.286604
0xd3e480bc04d49c2bb46fa2052cac8422409af517,286338,0.286338
0xbd4c37b078fe515456950da23810479b4b1c5301,285955,0.285955
0xa739f13c1b644c0c82c858f75a423bda123338c3,285881,0.285881
0xa960f4f7c51be4243f25bc90d0819d2c7ff432bf,285747,0.285747
0x52f62ab1bb72207ae05d4335273042ccaa71e2d7,285705,0.285705
0x2145814e43a49844d7f03a4d00fc240c7c8e329b,285441,0.285441
0x883def8ff5edf5790506d25d62ef1d3c0f4b5168,285160,0.285160
0x26c7e02571baf41cab457323b300b1e33f9df39d,285048,0.285048
0xf425e731a579d7e721c1f7ccba1f421dd093a87a,284961,0.284961
0x2fc0b44dbf6856f1270a0c7e2996d87980207a49,284859,0.284859
0x31b22fb973e179b33622455dcc702058f5d8c92f,284764,0.284764
0x10d90df273e8ff324c9551b72cdf389b02c205ee,284722,0.284722
0x43ef25c74aea9d9cbfed55df2b6d673415c38f21,284497,0.284497
0x404489e973fe0c97777aff6840494d3090a3048a,284250,0.284250
0x4c36e31a6006edcc58fd92fe3cb35683f78401a4,283633,0.283633
0xb7ad6c46badf184529fcb5bca07b18f5cd28b1e3,283292,0.283292
0x41980e3ae9f3cec843ab191adbb6357e4183cd17,282571,0.282571
0xaf924d33056b0be50abb8c3e560da41414f0ddf8,282047,0.282047
0xba5268cb9ff647eda96c4ba266d9e19f93a1349e,281997,0.281997
0x6bdb627491e468fa859141f29af5779ede9cea10,281910,0.281910
0x74617f327c9044aee6355f4c9544663ba4de56b1,281320,0.281320
0xc16b6617f39e96a6d284a878907ceb8b1ae1e7a4,281231,0.281231
0x9e67cc3f23fb8db849f45498ca4a1148ca5551bc,281109,0.281109
0x16d8f6d65c9d7c2349c867488f3946671d1890f2,280820,0.280820
0xd9858c1a23135e0e2a9f4a908d1f17b24e89a8da,280773,0.280773
0x4979b747d7edc449a83217d90850e203247efd29,280638,0.280638
0xedd95782d13902ae535332b5d233041e47ad69e6,280614,0.280614
0x2b7deaf268dae3b82b2324b368820d6027f35b26,280497,0.280497
0xc8f0f06e7f2c2630882ab32a22d7be1ddd1f55d4,279883,0.279883
0x617970384ef3f78c67bcd47d0554e26a0ba315fa,279577,0.279577
0x545a064d043f48b44c1ef024a2f0a0bdb9db79f6,279498,0.279498
0xd61863322cc1946046e213907a2e4e9be8f68d6b,279352,0.279352
0x0cffb5a0be827527de4716e51e5cde2c1c1b7c3e,279281,0.279281
0x74116ed07eb65a2ca8f12579cbcd0cf85c123563,279178,0.279178
0x387849986a57f558233a7ff0e94a9ebb74f6182e,278844,0.278844
0x3963e800370c4757ef5fa2b0127104b41ca87b50,278795,0.278795
0x9b464fabb0fe89b90ca2050e920f4b4bb8267cae,278721,0.278721
0xf98d1f5f00436a05e984d89722c893a53c662a50,278293,0.278293
0x83e6e21b56c480cf11479efe344443de6ac1b01e,278037,0.278037
0xc07e597c8f16fc4a3e98d56f3371955feff24b4e,277943,0.277943
0x7bb6f71dba036feca89398b7a678d00377116356,277874,0.277874
0xd480159e6f55d9dec6d96718504621005f333c80,277498,0.277498
0xf7dcecf6c7f74bcc25471669a712e89c5b2e5515,277470,0.277470
0x7b33d4f47da993c080ad65774f525cb242eb877e,276417,0.276417
0xab735123edebc8f93e9f607bb126a62c59546ae6,276403,0.276403
0x4ac92b58d407dd836fc483510a59611ac46a8c17,276354,0.276354
0x521631b4dae8a066b9230f29829a3feeae131215,276061,0.276061
0xf2ddd6db6481765f8d2cc7a2db326e28d4c61b92,275329,0.275329
0x31d4be3fefaaf31e72a74ca16a34d350703cfe6d,275239,0.275239
0x55371f389a726e84b76bb34f44ee827a9b1229d3,274923,0.274923
0x6f01e40c2e2cd606a15f25016f96715c1082aabf,274797,0.274797
0x7c21aaccd7b0cd749a06352ecce515e64e6a39fd,274445,0.274445
0x850596444bb1921ef60e647f0951f766c6359c83,274428,0.274428
0xf9896e42c33a4ae029c12135a390de542ebc340e,274227,0.274227
0x6c5c5205661dc9e4e9f9076c72c7ad1d5105927a,274120,0.274120
0xc8b131e6d61c2483374fbda3dfddcc7adfe62ed7,273600,0.273600
0xfb726c2d9401c59601ed19d23a9f971e8409e4fb,273568,0.273568
0x60901f5a6a66bcad910a97e85373a00996b361f5,273490,0.273490
0x44c04a965a8fcab013839b966e1cf6ae69d2216b,272661,0.272661
0x56f20ca7895988cb04a10be5e8a1a62b50c9ebe1,272376,0.272376
0x65adcf480455720d0a692d42da8f35c4be54d6d8,272201,0.272201
0x9be730cf5cd864c76742c53068d5166ef96bb8d5,272042,0.272042
0xe2e8beeb34d08376fa091371111d1c51d60ff10e,271359,0.271359
0xfdf0eade0c4ba947999e7885b60099985347ee7a,271060,0.271060
0xc382cd33f41eaec88bd73e49e44b59581c2f0d87,270985,0.270985
0x581ad3eee5a14a57ae91a75aca88a2b99252cded,270951,0.270951
0xc3fd6ef615e63ee1d087304b73bf33de983132d5,270651,0.270651
0x7a2395aeb4c575e0654cdb275e8ce17751d1a7da,270610,0.270610
0xd532f8b9e0ea227917b02c07ec83407d4282a322,270409,0.270409
0xc128c41beea186ae7c0db4ee19c92173c303f7ca,270293,0.270293
0xdba205ae26892165add0fd79bee77780451634fe,270235,0.270235
0x07978917c2bf8c51eeeb3668e9aa378bf609b12a,270151,0.270151
0x4f83348b61b8801df7605271a08c3fd966acaf27,270048,0.270048
0xdd8955734d4d2ddd70a232350f294a81b36c70d6,269959,0.269959
0xae6a4264c6ca1a04dcb5e42f1017595d62d28b68,269763,0.269763
0x2a087544e306d636b85134352102d6a84fec3445,269698,0.269698
0xbbd3a06795ff7399597aac3df8631d698650c92d,269217,0.269217
0x46eca218b8e4801e1522d84bf645c1e549036798,269079,0.269079
0xb87b61fadf9eceade130060daaa577a381222f10,268797,0.268797
0xd2a338a2ac16e3f4fdb5232ead6ac673f7a8b029,268676,0.268676
0xd0cde1564ffb4ca76c1775f5ff92ffec568572dd,268319,0.268319
0xd9c2cb8b2388e97e996bca0355134de8b62cc0af,268256,0.268256
0x5a4018509940ede80256d1476ac88f4a3419ed5c,268158,0.268158
0xbf816189f827777a11ec129bb062456fcce09cea,267911,0.267911
0xaf89a4ae4da482959708c173bd1fcfe8cbae150a,267620,0.267620
0xce581a5aa8b3dac92bb169f148b3f4831344f8c2,267615,0.267615
0x4104e2ab42fd6854137a843987c4028c93768398,267499,0.267499
0xd21199a3540c9586b449e85b686b6509790a72e2,267430,0.267430
0xd24dfaf44f6e1db10016b9aa1d56e67dd46058d9,267284,0.267284
0xf0394ffbe760c225dbc37695e870ee3db6eaee0b,266802,0.266802
0x965c78d9532479fd57bebe3140cc681d5a11df89,266699,0.266699
0xbead8d5fcd29e72fb81ed9514337f7ae48c82fdf,266356,0.266356
0xff3034a77306ab052702225836ccc06b9209f372,265929,0.265929
0xece6524008f4a82b7538670da32315f44c7e60b3,265786,0.265786
0x1c6c888b4a8ae0a12752e43b91620be413406ee1,265739,0.265739
0x249a8573f208c895a3a7dd9d8c732585c72c8bff,265579,0.265579
0x5937e63e776edb89d75b6b074410cd58b9308897,265367,0.265367
0xd7618b611226ae7c5c47c1e738f95a7788782815,265326,0.265326
0xc7b1caeb0343a376eb58ba7c6d9a10520f7245fd,265189,0.265189
0x5c3a037d49cee374e6157028a1989c82cd388ed2,264882,0.264882
0x501ac99935d0473d96695bda13a590391b4af413,264882,0.264882
0x1d2fe2b91d67eb201463f713826d1c38c6d9c174,264769,0.264769
0x09dea844f16300706479112411e6189859c9f532,264637,0.264637
0xe7c82091a02ec7781b0c208286f651c348c645da,264637,0.264637
0x87f4c743c2a1323a88855f2db61ec1eea651ca2e,264242,0.264242
0x3d005d08da1e75f0175fc8e1d654d6542badac40,264185,0.264185
0xd59ffe7031dbaecfd649f143bfcf059769f9f873,264172,0.264172
0xa4eb6e4f97166b49dc15350bb28d73f7ee295f85,263698,0.263698
0xabf75ca656af3fd7494f76196a9d414f8e8fa2a0,263624,0.263624
0x0fd41963ccb8fe664ce3a25b495fe7b018148bb3,263283,0.263283
0x0f14d1b9fecc960ecf377f5177fad4d9543a65a9,262619,0.262619
0xbb9227f9380f110631ac9f736e2e71cb4d17b5dd,262053,0.262053
0xe10b38bbe359656066b3c4648dfea7018711c35f,261756,0.261756
0x58699d31e1a458e48337b703181df24f4746f3f8,261673,0.261673
0xb766bc6100e6be57559cbed0c2f10ad274aab0ab,261576,0.261576
0x637aa86cbb5c7661bc35a5c7a31a04c3b3b686a1,261534,0.261534
0x92e0032d21d4478429fbad85065bcd1327353c85,261487,0.261487
0x65bf79ef0676a2e399568745350fee84f17e5ddf,261399,0.261399
0xfb67a3c2ca54d188e07600c7231b6cef01b71446,261353,0.261353
0x4e1e186c5977d3d125ef295a4ce140ce6359b174,260968,0.260968
0x56439d766bbdbc1b8ec500f33d895b401d726181,260968,0.260968
0x72856e8b7224f0ffaf09142922a84dc939a5c133,260822,0.260822
0xebae7e8eccdf087f3a99ed0f990d383273b10c9d,260780,0.260780
0xf079b81cd7fc0e0f5ca3f91b961fbda8aaeaf3f4,260183,0.260183
0x352deb23bebae8b4c57d0ae341d9c1951fd8425a,259847,0.259847
0xc36349ff93505137d4d2fbf91c3767373336eaea,259587,0.259587
0x2cbbfb0f9471a87115a2726fa8fe8c5ccaa16da1,259570,0.259570
0x00cd6643cb2d9f75e5d0089cdd3f2782e5e9f18b,259465,0.259465
0x66f99ec2b762a2d457c3e0da927ba61b50d04602,258521,0.258521
0x6d81fbdba7cc3afb7926f80c734965746b297668,258202,0.258202
0x3fdecbc621adb1619db1cdc61cd77f1238ee642b,258077,0.258077
0xbc2dd792087c8f569f780279a2c162ae78ce493d,257866,0.257866
0x7c414c06dc87fdf876db9b27b03f31081c6d9093,257342,0.257342
0xa1c8d2a07dd3f0a7eb823f8136e5fc681f8fd582,257281,0.257281
0x59ef3a8ae8d975cb04f17b2a8b7043cbb5e0a79c,256585,0.256585
0x858e35a531e33dd55e5ecda73807d5bae2a39a95,256530,0.256530
0xc551d8513a6cfcf68b318113ca42918f92828993,255823,0.255823
0x783e40587348129682184a833bb64d0385688f87,255787,0.255787
0xf6137c2df07f5ec0590ea03a9a9a22115a8d51f7,255555,0.255555
0x5eafd2e4160c8d8b06cd220ddab2163369884583,255493,0.255493
0xb129114fae2d533629d442657ea5bc1bca5a0364,255154,0.255154
0x7cf7b6a89b13b17c92303b63c2816de9726de48d,255154,0.255154
0xa26c6596c1d3da99c3a39828769d22c301434b9b,255154,0.255154
0xfecfe6f4ca9cd73b48c492708880799ca0584f03,254415,0.254415
0xc4ed1cf663c1c3a0d735bc11daeb4d343fb3ea5d,254043,0.254043
0x9e515075d494fb73f97bc851f04c80aeaa9413bf,253266,0.253266
0x73ac2956bbd5298c2ec88ee11f700f34b6f5ec44,252550,0.252550
0xe516e67cf0469ad8980f369c44c593f7cc1dbcea,252381,0.252381
0xb439c92d4ecd9a20b3b4d73ea13431a2b2918146,252363,0.252363
0xb64efd2a6fb940b5aab4bcb02ea57d6b0cbdc6c8,252363,0.252363
0xc79fd089fd851c08148baedb82a0d3e3e3d6dcf3,252363,0.252363
0x893934c8c17beaf0a240a8181476ec9ceb056ace,251712,0.251712
0x1a43a5ee8b5c42390a66ea5315bee11d90e6a102,251688,0.251688
0xef6a7f5e61180ce98fac7c4729dd857f579b271d,251655,0.251655
0x0d86f17fdb79cce4f01277c641c29d5c56ef8fd7,251291,0.251291
0xbae60243fadea1e39f9d5978155ce1a6230a2873,251223,0.251223
0xd5f2c70b2c16c1d1ee2fb21e00956558a200cc38,250280,0.250280
0x67b00d6dae6316a8099578b4f13d6c2a214e1b31,250088,0.250088
0x0c2a16c21e96a937e636c7cf7c64c2be5ece4fbb,250013,0.250013
0xf9a4800cf61aa3b4b44e88dbfb333af2d9c6447b,249744,0.249744
0x6882185ef840a543643d9cdb8f41d1c6b0bdeab7,249528,0.249528
0xf70a16cdc99503c2f4539b331ff3df7e6f83d0a3,249526,0.249526
0x5bf666c105e95762c44ccd12d2b2ef2d8abfca55,249444,0.249444
0x20817330c91c54aade2cb440fc1e32508fb5b55b,249344,0.249344
0xbe5815cf39c672f01a5839d16883c7c02703b5e9,249246,0.249246
0x8aa4243ef5fe3d6ebe375fa6d47a710266cb0caf,248847,0.248847
0x95df3ef874f4524e72f0d3423a9f39264325d899,248627,0.248627
0xa0bb394be5cc8783bd1f00e3843088791b5242a7,247363,0.247363
0x12e1f8a35eccdcaf78f6113559d05856aac52af8,247327,0.247327
0x11f4d765a2c3cb55a9b3aa22f80a3cf4534d4d71,247302,0.247302
0xb46d0ec65883a3dca0f8328e603c05a8c1f0edb8,246625,0.246625
0x00e1f1c3e3116a392c3227927513249b47072403,246190,0.246190
0xe16abd5205ad67a9369524f530d3acdb7dda6618,246040,0.246040
0x4f87e64e79840adf3f0b58fa9a87882dad2de00a,245482,0.245482
0x5b1659a6d94bc6846be44505580604ac3d944d0f,244598,0.244598
0xb7a1c6a5143b2d0efff58e6934b5117cb8781253,244459,0.244459
0x394a836059dfedff234b302561bdd2e26631dcec,244084,0.244084
0x85d5ee9a6319b90acce8b8ae9116e2137153c9af,243530,0.243530
0x0168db8ad57a1d065a260a011ca7500940dc2aa6,243493,0.243493
0x5b6dc4073fc99b4af64fe7e19868f11964f80d1a,242421,0.242421
0x3cf4ef808e95d884d87e845aa16e81095bc11cce,241683,0.241683
0x25f882cdf71629440315afe62bc0c076f9218ccf,241019,0.241019
0x4e37475d276e15887b763df26cd1897dd6aaba21,240246,0.240246
0x2b60e809ec3f333060c6bf7c9be3409c43a939da,240203,0.240203
0x79365f2ff754b06f7141229ecf532bf98e0c1f3a,239971,0.239971
0xacd7b44439e39093a2a19b81c9320037daf083e2,238871,0.238871
0x71f9d6678d55d81db703975e303cce8e7fa7b7a3,238633,0.238633
0x3e54ba0ddf53363904b7b43fe9ecee614fa24a63,238633,0.238633
0x7ed3683792af649a3128ae7bf4afcbc78bba81d0,238633,0.238633
0xb4f54a0d428383d54174b13b902d08d5004aaf7d,238633,0.238633
0x3be013f104b1431fcafc29386db9176d7ae9d0f2,238633,0.238633
0x036113fcd651d39df9fa0bdb8b4d7df39612a811,238633,0.238633
0x057c228815fe06e2360458efb59050e6163deccc,238633,0.238633
0x1498efbb8efb780511b10c67cc744da3ff442994,238633,0.238633
0xf0e4d67d536e214d70122525d9201480b53f837a,238633,0.238633
0xa37dbf5c638dbfbc4c5393732ea0f5d72ded14f2,238633,0.238633
0xeb45922475c5f0fbc61f2afb738999a78bc5ae77,238526,0.238526
0xbb7bb0ea74313e1d5d2d42534157774138739b3d,238311,0.238311
0xdc5019d848ede0a1a11452ee79c8970aa077e2db,238255,0.238255
0xfd71a8206642d0d3b7edf7ea3b2432cdcc29ad23,238189,0.238189
0xf60a17a83c53d484959197ffcfc3be6db801721c,238145,0.238145
0x015858b536596f1745cd6b1ae511222eb6057dfe,237949,0.237949
0x311d61cd8310fee771db5c8d8352074e0e09591c,237786,0.237786
0x846e2290f4dcc8427742dac61799b602564edda2,237786,0.237786
0x78f3420580b10cce39f440b0c0a0a275f61f678e,237778,0.237778
0x2c6701ea24a344a57afa4211b8f24b39a90dc26d,237638,0.237638
0x045b3a3f885915b82beaf4f57fcccf7980ce724e,237154,0.237154
0x4655add37bb53852d5e56d1fb3f4cb50a57a3250,236884,0.236884
0x2b993ba023831152dd6af723bdec7730b9429972,236878,0.236878
0x216b1edc22a3a1844578e3a0f4c90a47f24328fe,235962,0.235962
0x2833782992a8c8efdb66afb0f54afb2f0f17000d,235840,0.235840
0xa424106307547a4f01345049fa6445d08b69189e,235713,0.235713
0x87be3521165d29a11b5e761e661dbcad51478aaa,235352,0.235352
0x51173196448414ffc5ac4e5fee1fb9b6ca43a377,235327,0.235327
0x99ee23260cd0c4d354f9ae9b6d8244037e9e9c43,235174,0.235174
0xa0ef3fcb982205d961badd938dd6f9b6a8f3f22e,235039,0.235039
0xc38b0528097b8076048bedf4330644f068cec2e6,234820,0.234820
0x1de8b393e560ec74269863d001154768d5929122,234463,0.234463
0x96faa3c825e738760e9940d218a770522a6963cd,233976,0.233976
0xe7909053ef7852d369fcf94297de539a69cf89d3,233892,0.233892
0x6907abebca9c3b5ae353b86556523b2b6b410c84,233769,0.233769
0x449ddc6231d1af99c966e2922ac70ad878083310,233479,0.233479
0x83b119ada7eb9859d1434d0cc366277ec20cd474,232709,0.232709
0x66076db3ea4dee07f1378dd2bff0dcdd1a1dbabd,232451,0.232451
0x9aceed10a62333b671108d11c9c199238d3e3760,232239,0.232239
0xc5582991ed1f8ece6d7826513afebb974a217727,230931,0.230931
0x581b80994f768da1bd793cc32fb8b3581e3422d1,230738,0.230738
0x00032550944ee9b1a050796fc9074011b2f2c28f,230498,0.230498
0xdc51fc0d462f4fc8b0a1c08222edab20f0baf88d,228794,0.228794
0x166ddbedfa38c37e253585640d90bf132f4f717f,228185,0.228185
0x4b0429f3db75dba6b82c32a200c9c298ffc05839,228122,0.228122
0x81566d2e429a3f2381173ca26c4eba926ffb45f9,228006,0.228006
0xdbcaf785a28c3c85518ebbd5654491fc3a8fbe6e,227699,0.227699
0x2a308c5c82352267ecf930560421b33c2ebab22f,227395,0.227395
0x7f156976252bd8119a22f28eede83a9283e371bf,227320,0.227320
0xc3f2a7d831a35fba958028f4a6ca0b2003390099,227127,0.227127
0x16d53d14e2db40abb2daf92492030c7100e1b373,226961,0.226961
0x38345b9d3b617e6125082963af9fc4255157366e,226867,0.226867
0x6fde9ed591e33340dbb077d97c3ffa42ddc2f823,226486,0.226486
0xeabb2157a5fc3cd650a0e3d0e8c9c6894e1b756b,226322,0.226322
0x034e23e8bc1a3a4d389938d7721310745f8997ec,226290,0.226290
0x553e14ca44fb87461e793d4e5f8658d0bb31be47,226216,0.226216
0x31b498a228de7089517f3510ac1a17e31ba4063f,226156,0.226156
0xc58af6c967afb46602acda91070020ea32cbb00a,226128,0.226128
0xc2a340a28d55c5531ed1dafc2db4e95965474803,226043,0.226043
0x205e11997d04ca8a20903892c500026146b09591,225661,0.225661
0x84861b33ba6c7ae0dc01e0e3192e74d133d9a13a,225478,0.225478
0xd25e5bb7dfcb4c4536dc30021809a4857c623ff8,225386,0.225386
0x4da73ff5090e6730eef908e61676d8011a0b1f6e,225358,0.225358
0xc4876e767e7d574f3e383d306814149bc03c9dba,224877,0.224877
0x927f6b2c3f6159ecbec7e92c44f96262c05b83bd,224630,0.224630
0xd2112877fdd12a71df0b2a6c88583ea7b6a16b3a,224480,0.224480
0x2fadb464b447511e3a70f4d7352da504366f6242,223939,0.223939
0xa31eb0ae9b692ff5a1eb391d821089a2bbdba779,223260,0.223260
0x2e71f6147b1f28c2b9ccc2d4a566b86b7a52298e,223260,0.223260
0x229cd47c36b4a48a8d3e927f63850cf5657fec40,223260,0.223260
0x7bca950fba2e237db2e77a702312055c3dc409b3,223256,0.223256
0x1684be2eaddfa77387c25402bc83f0b6441cf02d,222959,0.222959
0xd45dec2fb1a227faaf04150e6289752b154b6d55,222799,0.222799
0xd7d260c3fbef907ed0869560f5e00cb3e32e5415,222396,0.222396
0xf100022d0812a8cee4382511f53691601c3ce91b,222080,0.222080
0x6b7079f9e5dd84a20015c5270568b453dba451d3,222053,0.222053
0x56d9518a43729b7cccc31b13ad0a670b4049338a,221963,0.221963
0x3f192214022ce2e9317d7dd64dfae9bc1f798929,221781,0.221781
0x3739798b5c653bbf7c3cfaf5032036f567bced41,221736,0.221736
0x58a8c4ce5d252e8f02b254dcc9967f9d8380496e,221586,0.221586
0x3fe75e84da3f9062191d8d653369a89fd6069b59,221378,0.221378
0xe55e27c376f15fdab07c1c561093f1f0749c7078,221098,0.221098
0x0e77baa40d0d491a9923fd319cd35a095f898a49,220452,0.220452
0x17296f6bad3642acdb3a613537a79ddbf01e4a0c,219986,0.219986
0xea23a8a1bd720079077f55752dd164d99123efe7,219788,0.219788
0x36b3a7cf50ac8e49ccddb381b8ee4c060da06d22,219682,0.219682
0x674b629c2799c044b7fa19dd9bd7d6175de76c91,219500,0.219500
0xb303a42c8403b1528ced75f63a8ce737c6129307,219480,0.219480
0x94fb14d5e52a454c9589fc7b8db6e6411ecb2eec,219353,0.219353
0x0a16b81ac3f81e820b957653f3c1f3471303839b,219353,0.219353
0x32126e4d888d1fce629ba704fc141fb4502d46c1,219353,0.219353
0x1cbbe9cbbb17e51e647deda8bd401720ca2ad82b,219353,0.219353
0x5040884dadb10a929e46fba541d6bdf5d36da62e,219353,0.219353
0x623ab4b3ff3e4f34a288912ca6196d427afc412b,219329,0.219329
0xe3be0baae3d4928d3e2e7724d4bf188003c56ebf,219007,0.219007
0xc7856cb6522a21632ef08b7450143f2250b208b2,218994,0.218994
0x8ef4101c024bf603ad533c70028de18ac2b02d1b,218743,0.218743
0x13ff6d3d7c401176a0dd7d68e39940505d69b380,218657,0.218657
0x34973e953e63e3af12f7419dfad96dd2603a57cb,218607,0.218607
0x4a379c000abc6fab178fcabe4503f42c8eabc63b,218554,0.218554
0xcf5c46bc589729528379807eb401c4d5dc7aa2d6,218318,0.218318
0xf833559cee4b392a9b38b0d375156aeaafcac5b9,218221,0.218221
0x5f676118ef60dc4a67c83a930ec2b957b0d024ca,217914,0.217914
0xcaf6917fc6f44a261f2bd05254e30c32a756d3bb,217635,0.217635
0xe9dca168ed8261c38ee3467cc4b6b35e7c95c562,217629,0.217629
0xccacbc58ae1fa6907171f26e396c59bb36925fef,217439,0.217439
0x2f4ddc6cec88d3ab7b1e8ca4d74d84eeeb1df7cf,217357,0.217357
0x1434c927372e02810004086c57c777cc08c5fbd3,217271,0.217271
0x7edd473311f5d7c7d86af53f8cd971e9d8566483,217256,0.217256
0x0acfdcf97909503c844e0ae437edd0ff9af6cfff,217183,0.217183
0x8600a22178c62de96d03ad300751de7476aa9ee3,217132,0.217132
0x313eecae543f04a99827bf0987e2baa6ce2107c9,216956,0.216956
0x0eda116fbf683d76cfd758a77433f2c87fb0b8ef,216924,0.216924
0x94a046622c9f502878ca6019b51f374ca26a0c79,216881,0.216881
0xb32b924da3a5b89748807a4301cf5470089abde0,216216,0.216216
0xccd7891fd4e803dcbb03cd629b3baf43a00d6004,216030,0.216030
0xee1c15ed537270fe11cfc4491f687d9a64d52ce7,215986,0.215986
0x46faf7165301277987183f2ed47459c1025d2c4d,215656,0.215656
0x7073133dff534a2f5f89da04a5cdb792d047bc6e,214780,0.214780
0x7c86a99624f3988b31065e8349a93db86c3c1ac2,214754,0.214754
0x58a23e01464b635492f75adf7fcb8e2d4b42dcb0,214754,0.214754
0xb64947f9504e9097de41af022861b951ef760dd5,214672,0.214672
0xe2fe6f161b230bf0fcf9855fa5cad3810aac7cf3,214595,0.214595
0xe31c2ace9c596de3026a5f9ec0a496695766fe5b,214555,0.214555
0x45134fafc8313fb4694eb4d8c94a231ea12d6cae,213890,0.213890
0x69f21b919283a735568a22c0b34316920f54b7ee,213854,0.213854
0x3ca634fdee3ca232ed0f35e148b8124cd5afd403,213640,0.213640
0x3065c42adb689a651ae406834982ea3c44adde80,213264,0.213264
0x59bb31474352724583beb030210c7b96e9d0d8e9,213222,0.213222
0x495f8923517d6774bbaa3ec41279ba1f161a4a00,212861,0.212861
0x378e4bd2601865ed12a96e768d065ab757a07ce7,212683,0.212683
0x1c2ea98357b099fad84280866871d0d3fa7ad46e,212629,0.212629
0x63da0ae600d3cfad20ab65b831a263ff945d00f2,212629,0.212629
0x66342cdb636aba7b1ccc2f95efabbc7ba3b1947d,212629,0.212629
0x11968209ed22a2a865a6022b63ba4cf40db7ed72,212629,0.212629
0xc4ab25bd0693c42dca5183f5771fda2b21f15619,212629,0.212629
0x2fdf92d414a66403c095c57ec4306ebc5aa5ecf9,212629,0.212629
0xaa4541064dc3230ef065cae0bb38febbc31a7275,212629,0.212629
0x59347bf33be4dee6aa5607fd332ac66d6cef0019,212629,0.212629
0xccfa6bd47c6053043ebaee4fd9e356c16848740b,212629,0.212629
0x3418f949e96d424345f92911b462ad481845f96e,212629,0.212629
0x74b993b29f0833cbff05ec6ca1d8513079be6523,212629,0.212629
0x49349ae5b7d8aa29aeacc43e703d56816ca4a0fd,212629,0.212629
0x54827440e4d72af20d0ec5a4dddd366f8973a7f0,212629,0.212629
0xfaeababced4e9aa052f386551d8a2e407f819cc9,212629,0.212629
0xd753dd79d39a0888f94e1213780c135540336b53,212629,0.212629
0xf09efeac61338777fa3828cc2d651ab53b7b90aa,212629,0.212629
0xe66df4e4dee81045fc7ac4bf7e3a9ff1ca09fd37,212629,0.212629
0x304489c16e9f37b0f6f9cc339b12af0d9dc0265a,212567,0.212567
0xf611ae235b17d1678bbe50210e1b2e4f6a695677,212450,0.212450
0xd87697d737dd4e51347677fbcca92a2bb4c4c756,211726,0.211726
0x955cde041996c646a525e91db85ef883851c3bca,211609,0.211609
0x331781aa88be2ed4e565ff79074a2893d02e08c2,211393,0.211393
0x81496448b52812648a1b5a14ca3d411de22b9797,211393,0.211393
0x8a8b5a97978db4a54367d7dcf6a50980990f2373,211393,0.211393
0xa8e60001070e3666f61ed34e901beb7c5cf53507,211393,0.211393
0xafa344b00df1308b03375ad0a16be3b60278fdc7,211393,0.211393
0x0f9944da54df3fca8ea2e01a971f75347572de01,211393,0.211393
0x29dbb6bac209928b8e7b46a041eb314ea948e211,211393,0.211393
0x4c96de0a4f8665fe2903b068607cab012cf94277,211393,0.211393
0x6a8fca59b7c139c2d318cb23e4ff2fd508c7487a,211393,0.211393
0x74db2170c9decc7389358296e029de1f80a1d1f9,211393,0.211393
0x68a0f241bfbb94accc3f9b9641d33e6882a6a5aa,211393,0.211393
0x891542e50b9775e825bc14978047366cfa2c00d0,211393,0.211393
0x921e8445addd697306e8e6fc359a5dc179adf56f,211393,0.211393
0x4aa8f15a070af9076f83affc50d6cededb506cd3,211393,0.211393
0x5c09dffb37dab5289e1a961ca51c5931aa3ddcac,211393,0.211393
0x8dadcb854f8d7b7b549f54f33c212e54141df5dd,211393,0.211393
0x5cfa5f60bb2e94b87d30f1f108d63aa9978634e9,211393,0.211393
0x704233f51a5ff1195590fb48bf364cf1f74548e3,211393,0.211393
0xbc7f06351b12a3cff865854432c4a231b5f78f3a,211393,0.211393
0x63a736fc86484d7eba267da5990c6eb9e7d2a8ba,211393,0.211393
0x3a111a3be1d941438d7c8ea8fcaa02fa03815f90,211393,0.211393
0xb082ba429a1fb9f527904a43b6616c15e1ef34ce,211393,0.211393
0xb40497d4e8d7cd266f0ddd0e54eb3f60dc4f8044,211393,0.211393
0x144b55ea5c6b05440efc05359b0d39c100b6a6c9,211393,0.211393
0x193259a74241af8f6c8eac406784de637bb91b69,211393,0.211393
0x42b0457bcc8b0eaf41d21abecf751a0374b5dc2e,211393,0.211393
0xbdaea8508b8a6326b1f092b011f9110ef5064ebe,211393,0.211393
0x0dca0a7289e0b8567e21f995999882a323a5609f,211393,0.211393
0x0ef2d3a423845735bf21c000f797bf7b47c6f030,211393,0.211393
0x15e9e372ad4ad5340605d712b8f21e57d0f6ea96,211393,0.211393
0x188c66961ef9ba9289dfb53baf6f281c90b0bf7e,211393,0.211393
0x1ecc4478a3a9bad0f7a509d5e3f5201ba92f10db,211393,0.211393
0xdb583639befc8dc1c61686a8e3ecabeea0240544,211393,0.211393
0xef3b207736e445e1233d7b6ed18533d12695f1db,211393,0.211393
0x9e368dec0eaf2cb94c040cb70266c8649e94cf46,211393,0.211393
0xcff1e6bfa6189e1f90315a04d5e1db9397033b5b,211393,0.211393
0x4aa6060db3168ae57467c3c0e6e02231da9b59db,211393,0.211393
0xdc8b32e64741dc14ed824f565c59f00cdf655355,211393,0.211393
0xff450c2b24b9045e20df6290535d0ae729ef5fc6,211393,0.211393
0x9e6d39de6ae4c6f65251d4e7fb1694e01f150275,211393,0.211393
0x04a884fb2ef7671d91ad1b603b2a3020a564367d,211223,0.211223
0xe33b8bf11f7082fcafa26b47af63d0f1c66b8fa4,211164,0.211164
0x1eb3a3f8719a282b0ae51699522ffa0edd5da563,210978,0.210978
0xcd4f2558e69b1c5f5f4d47ec199523883d2df9e0,210945,0.210945
0x93ace1f7d3db2211f9fe4adde48e0fba0404989e,210836,0.210836
0x468df31ea8ddd151c2b01a6ec0b34fe3fd54a82f,210824,0.210824
0x5016df77b615cccd90680c81ac2ef06c3d7ce10e,210173,0.210173
0x1bac50ee67ef8a251b5bdda97c1d6a8639b191d9,208994,0.208994
0xb887fe98c15660dbf8fad2f713410359d9f3a45f,208775,0.208775
0x0e4161a9d4f009e0ddd241920f5f9bd6bbc2728f,207903,0.207903
0x2b91ea7b82c3a49694cc6ad92bf819e2ea0e7941,207668,0.207668
0xd27f5c4c9708530b9ec30d535532707cf6a5cae7,207090,0.207090
0x19c0d34b179e2c85c3b487726885f65a9920b16a,205841,0.205841
0xb1e2a1b6b7be88578df5a501d0a7d264b4b7cc54,205475,0.205475
0x136e9de0b91521d7a30bf9899267910e2beb637b,205220,0.205220
0xc1a61d667b4284dc66323bc200c79d08cd7669d6,205192,0.205192
0x60aaee857f6e52d617df17dcebbf41f0baa71786,205116,0.205116
0x84eff2ad5c5f19adf9d8e14e4e5e1f4116847a04,204574,0.204574
0xd68c4baa5558aef395485f387f58cdce56167728,204316,0.204316
0x6790b66626ce6df6e82f628a976a0823ef1afb52,204310,0.204310
0xcd966ae034df81a3813dfe15edf55b967a09f465,204169,0.204169
0xcfd39f2c1c3a7f8fa4318ca682f53cf1549632f4,204139,0.204139
0x0078475e4a37370413db51315488cf54cc9e883f,203849,0.203849
0x289445f0b593a412b9664da0079ee75523951dd7,203770,0.203770
0xd949a627a781c8d2ba21c97b376dd5c7f5bfd5e6,203108,0.203108
0x6d9aeaff06cebed4de0db720aa45d4a6a55ce516,202806,0.202806
0x14b040a91315358bf30b13c2ecbd20c27468bfb3,202661,0.202661
0x296d70572ee3769a74fb0b96ee8b4e6a95bbab01,202134,0.202134
0x48ff7d7e560aec73d13be9bf9e89993f4fa9ba44,202134,0.202134
0xcf39d0613ddfd0925642c3f36052d235520ad94f,202028,0.202028
0x9d91634962bd3bf3c5c451588aef5ba5232b08bd,201934,0.201934
0x976a99f21fdeee774b3c9909eddca735853d9ec7,201851,0.201851
0x82c2e164e0979062429c0c6a6d40d29d949529d9,201851,0.201851
0x208280e826d0195abae7177c9408ad795465e364,201339,0.201339
0x63b9e5bfb534f6b0af1f5a452ea252c014476c19,201152,0.201152
0x713fabdec20d5dbc51961d9f0f71221bb13a66af,200219,0.200219
0x2fa379b86d13dcb6586b174b99d22026e7400370,200072,0.200072
0x0c10a622f3634c66e1dc7ee3888bbc187679e2c6,199121,0.199121
0xe77f1797913c9e1b6e53c889d7d6f8dd3cb1d6e1,199006,0.199006
0x454e6cc83a92397d23d368d9a9dde368e7cf765b,198771,0.198771
0x10d0739e251f5c212312d023c9fcfe0fdcafca23,198712,0.198712
0x82770f5ce1f6722ad7e96fd2dba6326c988c5318,198306,0.198306
0xb8e60d2f66d06ed832af458328bf05d20dd82381,197927,0.197927
0x76c5f6918c8e02ca3a51da78604d0883e524482e,197901,0.197901
0x1d1a39d0c43a194987941e3645243d3aafcf6323,197833,0.197833
0x5044a746c09eff859c6eb8f187acf2528349595e,197354,0.197354
0x92d0c686f38138adf318298655e790fa15dba38b,197171,0.197171
0x8ca041cabe7efd3d6319ead2892592b3493113f3,196946,0.196946
0x51cc942f9f7f9a37c61b05c14f6a0c36762e5913,196439,0.196439
0x5be5eb0d1f19d9fc4b0abb2bfecdf3825291d182,195992,0.195992
0x8bc6b80c86d271f946a47fa58b90dbb4758a4e83,195991,0.195991
0x8d0328b4f6dbd62146266046f2e139edc37c27f3,195702,0.195702
0x3a3c3a5115bc299fe4e03664c9bccf43bc252a7d,195592,0.195592
0xd370d39ef962d504e661d75f28aec670eb703468,194559,0.194559
0xd88b8eca2074fbe999ae0d048c12c1caad5a2767,194453,0.194453
0x8d154fd6bdfcd09c1144c9467dcde891dbc51d84,193947,0.193947
0xf0927fc39a0916ebdf391abff45c94b776a49ec5,193314,0.193314
0x9d0e4a7d3de79236528c76ef1f6d95141b4a4dae,192738,0.192738
0x00d83f20b6208701fa30b8e12697a0992b178fd6,192652,0.192652
0x47206d6c972dfede13ac254f5b5c8fda9984f92c,192624,0.192624
0x43e2ec837a789fb39f13098bef24c72c27c28806,192403,0.192403
0x93222e9bb96d3c8fb178ae5ddd0c652396780375,192403,0.192403
0x3bdd7cea539fec6e77405a6142df3d41629a9ae9,192403,0.192403
0xe0d93ee89efd3e3da49f894540eaebeb93c76dbc,192403,0.192403
0x93e71ca938fceab7f8e0abba56827e62ba338542,191731,0.191731
0x0782791c876e6729b38db8a358b2fbdd3b7de8ad,191695,0.191695
0x45832278372f70e6a4b447665488a2f4b188befc,191074,0.191074
0xfef2c6bc22d9e80bdb4ff5a8a7486490fcdd317c,190538,0.190538
0xbccb7dbbfaa10f2dc50af432ace1a2a98fc84525,190498,0.190498
0x87e57eb8ca103b8a47d017c5e55c40d4b13ff14c,190498,0.190498
0x4c655749cf0fb0e8671cdf4f40c2b0d43221bc8a,190498,0.190498
0xf86eca8654e0250b395569c356039af828226cbd,190498,0.190498
0xff853c023d3377d896e1e8950a8df2d17bc7635b,190428,0.190428
0x2a543bce0396728f13f874463a93011076a165c3,190410,0.190410
0x423c5adb60aea190dc10381788be2e697fc1e975,190289,0.190289
0x698f31dcadbb85bae9d506786b94d87fef76c2d0,189986,0.189986
0xec9bf4f70a91b8d36621961d51ba0741003456c1,189569,0.189569
0x015122a625b45f68e6d795c0ab99fc7107e4c3b9,189378,0.189378
0x5edae7594dc0e6998bf21721eda38c24fe200586,189272,0.189272
0x1f28b5f85042d55b504c19b25ff411db6e29ed1c,188890,0.188890
0x373a79fc2435fb84f4ac9096a781ad7af94ed974,188133,0.188133
0x6a531585fe0058f5537afa402a83c31d16153ff4,188079,0.188079
0x5a47af9bf1040b8a2cb91bf949f403be8ac80ad7,187690,0.187690
0xf2a53b53f13bfcb2c791c34e4b30348341d2a39d,187685,0.187685
0xbaf11ff31528778efba48b692c1ae92850491db2,187677,0.187677
0x8dc74d867f777074ea1abf936e908120f82f9602,187624,0.187624
0x96bff5ebae3ba7d93f8a3336c68fce474d67cb02,187531,0.187531
0x9c4e95ea7a96cd59aea5478ec8230a3de3f0cda6,187506,0.187506
0x5e5f7652b73bfde9cb02f2d2600b7cfe639e4cd2,187433,0.187433
0x6b5f4fe54e67f89b4a3414019ab3ff26a99769be,187196,0.187196
0xbbfbce1b54435f97853433b1a3f46cf5375d1947,187097,0.187097
0xdf20662bdc9c52eddc14f0e55f563b00876d7953,187060,0.187060
0x6eb102711be85a8dfaf06c59329669557ed9db02,186264,0.186264
0x4fef325458f277e5df336e6a4f51e9231689228b,186157,0.186157
0x42c935d37fca261bb37f133c00b5ca7b84d86bcf,186157,0.186157
0xd234d94de70f51202108f401ec1fc4cdff3102ea,186147,0.186147
0xa53a81d77763cd1f87e0f1ddb05091b1bcd7ccb3,185813,0.185813
0x562a3533d178f289ab80aadd486cd2a344a0cd77,185690,0.185690
0xad0bdaca95f3ddb72bf3b3133c0687da446af2f7,185614,0.185614
0xca23fe6c4c9f5cfe5b04ff58126192255143358a,185245,0.185245
0xe8309d9a2ee183d2fc1c295e2f49a41b00a57690,185203,0.185203
0x8580232652ea39a5d41e21f8f37d334f1b49849a,184785,0.184785
0xb999a1ba9b3f831a9cffd717e52709ecb98fd2c3,184697,0.184697
0xc95d11d5351584c343d8cddc722ec99a635f6791,184631,0.184631
0x82c71d13ff09c7f806706437ffba2a299bb57ac6,184489,0.184489
0x668291b9cfd5dcef41ebed2238ef1f450004ef7c,184450,0.184450
0xa0a8d17d5f6f50bbcaea4c3cbce07b5865384ff1,184367,0.184367
0xe126d84a1c2018b5f5ff821c1539eb8c53f27bf2,184346,0.184346
0xcb61d15a92e71b46eba19cda9484ad65ebf49468,183973,0.183973
0xb1ab4f89a14340925a31a9b78b937a7386aa73d7,183971,0.183971
0x1c0ce9835b7beae4b0de7b0230e6c2a8a4f5b7a4,183620,0.183620
0x66a26df5c37abc383e59522ab21f9e794ec37af6,183460,0.183460
0x9bcc45f844f50ed2817254d287b2628a8dbc2567,183426,0.183426
0x2adfc86a7b2752e46f55c5635e2b8e43d04ac11c,183293,0.183293
0x22c72dd0223854fdaf5b869ff8d0d3b29701c5bc,183208,0.183208
0xdfc4d86c6ae7fe48d995246557368519447e6387,181989,0.181989
0x5439fcf95e5bd105c422a9545f93d24601ef16b9,181982,0.181982
0xa8af5c460efb1ee44c7de44308331e6020424dea,181843,0.181843
0xf2cb78a3300a5938223e9ea9204d70c6e2a595f7,181843,0.181843
0x79038027eb0055380de174fb2ab73e89500cf4ba,181755,0.181755
0xc30b75adb081a24fee1cd0a89ae4a388a0093b00,181686,0.181686
0xef5506131af90e496d20231b326831fa39cd79e6,181677,0.181677
0x8bf09fb26c444302961c6fea27eeb44db4c62997,181307,0.181307
0xb416dbb52254125fbe254a1eb6547fa2dc23334e,181225,0.181225
0xa3ead339fefd54b5459ac8a084068ffe4183fcc1,180467,0.180467
0x122e4468fd62c3c7fbd54605895858c30b124aa4,180152,0.180152
0x384227e2865ad039a241b4febf355a48bb0c65b0,179966,0.179966
0x3357275adb3476d87a6204e3dd09a940f1e26d9f,179684,0.179684
0xcb547ec878d93cfefd4be94abe0da9b576f81d85,179684,0.179684
0x735b9266c2e3b89b2b00a285bb2e3539fd8299f1,179684,0.179684
0x9c4d656d7fd6cd1a411d161e46790c2207d47063,179684,0.179684
0xf0116097dadadf896318554ebd22237a214ff6ca,179684,0.179684
0xeb12834ec821590ded041fb8c27afcd6326e857a,179684,0.179684
0xa05450d47e54d5a939fe90188ed0335c51bbf3c3,179445,0.179445
0xb6f5de39742eeca134a2b4cda5ad4f43617e8f65,179165,0.179165
0x09f67ce55b456c0f3c31db46d44d8c97efb5f4f5,178236,0.178236
0x6269c15cd1e04fd3798bfc904f9378ac0e363043,178197,0.178197
0x7a82a375ea916f9aef261b5559cc5138076f09d8,178105,0.178105
0x030b3d9d920031baf631acac3459f1f8b6ba5f85,177795,0.177795
0xba971f58a00e8ffc7e91c0e8e7efccbfbfe8f09e,176829,0.176829
0xa5fe8f281da9c360ee81d1e75208edeb26d9e5ab,176784,0.176784
0xd1371553eeac917169328b1292c865a018a57477,176520,0.176520
0xbfee762e4e342d83647eaf2f05a6e158ecb80d9a,176011,0.176011
0x8973699ab3c13ca82a4264c8c3e3f8ff25efe353,175968,0.175968
0x19553bdfc57307e4c6c04d92b353351bc0151a78,175968,0.175968
0x0585f0ae8ec9c88671acee1977cf92af150a8466,175968,0.175968
0x6291a2710471c6689b22acf546cc8c7379011ad0,175908,0.175908
0xae8e67cb112cb5507ae574ebc80719e705f21500,175429,0.175429
0x50ea9f07cfbb6ff2a479e36c70e585306b693394,175184,0.175184
0x70bd29d01c89686139b55b0bf804fb55d99bc7be,175154,0.175154
0x7968de9106278081a4ebefb7384e883c21cf199d,175066,0.175066
0x18480a75f76bb1968a9ef28b809fab2ca9c2d154,174750,0.174750
0x64b61a2cff1ddd39a6ccd51a351c63bf15f66ff4,174577,0.174577
0x5cf9050525a7b39e3aa004066b96a397b3fefbb0,174383,0.174383
0x1d75f33daebaf06a0dff56971de3998f93b6ec98,174373,0.174373
0x2a51a7cb736fb9ff7b71c77be3ccdb7a8eaf06c3,174070,0.174070
0xa631e8c292016cb4269d204d4d25aac0c6e78260,173935,0.173935
0x340964ed3ded0ac4aae2f0044579b397c782b2da,173912,0.173912
0xbe73748446811ebc2a4ddddcd55867d013d6136e,173739,0.173739
0x904f0171ef39a9db3d566e2c9cdf935eb6512d72,172991,0.172991
0x32069612a65949ccfcc3211a84edaa08588c277e,172943,0.172943
0x2225a5275750bdb83ba51743c15e90173b10589f,172935,0.172935
0x76e62e0a423cdb147da3f02ea6bab0c45509c69a,172679,0.172679
0x1cbf69e47ed7181332bb20df69c51ffd755d46c0,172089,0.172089
0x1e2ec155c2709c349ae0d77c79e9671099b58027,172051,0.172051
0x61d8489a1f41c96561a2449383c2d681a8c6a1eb,171733,0.171733
0xbb34a25b5f70b29b793fbd928a08a9c8bb2f44b9,171733,0.171733
0xd5457f208cb924dc059b39084ce8f1055da75551,171733,0.171733
0xd095b08c1dabaf2434718127ff1fbeb65af64818,171733,0.171733
0xf2863ed6a38614688a4d96cf2b6a2f58dfbaf216,171733,0.171733
0x3a6d8ca906108a5a5b02fdfd72efca5153220747,171669,0.171669
0x37af1513ce7a7860d46a11c3eceb837c4e2d0732,171190,0.171190
0x6de68efb35813785f0cfaccd7b81a18ccf402305,170658,0.170658
0x468a9d320d1f92f616eba0f6b98aa005e8172c4e,170152,0.170152
0x6188b71bd47ee7ccb679a6a313ab7173f69054e7,170138,0.170138
0xb4a9e1eebc8a5d2f1b8127eeda63a6a57e5a9338,170102,0.170102
0x39ed661f4efe64b03d4e32257a486d587a2d13af,170050,0.170050
0xb0640460e2eeeac56f364495ac2cafe1fd46751e,169114,0.169114
0x8a84a2c2439ec2dd38be74cab4689bfed2812a70,169006,0.169006
0x365e937adf1955b4d97e34b0c32eb697bba52f38,168949,0.168949
0x9bde0836d9f7386446a455684571e7694f9d909c,168536,0.168536
0x4392dc15bc16e7787b66ebc759d1ef03997a63d5,168386,0.168386
0x8676de8cc5df85798c01f263b539ffa64f966df2,168366,0.168366
0x6c26869e5512e94735af93ba24a11b82478eb7a6,168366,0.168366
0x3b5feae4f2667c3c8a4219e481d12fe9dcf5d7e3,168366,0.168366
0x7bd65903d1e84c646231252ddaa4b54ada32950c,168366,0.168366
0x12d2f8765b1e70f53118b6fb7e1ef7f33af8dbd6,168366,0.168366
0x996131eed1fc6f83f8245602c8d171227311ceaf,168366,0.168366
0x8695f0b7631daf5ac7a4dcdb3ebe31d9a3e42c85,168205,0.168205
0x9f38304f33937a3eb2ba4c70a9a211574ed4aa21,168171,0.168171
0x53b0e9ca691a75bc584589010809339ee00b69a2,167908,0.167908
0x15c61527bd46164f33eeb7e6b32c76a0ada83818,167645,0.167645
0xb8d843e3913df51c4b4f25f2b9a57b2c1bacf560,167306,0.167306
0x45b23d8166afc3ab9e2d4034be8d193871d726c0,167290,0.167290
0x73af74bf2c2aab246daee49b9306398c6ceea6bc,167260,0.167260
0x136eeeec58b10eb66e8414daa8280802254af29f,167001,0.167001
0x0f615319d7ceed5801faf6b13c9034de9223a3ec,166934,0.166934
0xe98f0276a5f59c2b54886a17b0a2fac717915510,166737,0.166737
0x78995e019409532dcd0e6c981bc29989112c738a,166619,0.166619
0xf3c083bb6fab2f22949e69e5470c34d6117eb044,166157,0.166157
0x255476baf4ba8c2ea94c6269a2bd9f5f7ee30e1a,165942,0.165942
0xfd6972254906c2ccd4c325f67dcc1a2ebc80652b,165918,0.165918
0x4c01495c14f9a4f3b800d2c8f7d2fb701878b406,165790,0.165790
0x969e7ddb3446d07dcbfb3d91dfbd87224a38ed2f,165776,0.165776
0x221664195e3db9adca7a3865a4eba05648a37a53,165690,0.165690
0xf348e34b841e193947724de7c3332026143f4c71,165685,0.165685
0xffc759efe07d2eccf816efc2c43b6deea675a524,165394,0.165394
0x125eea1adb45b82c3efc08a1f18ae0923db713b9,165369,0.165369
0x9eea830a47b5f9567b7de57f530c26bcdd0c5d9d,165160,0.165160
0x6632e27d0255c1d05a495d0849231e03311df942,165103,0.165103
0x4e94a72766df7b7b555a378d20a4ecbecfff398b,165074,0.165074
0xcd2f92bbe57dad6ebd931c62f8163898631a7cd3,164936,0.164936
0xb7af223d17493789835a99b8905718c9d29e8465,164933,0.164933
0x69cd0db0da01ce346d5b6c75b7742a8754947798,164500,0.164500
0xb8f158c2d63c20d7404d707e4dc06346cf9ef0b4,164322,0.164322
0xb91b401ea497b076369a47683c29b687667940ff,164141,0.164141
0xd7ff5e73f7697917b592f7db41e8a3eae3fb3b4c,164133,0.164133
0x3c8dfb61c95ea6e25131bcec067ceafbf38f202e,164128,0.164128
0xa27306abc3c57f0fd1e553a6963ff83acb54324f,163955,0.163955
0x7f5f0b6906cfcf39b5087be674077a4be80c1dc8,163945,0.163945
0x137ce05f2700616369116073907254197a68a20d,163783,0.163783
0xa0736e8e4248395e6ad36d30db8474b53d65d2e7,163406,0.163406
0x58f6871493336daa1a3842645f2c65e0194e741f,163325,0.163325
0x6c554b8ab5f2ff1d390cebbb8682827f5e6575c1,163085,0.163085
0xadd379e4334f2106cb6ca5c0ed08b0686d09849a,162639,0.162639
0xae5bb44c034e362ab8226215a4ee49ea5bea81cd,162474,0.162474
0x2dd567ef623ac6c7cd48d07056669bd9f97918d3,162319,0.162319
0xb3b1d52c2a7c9b0b0b3cdebeedc8830b1ba4cf62,161693,0.161693
0xe8468e3a156d77509c5c71ddb6f05a3fa44a4ee3,161488,0.161488
0x1a9d846b6f57e087805290ba4a2b4c9ee366025b,161120,0.161120
0x1104660086f9bf1496b71a893b806c61f1eec865,160859,0.160859
0x3cf037b3fb07e014e2bd3f01753dcc3b210ce5ef,160859,0.160859
0xa2d6032c00425f44aeef43a2bd046908a264bdb0,160859,0.160859
0x805f1e83e3c5da3100f9596b80fb14004b2b5935,160829,0.160829
0xe6edab836662a5a9f8624f3aa4c12a53595ebb56,160800,0.160800
0xcaecc0fde6f11537b11b75c6bfc7d24951824c40,160287,0.160287
0xfe94a03ce7d372127addeaf04509bb30bf6d781c,159739,0.159739
0x33e7dd8de215c1b9ef73c80b811ad363d2f41a03,159664,0.159664
0xbbed950a05b7f07a19bf3d3e828b2000c90a11cf,159616,0.159616
0xc6d7ac1118f8ed9d63c677eb8427827cc314fb00,159601,0.159601
0xeb917e1546da123ff9686c17ba5e973b4947fe23,159516,0.159516
0x3bc232768c62ea03ed2cbdc9315223d1df820f64,159498,0.159498
0xbf0f6c4d3af3d4bcd2294c58a045402b42c7cf55,159280,0.159280
0x1ac11a2748af3e46a1696166af8113c5fb83f4fb,159188,0.159188
0x99d64bd4a475215373dddba936581cfd2a4f5166,159051,0.159051
0x44cd519de278696b10fbda14ee68c51138f978a8,159015,0.159015
0x0b8811645466885443f084fca7bdc7d2a5c5e07d,159009,0.159009
0x8cb332c0098b8a63290bd556e58afb1f1bc7a547,158987,0.158987
0x4a82f814f888d3106364d1216466301264a76d36,158960,0.158960
0x36bad9327194a07a2f82dabb0cbdda404981cdf1,158885,0.158885
0xc9503c9da548e1c911c76741b5c499cedc53bb8e,158869,0.158869
0x86c3f3d19753f2c8633cb158ca20a88e8973dcd2,158737,0.158737
0x61b316b3072a9a4c4aa00985db71dee8d61c909f,158705,0.158705
0x353a65d598fd099f47665f2fb54f33bd689e2263,158679,0.158679
0x671f58014153926e02014d1cae72f71b48d20938,158592,0.158592
0x874beb5ffb01a5c8d93a9276ef5179fec7096d13,158570,0.158570
0x8356edf3bffc6cbe44fe0d0e97768c4d9f682535,158544,0.158544
0xbbdd0ab42a0e6a5a8a629bdabd8cea5e7561d80b,158544,0.158544
0x004756f846e62c7d5d071e5198177bf06034acae,158544,0.158544
0xf260cc652849c3e030e641803e47f9c673540bf9,158544,0.158544
0xf59869812096f1f8abdffcecf067eb140b4ffc3c,158544,0.158544
0x2a7a914ce67d12d2c141e634ab82d11a83555db6,158523,0.158523
0xf6218b5470dbb359a10516156b476aac0067809a,158487,0.158487
0x729fa43bfab19ba54be6918e45ad169e6d2bf949,158349,0.158349
0x951fb3cd1ed63f78683d93fa97ae7133edddd199,158318,0.158318
0xb20e3f9f1d6996b6ff535abf9e780e1974e11326,158196,0.158196
0xd6fc2976f8729886cab0091b79d146b38c48112f,158195,0.158195
0x9fe5b9819878679ada7f7ab19066f12393807498,158135,0.158135
0x13306c12c3dfc34c46b42789cb92e2bc34a7f7b3,158128,0.158128
0x8d569bb90f1309b0d59e62f6aa41452795c799aa,157933,0.157933
0xe79f63b8fd5b66693827b3b37e45b2e555f7ee02,157756,0.157756
0x9a7a080995c318a97136b57bdcace14edfb386e8,157735,0.157735
0x34bc0a5e4f86e8f4579e50209008698862408b44,157663,0.157663
0x58a8a94b2b6c8be506e63ef20255b8b7803325cb,157459,0.157459
0x3f904e3c3a8cf11767e7f4339db0ea0c6a60ba88,157349,0.157349
0x267a46266d4db6e60ec29167826c7182717a727d,157203,0.157203
0x775b38707acd0db991279e311d10d4a334e9c65c,157181,0.157181
0xadbc0d1fcb4675830cb1df247aac35f3ae21179b,157179,0.157179
0x6cde5fcca6164abd43cc0ec3bdf57bb5c51d5a30,157104,0.157104
0xc8bf7ede84487b49ad1c46635f1b8fe74b4da0ee,157057,0.157057
0xf4922e746ae3d55e1e588443b416d5f3da606fe5,157016,0.157016
0x73c37567d55330620d05a37fc79dc29f706530a7,156998,0.156998
0x830afd1bb20aa7a4fea83987f4a52d484b0d0b52,156824,0.156824
0x0bc919a255400606b00e9082ad874f426d08ac24,156498,0.156498
0x1afec7d482287b5573c8a7280f91219ee1cc482a,156431,0.156431
0x1bf457faff37f8f3de281a4523e013659b24e1d5,156204,0.156204
0x6e9f72433e7fd03396156ef7b979658bcd4098f7,156097,0.156097
0x95935a47509962aed6be43ac3d4d877be0d39236,155991,0.155991
0xc7d42dbedc8efd6f5633b0865c42a0abfb827a75,155917,0.155917
0x176129585c7244b164592beb569f96fc384e99e0,155834,0.155834
0xc953bc0880e74a658d3e3ee92d2ef0ae0b44ac82,155815,0.155815
0x9ea76ada9bade747e3c25f66b78dff916743d371,155798,0.155798
0x6df7c8dfa17463da4b226b0900c6db55c1d2345e,155743,0.155743
0xf89a01c75b5b0ac23696e575d1189b240ba5e84d,155722,0.155722
0xca0ec926db42f1376fc2996289ae76a7722262ce,155616,0.155616
0x058525df42efcc4b563d5121416baf306c87735e,155444,0.155444
0x32579e7646bf07a755be9128f89436a91b90cc7d,155416,0.155416
0x9db2259bc5cfa1f6302aaaf8d64d0e4965481243,155404,0.155404
0xe391a61d8725c02a7ecfb549abbb38c9eabd3c7a,155123,0.155123
0xbe6164141f73d881a0e0780435fa8301d154e551,155088,0.155088
0x0de6674dd5234cf9f95728e361a5785aff7a23d1,154930,0.154930
0xfe004144e5ce6e0087aa8adc41b994fe0b7e0732,154911,0.154911
0xf7f0cf9a3bd0d33855a9c9fcfcab3fd015b6fada,154865,0.154865
0xafd55fd7c3e53c369a48614a9845069471e8fcf4,154856,0.154856
0xc8af5ae4b19a6546ea5e088a279d49d2d03e9896,154855,0.154855
0xd1531f524d2af84d218045d887dd0bea6e353924,154702,0.154702
0x320dfab8a84b93d6a8e5ce63e05dc847fc3e31f3,154683,0.154683
0x6e7d4e3c5500a60bd3cc014165a257773ab7aea3,154584,0.154584
0x0557ec65f0607d28693b09804630021fb30be24b,154537,0.154537
0xa0e21c127398e5153d6e6beb245aef8301238bbc,154454,0.154454
0xd804788b43d4fcbd37c66b35d7900b2c467ba401,154388,0.154388
0x2881a58796ec4ffcceb307f0c01ed7b760281e7d,154303,0.154303
0x00bd6f15e70b2b317e24b9ff458ba3bdcdf80dce,154191,0.154191
0xd81748904f2d7c687426405010e575ec180677ba,154164,0.154164
0xb0cbdabe5c3cd6292fda098c388c3f9bac1c9320,154006,0.154006
0x9585dfb88a618b4ef117628e6fa645064e50e1b4,153921,0.153921
0xfca678e95724584d57c47913c6d4d790e85d6375,153912,0.153912
0x6f3f4df31643eefa4c3185a3a92e41c86cf73613,153559,0.153559
0x8dc548e43a5af2dd3e29850448f517ac3202f963,153547,0.153547
0x881524ccbbec8b11d6b112412ec0c8b0f498c3a0,153547,0.153547
0x26c742dd1f187430ceeecfb368078b0b9db45d17,153474,0.153474
0xf5efbef95b9e600e99a6524b4f5dac5fd304a656,153444,0.153444
0x9caf55c5585de7d2304e341909e97733e5aa070b,153437,0.153437
0x1e026861c1dfafbb025f60500e94b68a07667cb3,153419,0.153419
0x492ca590046274dfde3bbf529d2a6019ace2da74,153397,0.153397
0x5ec8beacba0b024d1e33c01ba4348c41f35b501f,153204,0.153204
0x99ad9b21a5b5c530c043300a4ed2de749d71c71d,153182,0.153182
0x06a1d9a9ab8849df575db1b30e8f4cc1df6e5ed6,153048,0.153048
0x72c581ef632f103ddb41071306fcb5dc9a341d27,152963,0.152963
0x711571f1fede0167f9b20c9dc97cb03770f82235,152950,0.152950
0xbea45fddd27cb796da59f12549fc81d147513e29,152910,0.152910
0x6bd10ac223daac876ecf17d7ab0bdc1571f59f6b,152862,0.152862
0x903a881a17c1a0fd019fe549a6aa7eb735df0dc4,152730,0.152730
0x39a9cd9dfc210479daaee6003ef6c150dbebc352,152661,0.152661
0x983b36872ae1bbc40dd0a99c3ed98429fea0ebd4,152648,0.152648
0xcf4eb2bb15aaaac6e67925510dd4415087cd548d,152602,0.152602
0x908fa4d16f18730968201e86ddd9105f4fc6a5d5,152429,0.152429
0xc18cb0f0ed2528e45373e1fd326dcef5d76ecef5,152427,0.152427
0x2baf8f61f15bb1c23403c9b48c365ad6f488ed16,152367,0.152367
0x1fc7f4d863ddae6f8861c9ac9844fe3583bcc4af,152341,0.152341
0x51cf655c53219524035efbd05e81db5fbb4e7ef2,152311,0.152311
0x7f27579d952a79aaa6a1c8f0ebfc73b8effb7386,152305,0.152305
0x0fc07a46dd51921f1fbca9231f0470b6714002c7,152300,0.152300
0x0cd64cedae87ecfc693dd71bd8081725a6e8e037,152281,0.152281
0x5d9f83e320600180a6a1ef286aefc1049e3338ff,152274,0.152274
0x6b1b3d886c2629f1cbc4612d2d9ada8030a12fbb,152273,0.152273
0x0d62cd19b94aceecb74489de363f2c87ac0b31af,152179,0.152179
0xb04fdcdca4c0f4b5a552cd1602543388605896dd,152094,0.152094
0x0283ed22f42236226f3253236b3b8afc7faf5cfd,151970,0.151970
0xb240316e290e976e31f1557b3b312dd698efac4c,151841,0.151841
0xe7a9aaa12a68d4b39dbfdd79112320189e4cff25,151560,0.151560
0x68ecb2b2947718690deaff03040dbbc50042f49d,151529,0.151529
0xad2866af3354061066a808819cfb8401c3b4128e,151418,0.151418
0x6485aca1197317126addc226bc476f7f1c4639f6,151418,0.151418
0x8ae0e530524900e6a42e7f81b7445cf3fd375e6b,151371,0.151371
0x3e27c4988d7a6498a28a771b6ed2fce5660291ea,151277,0.151277
0x6ffe220c81fe1eb05ad11e89563caba392573891,151070,0.151070
0x33e7be62d31b59f140f903e86d6920d2cad4517f,151069,0.151069
0x705e7bd2ec30dd1e1a2bd696515eb973a34a94ca,151060,0.151060
0x700b5341413472b7a6f17c61453c882476eb6a3b,151029,0.151029
0x30d19e08f8739379152623dfc546aa16e44cd4b1,150967,0.150967
0x14a170524691085e36238bf6d67147932ac8f93e,150957,0.150957
0x29e9ce4dca8608cab40fd999ca0d91bd684506d5,150766,0.150766
0x14f8a49396fb1f6f0cf48cd9f5f7906ab9fd52fb,150622,0.150622
0x61d7896e86e5d3db34acb22fe9a7609a85219aca,150622,0.150622
0xd1b8ca3a4c8ef8a3d4864c8a3304f2a22c4975ad,150505,0.150505
0x7386c6151008a99a4a0ff3fdf556bd2e479b1f6d,150420,0.150420
0x4ffc88958e0a5ced57e373d32bca3da24f3db8d7,150157,0.150157
0x50c568b5892e04ef6189e9789328b5d424ecd052,149923,0.149923
0x77a4880d4006e662d7c87e91d37588e9b1132b9c,149568,0.149568
0x7602112ef40eb1e31f8dc8008bdf46538e7d7df7,149375,0.149375
0xb0bcb2df918fd2c6ca5299d5d68d225aa1b49f5f,149263,0.149263
0x23bc028ba7b65c2f0dc1cfb863eaa07e8145394c,149214,0.149214
0x0f767ef8e052077dc0036fe5afb7b942766a7e2d,149159,0.149159
0x0eaf575043192b36430a83e9a9d2ae201adaeb98,149135,0.149135
0x86968e48b392f8ca9f08ef439bbc3e1c69481d4f,149104,0.149104
0xef96ed1826e47d52b51d3c9f38d726a81a513fdb,149043,0.149043
0xf709614f3192d2fde618b0add41b2b2b70c8973d,148742,0.148742
0x833f0169c61ce0c81694fd38cef5c68dc787cc93,148544,0.148544
0x5ad592a38c20634e5eb181da5f8064e356f90eb5,148510,0.148510
0x725479916103c4e094b0c567f24ccbc9e2871c1d,148372,0.148372
0x3123a45f9c97b7931ee6bea9f2f157cc947fb56a,148036,0.148036
0x25b1300c94e09ff734eca4a918edf2709a836d2e,147961,0.147961
0x84123f7ac0d6deb484c83025af46af91f6c600b6,147708,0.147708
0x2c8f236ac4d29255db678303d957cb1810221cee,147698,0.147698
0x25a3892517bd70689cd44be6162f19f5e55592b3,147698,0.147698
0x5aa32a8663b66803de8c873e621b07b42d70b2b5,147698,0.147698
0x17ff87e6d4e438807f2b584461aa9cac796c5704,147698,0.147698
0x872bf8398f30bbef33dd7c1dd988023f0ee1a726,147698,0.147698
0x54b48df53d329e13a3f7004f5072445ae5c039bc,147683,0.147683
0x50a43214941009a55e554ba894efa0bbf1c034f5,147158,0.147158
0x2ae7ac4d95e1bfe1172fae1c8efe9097119216cf,146977,0.146977
0x75668f49e2e526720c06378d3e1667e3bfe0a890,146860,0.146860
0x0edb635efdb162ff3ce1d63fdaf36e02f7e2bd82,146782,0.146782
0xed68d1850d234083e7fd7b33e357a6b8acca07d2,146429,0.146429
0x92b3cd6a5e8dfe8df7ea7bd40ed75e670107b782,146360,0.146360
0xcc227cdce305f14d37115fbfc0463e81142152ca,146297,0.146297
0x69e9518a503c275658db3628b4afdeb8fa9fb299,146268,0.146268
0x1f37dc818ec11251297ba3deb38086cb2d017e98,146235,0.146235
0x7769361b6722f69009bae8dbd743311e4d9cfe43,146235,0.146235
0x42c61b5c373cd2e65dc7ec91eb476294f066f593,146235,0.146235
0x87f11099c13c438d6af735fe8f28ad06a3103dcf,146235,0.146235
0x93c08c4c32d80978b68383c3398e3cf8af785535,146235,0.146235
0xb581eb8239d6a52349d0f484dab17ecd84258778,146235,0.146235
0x33aa759d5829c8e5c5dcf17aa1e7f3fa31b67399,146235,0.146235
0x808112f916300fe4307f9e8879fbe2fba13626fe,146235,0.146235
0x3ca2117496580e0e862f1479f98b5893fdf28ee9,146235,0.146235
0xc46d481a15e266eeb36a1d15908f755af7e8c33c,146235,0.146235
0x6b0713616f07553c500ecd24a032ff12548513fa,146235,0.146235
0x7ebbf89443088da7a35b5765134d67dbb18e3cc0,146235,0.146235
0xa929335eb9ae08857043ddc1fa9ab3b9952193a9,146235,0.146235
0x4455b1da5f058167cc05800efb5a7055ae33fa0a,146235,0.146235
0x506f4480701aad2e58ea858ea756fe388ca29129,146235,0.146235
0x64edb7cbff81023e9ec1ea49ed074e66996ee9b2,146235,0.146235
0xbf569ba8b38a3844a01b52d29e03a9b433ff821e,146235,0.146235
0x405054c97ff467e61bbbd1c6c6b2ee492028512e,146235,0.146235
0x50d06f7a017fb5f5556f5fb4c11fab0cc0a68b70,146235,0.146235
0x61fb61264bd2345a96327fabdb50ec9d6d5d1c0a,146235,0.146235
0x7fd9b900c4ae4741104721f5a423bf7566e65f10,146235,0.146235
0x4d4ac7416da599e7fc282e59d3540831f1811812,146235,0.146235
0x0bddf4e169c35b77186c6ce1c987408689c4634d,146235,0.146235
0x2a04119f812da0b3641a39ce7ff84d12cd54a326,146235,0.146235
0x33a61e6e2eb39e5e2e58baeee309d8f68ec85687,146235,0.146235
0xcc8b0b599fcfac5649d4de5a7329b6e8bf60d698,146235,0.146235
0xef734a8b1dddaf45b486bee1598cff698c101f29,146235,0.146235
0xeaf4f87e6b188d9f123fefb1ba16fce92d589cba,146235,0.146235
0xecbea9986984c0a2bc7bebd638b3a7f24bf068b8,146235,0.146235
0xe273331d9c9dfc6e1cd178e96e3bdc104aff9617,146235,0.146235
0x742b278560f91c762ad1f0580b37ec3c91592099,144950,0.144950
0x16deaa7adee82463ea617dfb931a6bf2b41bf428,144795,0.144795
0xa15b1fec286867acc49a00051976cde54d4a8a3b,144688,0.144688
0x643aaa8e4b7ed2f3df0a04412f428cea245382bb,144446,0.144446
0xab54ceedabfd613934881b895749c293ef388eda,144294,0.144294
0x0d36edbd8d832969c238238569ca126264ec01c0,144290,0.144290
0x0542a140d9c119c03c47cbdca77a750a750c7078,143873,0.143873
0x05a8e48f43e66f95fb30549ab6aa0ef8197158c4,143853,0.143853
0x55f511f78baa03f8b78bd751d07e953536e9160c,143558,0.143558
0x34e4784ac32360f69187d97beff50805493c9564,143178,0.143178
0x3f98bdd1c3823d5ec984521fd939f3d8bb06bf6f,142720,0.142720
0x5542cf9f08db90ef54b457f48f3cdca50b88e9bf,142571,0.142571
0xcc8223d078971ec16e2ef85e180d68bbcb361f37,142130,0.142130
0x5c9fd97eca2d186780461e2280f124fb3c2afe91,141971,0.141971
0x84151a4042785f01ddb1fc06c45e62279d9eb2ab,141934,0.141934
0x1e7ea35a53dfc77155245956128011ad592bd7d6,141600,0.141600
0x1b7e4138e2cd84a7e5f460c3053426678c474bd2,141497,0.141497
0x8154afa275bf4f038ae22a687e1bd561e7bbf912,141469,0.141469
0x1623c44b696394f635a4f96139dce71fc6c7aa49,141425,0.141425
0xeb4ec598d1d8f5b6d7e72621e8fe2c62e2442a98,140912,0.140912
0xe3278fbb91b4711d4475c20375a1e4e226074f7a,140591,0.140591
0x2d69dcc9c19123b3029f563dd5c3661f7440fc6e,139638,0.139638
0x80f782f78edffcac67cf250caf161186b292641d,139524,0.139524
0xb61c4ae25f7918f6200486de33d7d4c4237ab927,139490,0.139490
0x7af57ce1e0270bf720c1129e60744305dbe791a6,139480,0.139480
0x7c89e852d864aa162e7718c59c53f41fbe4191ce,139432,0.139432
0x4320e0c461f8883c389acd3366bb5b0c197a7ede,138789,0.138789
0x7bcf98e828e281a4ed26d97b9d590050b522039f,138562,0.138562
0x46883dfeb6147a34ec4f336915408d68c306a185,138561,0.138561
0xef86608f41f57951ee462bf3e5f938de04f81032,138466,0.138466
0xaad25c9fa55d5e577b2d8bc5bd4244f09667cbe2,138298,0.138298
0x061fdbd7aa8f301d75f3bb3a5f25803ac2994b0d,138059,0.138059
0x26a18edc92352ce153ef60eec37d68503fe460ea,138022,0.138022
0x724ee62b95a70afcc5f3e1e1430b5727136f79b3,137790,0.137790
0x8662399a2b270227a6f49e910e984ef3dd43c18d,137789,0.137789
0x46c7401ff8a4ef746aa18cbfc113c53f5bd3d803,137735,0.137735
0x8c18d02b20e69ba0196905de8c6c272283076f82,137573,0.137573
0x208f357ee2e741505c7ed7c78e607c3997639e04,137561,0.137561
0x7c40eb76713df2f18243e7f9fb5d53d601b31d25,137405,0.137405
0xab45d3dd2f01643120143d559f5084c6b8278d07,137069,0.137069
0x1f70ab7a96554f0cc1f6a4c57f2b244e8cba2f92,136900,0.136900
0xfcd1005630b9c2b7be721d01e6a67364faa18ac0,136705,0.136705
0xcb29e84d4958aaf95abf523c6d61991d110410e9,136600,0.136600
0x5fb28f9b7c925b9e36e0fc0c6e59a45ec5e73edd,136192,0.136192
0xc1be4f4542871127a9a8ec7442f2865130ba031d,136008,0.136008
0x8751b2acf0da3446151f3e58fbbb13ce55c1fc7a,135999,0.135999
0xfb67f8d1b74229b5e74d31b65907fcedaffc68b4,135995,0.135995
0x915c4580dffd112db25a6cf06c76cdd9009637b7,135795,0.135795
0xb47f0c27edb50597dfb50490c46e59b0f77aed1c,135627,0.135627
0xf115d93a31e79cca4697b9683c856326e0bed3c3,135554,0.135554
0xf0e43f1fccd2cbbec7e3a0eb6f6a2059e8734bb4,135523,0.135523
0xeb2d0b86bb2185347ef055a18f9c3ac409430558,135341,0.135341
0x61477eaa5e33400acc353390ca001be0eb706eb4,135223,0.135223
0x5d4398fa15b4404e14232799e0b6cafa4f8e948b,135215,0.135215
0x7ad4a3cea9e5bd99ca4f752a45f6e779b356d132,135177,0.135177
0xe1de24f3e6ba941287714f107fe9465da4b402f3,135075,0.135075
0xe379a76e8d1c8f4741bd9f8b4c50d192adf8a027,135008,0.135008
0x60607242716e7d31faa5c4d615a9fec1bf30d9eb,134867,0.134867
0x2df8905dad03b2ca5db18253a5477fb542b88937,134810,0.134810
0x7b80efd8f4a30eba2cf3852a7166288ea8f087fd,134692,0.134692
0xe508e905315bfa0a19ce2aa66513091de0eac569,134692,0.134692
0xaf22590ead6ebe822b9815f5607b5eac83193a5e,134638,0.134638
0x5e6cc69baea679e2b97355fce87bf8f1e8bb52bd,134603,0.134603
0x847c12cbcc39bef6213b8b430b36b1e0cf9a5d72,134411,0.134411
0x280224b167b30e8317a1aec8aabf4678d9a2a3dc,134344,0.134344
0xb786e29b15cde222b653257fee626553ecfe3d27,134159,0.134159
0x6823d39b249d77844576110866e1c8fd0f2f85ce,134016,0.134016
0xa3cf1b26b3da9c66d0303f01cb10556687be5ba4,133924,0.133924
0x31a4edec7023a06af0a4ed4f17ebe3dd967c5c66,133906,0.133906
0xf0bd44491f2dc41e609305e88d02febe279592e2,133806,0.133806
0x987f1bac7751be582c180287c5813429fecadca8,133777,0.133777
0xe4bfbe02a3d83fa50bd44fdf799a46c605e463bc,133775,0.133775
0x94e00a8beae75a0915c44faa9faf314356aa49e8,133637,0.133637
0x6d3b189316e9a1bbb09c0eeefd95aa5461192fe7,133624,0.133624
0x87de866626100bf525409e62dbfd3f96bef0f4d5,133495,0.133495
0x1aa2a2d4b3f26edf4d97cf85041159183cf06203,133360,0.133360
0xaa696ff7cff0141a93cc78159a3ba01011b25af4,133348,0.133348
0x51c3c8061a45ac04fbe7c965d33e8b9bc79b4c3b,133055,0.133055
0x7c73ecb61995f68e718e7994e289f3837864bdbf,132670,0.132670
0x61ac8b1dea6a0f5d567e890a444361e68b2ac094,132483,0.132483
0xea139092b3bac3934e8819b8c82cf9c5267103a1,132385,0.132385
0xd7bf94483959f5c539e2a2c0d9831a45316d1742,132331,0.132331
0x033a473060f9c2a74001c716861ea0378ad118e6,132286,0.132286
0x4e14e058c0acacb6c90575cf3f8901125de5fd4d,132278,0.132278
0x55e62908f680df5153125dcaaf8e90f4f6574ce0,132266,0.132266
0x26ed28800c28b1c6912c350654a3e5d867cb620d,132123,0.132123
0x19a0d6498e63dbb30d5a78df57ab8257d0880fd4,131998,0.131998
0xdfdb9484643431c12d8901dace3e527d2929c197,131969,0.131969
0x7206bc81e2c52441eeffe120118ac880f4528dda,131611,0.131611
0x23f4ab149d3439781370acb79f6d93018ecbb4ca,131588,0.131588
0xe5e0dde714082fbe7bb94ce21dfa0f03e1a9129a,131564,0.131564
0x48466e873e972505069bbc446825a8455f2daccc,131424,0.131424
0xe6a9f3c1260e09e5107d8614293fc08b9cb3b5e1,131277,0.131277
0xb21e580b0d3b006810c2c0774001185f0966dd5a,131256,0.131256
0xcfd634ed47a7c59a0ea74f15fc11d313c2b31fd1,131182,0.131182
0x20708936b4189d8b017a2b567a104f71c915fff9,130932,0.130932
0x5f2265e549b204d2810e0577e413724dff5966fa,130717,0.130717
0xbf885c8359b6d7e868995f80cb2cd3ea4350e377,130476,0.130476
0xb62b8f6d2fb40df3dda2639bde6edc2ab409f853,130441,0.130441
0x48bd025fc40e2efc0c76b90646cba3c083bfb41a,130335,0.130335
0xb8086686cc64b55e4b85d040f31b615a9de5125b,130309,0.130309
0xaf43c72a85a1d3539a0bc1ffa1328edc9b57bfac,130309,0.130309
0x6a5768ea786cce2f811bc55ff5c264cdae847433,130309,0.130309
0x9b70c413f2e63c04971f739477ca4c69a1d5a5f0,130309,0.130309
0x661ea033a4881f933d81bb4ebc3540aa97ad5978,130309,0.130309
0x6eddc19b869a96d64926691e94c9bf8d95c6e6cf,130309,0.130309
0x072f5aac3b6114d122b8f97bd5020076464b6f7a,130309,0.130309
0xecc63149c2ed5c3f7c07a2c0a6c37073ce5421a5,130309,0.130309
0xa83077dc8084ba5aaf45cd33091cee4df508693a,130182,0.130182
0x29d516df3f6a80d9754ee7110f58b6b7f9cb0f83,129820,0.129820
0x1e26f7eaae1f7196fd414816d6445bdbcdf2effb,129763,0.129763
0x689fc1f47de1297d0b5560acdf5d110c0d748bd2,129691,0.129691
0xc74d731221bba66224b574aeaf130f44920ac932,129544,0.129544
0x420c44a78408105a639db060ee932b675b48c7e0,129344,0.129344
0xe81b8a596c6241a16a519d085953df87451cafb1,129317,0.129317
0xa8494625b9c11423fd2b21be73ef0870dafc447f,129155,0.129155
0x7fbd935c9972b6a4c0b6f7c6f650996677bf6e0a,128926,0.128926
0x54926703e36ae36704d661f82e39d168ec1133d6,128689,0.128689
0x085737816a96fc5b8c16a0b467fbc6e2f2e925b5,128687,0.128687
0x85b1e7558f4c1bef6c85c86bf8745c6557eda468,128393,0.128393
0xf9467cc5e5ec03835e890e0d5e6850f2efe73530,128376,0.128376
0xd3636aec7782ac9ed00dea96ac82636c23b050ca,128287,0.128287
0x9a6ef239db26ddd5455aeff2bb81c38fd0887669,128180,0.128180
0xf2ba21f88170a611407b576f7d3635363937465f,127854,0.127854
0xb10a6500f4148e16e6bc05a5ea3089fd3d57f157,127827,0.127827
0x82c14a61052bc7b9b0cebc07e9a522d08b039b11,127781,0.127781
0xff03eb7fd695dea330c8e383c453b65dfbe4dce6,127720,0.127720
0x715bbce4c827853c969894cfa83f1e6e7fcc69f6,127638,0.127638
0xea3d1ac33b67a24fb10e801067faf5a53230c3c5,127576,0.127576
0xb93ce08a0057a392b623e58ce0ce6964057ae324,127514,0.127514
0xca8f0b0a00d9f32efdec4942565e2a550cde77b5,127230,0.127230
0x1887a0af7a7c2804c3ab92b358515734bc1ab8b6,127107,0.127107
0xf4af57e674f45d0be2d7cf14a5badd9cb886a0f3,126944,0.126944
0x57e52e43f5f7ca565425c5510ed08b486fe68f28,126817,0.126817
0xd34826c47d90fd7ecc9b44048b33f77566179430,126568,0.126568
0x6e9d071febf38bc231b6150d90406c3df645e045,126519,0.126519
0x050a63fcc68edd914ac30c5224eeef5be766de7b,126482,0.126482
0x8a3914fdc9bdf9348c7750fed40ae0b7bf435e7a,126402,0.126402
0xbe0bcb8219e6c017063b6e14ca08c31f7a96ca2c,126383,0.126383
0x92ea5bf3d1bb2d4a65a518a42b30d6e8091192c8,126295,0.126295
0x7594bf57be54ccbd33dfc61ec955536440634e06,126291,0.126291
0x3f7d574e9dfdd2dd6a6147ea9d8e55e77d043cba,126274,0.126274
0x79e36e143161a6f2dd48d80bfd6da37a5f9627bc,126181,0.126181
0xaf6e7ef0f9ed08c3b03513169b11b01f83cfb14f,126099,0.126099
0xd53ca7c79a8bbfc4c58687f2b60ffb3a9842ab95,126061,0.126061
0x44e3429f97a09943e3a2ca8942ae42e297faec49,126055,0.126055
0xc7fc5662d83ed1f8aca6a5770f752445a4eb1c1a,125841,0.125841
0xd5cd4169d75fa1567c773af21964bc85ed701c6e,125761,0.125761
0x5fd21b488987365b2c79ad42e5ac6c15a1ea9cf0,125345,0.125345
0x77edee3b888d9ce54df25b18a4badf9f6340d733,125345,0.125345
0xdf3108ff223c5cdf57e59222c56b94bdd77c1c43,125345,0.125345
0x3c28175650618cea32079b96be6e66b1e8b70aaa,125286,0.125286
0x1a22fd9871f40f09c7ff127b2879c2c4dd48c61e,125009,0.125009
0x990eefe32518fe48bd9db237bc81387b6740b743,124998,0.124998
0x60b3a9196dd80bc1482ab006eca07135b74b22ed,124978,0.124978
0xbe161c17e983c3d6fb4e6b450becb3b35aa76743,124814,0.124814
0x26afec2c91832cfbc11d5e700978cff4fbee5163,124687,0.124687
0x2aef0df4f3c258aec8160a2bf8171d4d33ea4d51,124497,0.124497
0x871be59b2747803ba9bd74f102858b00f378bdc8,124166,0.124166
0xd5477a07ba578fa94e4bf0dd0eaa9665abbc4675,124166,0.124166
0x6afd0cf9e929bf7c46b8b729233697bc22607888,124104,0.124104
0x5415d75f9e4bf6fd3b79691beb3165382a3c12c2,124104,0.124104
0x27c76c5589620f07793218be1ceb87f29b6ef871,124104,0.124104
0x1eadff6fe8a0e6a4bdb6c4f288d110cbd5ec6771,124104,0.124104
0xffbb1cd787a1d75e80b89a44f75db59cbe34f799,124104,0.124104
0xd84708b4d3c9a3b26c22c62511236190c5a30e8c,124104,0.124104
0x08784c9b8e16464471509392a6a1cd05588a1ff9,122986,0.122986
0xc2831db0e59fe85c626310fd425b67d6cadbcac5,122199,0.122199
0x530227d9f4f506021fff8a25c08f26bd6b77d8c8,122159,0.122159
0x99f3b8b9ec07d95803e10a3b2fd805351501c119,122138,0.122138
0xd92b2bdfcefb64475870338e4ab74d589449493a,122135,0.122135
0x667e8983cae503cce443e95c908325f290ce7271,121919,0.121919
0x2a725e163eb00dd6b79bf67661d31a4b8514b78c,121918,0.121918
0x7262be1b7b67e1f5fe3818c08bffb53c8e96d9e8,121918,0.121918
0xae7bc08aa50ca140945bbaa944f04b1bb03e3f64,121893,0.121893
0x63a2a74bb70d3790b03c2bdf873794f6be6b1c2f,121725,0.121725
0x3ad9ade5c0d35293d0a3d89375e8eebc7c4f2e59,121695,0.121695
0xabe043015535cad1e8914cfcc9256d85d08224cf,121654,0.121654
0xd71146bd1c1338915f5b5ad293a75fc542201d80,121364,0.121364
0xd31365cb6ac551f2cad8fcab5d8a49e894be1ae3,121346,0.121346
0x28e6710f6d37ca1a4d416925a3acbfc89ac79595,121137,0.121137
0x91a767b183a2edea8c2e107842feef521d51ad72,120853,0.120853
0x30273482dd54211349e5061cbec4e851de6b6740,120774,0.120774
0x8cadef26bbbd14a5a348c8f4a634bb96b945d6bb,120742,0.120742
0xe7b06b6d5c6495336b1e2bef520c4d235a3bc4d2,120473,0.120473
0x700b8b9892ef88a04e6ff4dfdce64067e03cf33b,120431,0.120431
0xa4b120fdb2fd946a67fbe996cb650dc2cd7d55f2,120084,0.120084
0xf15b8708166f5d98a2ca06ba991311985d1293c1,120013,0.120013
0x2b1a6f21deb290af2ec6d877ded1424ee2ea088b,119824,0.119824
0x234722753fd5eaa16f6a82761d5202662c1bac26,119620,0.119620
0x565fe7a9a4068fe9496b68913f015daae6c5468c,119450,0.119450
0x6b0af21d63b320b6b58b5453c66d790c7dd843a3,119370,0.119370
0x88ca0e1c12c6e87f5b7b6475786e1982ac95092b,119165,0.119165
0x6a33a0edfb815492a2f09e83e52b7fe60b2b8ec3,118873,0.118873
0x3dadf855b9e30e63bee10ec4d92cbfe789e5f8a8,118813,0.118813
0x121154553d5126eb15dceb70a642901a226e8bcf,118038,0.118038
0xc00cacd5c51cbb1901d8ed6aa9f9c02e36939467,117891,0.117891
0x9b3b36c63cf6a10fe156b5f080ce37de6e3f0edb,117522,0.117522
0x0ed17b2751f45dc33219d057d2b1064880d9ed5c,117440,0.117440
0x443144596ee92ef52f321343af729b07077c9ff4,117385,0.117385
0x47c3a401dadde9246d4e0766fb5d0b599499cc4a,117096,0.117096
0x3d169542543a835bf3a8bfed568d6155e87806e7,116987,0.116987
0x72721d3f3554519b6ac6aa676b3905964caccd86,116987,0.116987
0xaaac87a63bdbf44527296bea510403585e7c1eb0,116987,0.116987
0x5de87a0ef92047e55a11d92cf6a3671c3eae0938,116987,0.116987
0xd129b97ee28390d3a3994bcb312d1d83fa7f08a0,116987,0.116987
0x6bd78c82e45239f28bb3591f43ac3d79089fd287,116696,0.116696
0x0c45a25d72d71bf323f5fdbf33c9069394efb2b7,116693,0.116693
0x4b15750849a7db96c9a28059e40078f75c6a19bf,116643,0.116643
0x1cefebf9ab84c95355db8aa47ad35d117f3d97a5,116398,0.116398
0xf7d7a4e495ae43688b727f5d15ea119fd46a52ce,116339,0.116339
0x57ff345f0fe6bff1b40e10d41c1b1136a5719555,115790,0.115790
0x3333e1790a30fefb7d0c8e22675f0392c05fa640,115678,0.115678
0x6c8b7d3f6ae8fac20bbac26bf1949e171115e6f2,115493,0.115493
0x70e9f389ddb9bbb4fd0edc7b05814b646581ddb4,115448,0.115448
0x0fad8435d6d65fcc3b8c47e40f700e4f18177616,115189,0.115189
0x5d683acddb82e346fa938e559cf1862624ef6634,114881,0.114881
0x03248eccd36fe99607e6914372226f2ec7d6ac70,114756,0.114756
0x5e8e14ee95e3b3705d655a9a5e5b1463b8fee65a,114346,0.114346
0x72d507d1d48c51719ac99e989a94037871e1b3a4,114062,0.114062
0x1eb8c9190de1f94ce3cb9ea94300058c249ad5b5,113488,0.113488
0x9b215fa6463bc2f7e5d2bf5079b8868cb4fe4108,113265,0.113265
0x0dc971dde73dd89b9c983febc6bf307444d04ced,113217,0.113217
0xb484526906b9512fc055ffde71c64c2567b9edbb,113095,0.113095
0x89207cf5f5e8c6ac6c8e5a79c8d31b0b2c4db7fd,113019,0.113019
0x3d5e692fe5748c62e68702789a47972583c567c1,112848,0.112848
0x33d22a178b3432b34f384ba44fc3d0780dcc8602,112823,0.112823
0x5d4e1630fefe8c3f80d799cf10f81285a050cabc,112798,0.112798
0x55e9762e2aa135584969dcd6a7d550a0faadbcd6,112762,0.112762
0x91af9f6d5ef050d5ac468bde86dd9fc9263ed5ba,112634,0.112634
0x47752a5b7666cd172f77a5840a12095bafba8ae9,112490,0.112490
0xf8349ddac6320655d73a7fc729d39fa25ba761b5,112254,0.112254
0x9c292597bce8842214693f12ce8b2fd3ff8155d6,112038,0.112038
0xdaabbb932725cc1b3ca487ee174b59cbd6b0ec98,112038,0.112038
0xdd3370345d701bac2b622e09e1b961b95d2ce098,111943,0.111943
0xe6386827c99639ccbc253f70609fbb2b999b5895,111785,0.111785
0x92475a1a4fa3169745370c4bacfca3d83bc59511,111746,0.111746
0xa3accc192d805161b83a5655f973a3bd848072eb,111733,0.111733
0x97143cab6ea99d22bda159a12d126c30b0cfa354,111693,0.111693
0xdc6f15032a5d99c3fcb23c41629ff7884f092cce,111414,0.111414
0x94f67bf925f57a0e7b126e9b1061ad31c58fc47f,111395,0.111395
0x6eb2316b271280966638dec3d317a8443dbd786b,110981,0.110981
0xa9b37fea83623a65f11eb2775f44bd345252e9ff,110981,0.110981
0x4d143068acd6a3774ed57c215fb58b84acfaae1d,110981,0.110981
0xb98ea7aadbe05151a8ec829d0cc3187a1a1aaba6,110981,0.110981
0xc19d135a0246f8bc1283f52c64567eaa76c5bb7b,110981,0.110981
0x4c4a809545c5530d602687cf2886662e777d4c58,110981,0.110981
0xa7eca18b157300360fb93b3c49c044152df4e539,110981,0.110981
0x7c8a7c40c5747734b8822149815b207ee4dbab2b,110981,0.110981
0x73cb07c0ac07269fa227cc5ddea5891ef9a47514,110981,0.110981
0x319fcff96cbb2dc1ee413384d0e64cd753230877,110981,0.110981
0xd9f9485b079370c3a98578df2fd7aeda60aa5097,110981,0.110981
0xe36157da2aff5c873809ce21ca4907410b2a6dea,110981,0.110981
0x7224fe89534dfc040d98a1d355be37db94529aaf,110967,0.110967
0xb5b7aec2821c13d6766b1f4be47d64b366389e31,110886,0.110886
0x872701676eecbece8c491ff5e44974a676d4c135,110742,0.110742
0x3f2d5c420566523cf54f27fe0e51320802bc07a2,110566,0.110566
0x96a6e854bc11fc5d23fcde50f207e693805b7e82,110501,0.110501
0x3f2b294c6a7ae7d2c9d56295903cf5d5a10c6960,110407,0.110407
0x5322ed21b383b3e12bf040526793fe0c1520128a,109957,0.109957
0x1be377abd01ace85e1508b8cb772cd46bea8b911,109880,0.109880
0x2b52d5d5aa69dc71f2fb2d45ef337fc60f9bee61,109840,0.109840
0x4a8f96f81ff48a22271c0f33ba9e989e3d4b95df,109713,0.109713
0x8dc0877c2699a2b67994fa3379979369e60d0d6c,109676,0.109676
0xc933ca87ac79de0a8fbea2249714ee7ef9e963b7,109604,0.109604
0xe13a20a933969b5a9407d7261e419e23f3632017,109361,0.109361
0x83819883168d9310fb701439fde1385c7500bbf1,109336,0.109336
0x198703b83fdd98fcc6a2e2a068e27744d02a4c20,109215,0.109215
0xb967a6d0ce91cbe66dc89c3cc4b6c736e20011b3,109197,0.109197
0x21461f210a92f68a6a56084531b0e4e2b2ba844c,108968,0.108968
0xbb847270ce06dcc2d223a0c5ac82abc126e0f700,108927,0.108927
0x6b60d7325524b5f4bd04cc079e008d6af8939182,108801,0.108801
0xcdd2af08c0ddaf6dd2472058eb0e7ed79539c4df,108500,0.108500
0x87270bcec938a93af6719bee94c345980fbd55ca,108440,0.108440
0xecd338fbef46fc9c5cf239a41bab4518616d9210,108440,0.108440
0xba8ae7595b3230e84085202bd3527d998f3e62c7,108225,0.108225
0x94600d25f68c94df152486ffa17ee7d8558d061a,108210,0.108210
0xf1ad45ddaf0aff0f592ddc86a34966355ac52d64,108068,0.108068
0x91cb60208f376a975ab1c5e9bc523120922d3f5a,107907,0.107907
0x6615dc73d094eeefe547f6432396e5d54e9b33a2,107875,0.107875
0x211c836dfbe39d6d202dbd59bdbdd187e7ebd3fd,107811,0.107811
0x85174baab88872b53a64da8ec72d34029e8998eb,107810,0.107810
0x4e9a3f1ba4f53a3372adbf0dc093de35edfe8c7b,107608,0.107608
0xb44ac514588be99870220d12120815bc3d349507,107220,0.107220
0x434a8f647db4b515560a3f9b8d2518550fc351e2,107139,0.107139
0x368c54973bb89c6419330020fa1a8d67b8c7c544,106802,0.106802
0x7f8374961620a370c47eedb599076320d5c82c9b,106753,0.106753
0x32a17321378096592bc21214b5052efe4f501e99,106753,0.106753
0x6d1871c1d5204c8a483a794f06161cf1b4545da8,106753,0.106753
0x6822939c0b5fb6a7d90260012f45707c71f5864d,106753,0.106753
0xe4e08236b65556dbc44ded268be186375dda07db,106753,0.106753
0x493122d3a5485fd14fb6b24aa58da9698873f58d,106753,0.106753
0xab80f8a220ed494c73f6377e335a41684ea35443,106609,0.106609
0x72a7bc08aae096b68acc51208a1617560fc11add,106480,0.106480
0xee5246f06eed9515cf41ae46bb25095221729f89,106173,0.106173
0x890bf4a988c8c846fdeb8a35aed0f53fb139904c,106037,0.106037
0xdea3e18aa866f46da789f0b908e90bf55a0dca90,106016,0.106016
0xd4e78aa1d52a1cb6eb41bd8a927831a0d03483b3,105839,0.105839
0xc63f4490e95bf40e7887f92248bf95e7d458cdca,105836,0.105836
0x7b7c4dddc584465f808128b000b07da6ee0ca140,105781,0.105781
0x56103e18395743fe5399e2ed844e67fa796074de,105696,0.105696
0x9b05b1ca806687737cda21a866fb1e4b6fb6011f,105696,0.105696
0xb3f47f52532932e04a798a407fb657f61f6a582f,105696,0.105696
0x72ec69299bb798a184bd1ae0d919d81205fdf52c,105696,0.105696
0x92a54d8f99c81f70da473e66ee0f246a50f2fc48,105696,0.105696
0xad5b555f1bcad54e85366697635b98e46358d2d9,105696,0.105696
0x1b2601c417dcdf034fc688b912c4aaa52f146742,105696,0.105696
0x63035f1421fd4292c3f802cccf3060a4b94dcace,105696,0.105696
0x6f06fc9ca38920356e3dca9c57b7bd2ea7df9a34,105696,0.105696
0x880685c8ffd78145a493fdde0bc5766203e7b2a1,105696,0.105696
0xa788c59880f31d6a9c3511a8064286682b01756b,105696,0.105696
0xb6f3577adaff00316c71659616b79bc995a25335,105696,0.105696
0x92220f8e206d9cc50ba7c83769837db64ad0d200,105696,0.105696
0xb0a9425d6c9a48271f6b68013fba6297ab43ce1b,105696,0.105696
0x5dead538a588ddfe80d46ee668573e59f7756c8b,105696,0.105696
0x7378bc4eb1598b131355c7ba363392848eb9f333,105696,0.105696
0x9c2cccdc1ea70dc32e64b6a2356d4b22c2d91940,105696,0.105696
0x751ba4150adacd20afc2fca617c49074d03768f8,105696,0.105696
0x1d42bc131de301d6d5b6c2ade9e3ec626786468e,105696,0.105696
0xddb12e465f64efb4b477ad96d899b3966d87319d,105696,0.105696
0xd8ce628972bd91db78a256c44687dbf2cef42146,105696,0.105696
0xf53c2d8e2e17414b7b585451afa40c9b40930403,105696,0.105696
0x5c4a64abd18c714bde447bf32a8a34edd3b63e25,105200,0.105200
0xbf289d6c00c773d0064946b0992b827527cd9243,104876,0.104876
0xc9237b65444f936018c0126d3535d700f49106b9,104640,0.104640
0x961eed3b7d4b7c261ee5b023e5f857af5af1e700,104640,0.104640
0x54b9081c78b2ea884f79645e747a648a4078cf9c,104640,0.104640
0x47c9e0bf4ed14b96487e4b2ef91d2f86c5499aca,104062,0.104062
0xd2679c02e6902a141b2188202a650c19f1fe91bf,104052,0.104052
0xca293722ce21123d61bb48133bdb107b1aa550ba,103815,0.103815
0x394280592af56aaefc90941f7313865fea0bbc24,103582,0.103582
0xe84e9de1bafcffd167dc434cd3f806e69762118a,103320,0.103320
0x8916b26afe1a2f52ef6d95eaed7836a491ee62ad,103206,0.103206
0x8b4b220456db17b37a0fc71d06a774cb3ef71523,103107,0.103107
0x71c4bec3494c9469ffd4d4e3613ec6836cb29dbe,103054,0.103054
0x0fe2c3a019eaccbc2179e11c89eb4ea82fe84922,103054,0.103054
0x069a19665a0a032c9310ba7ec297138da61d9e0d,103017,0.103017
0x1331b426d7454aef4831584028f8cbe6cbe9a23e,102726,0.102726
0x61b29b649e802f1f19096792411c3f1d83444cee,102237,0.102237
0x48fa084004122bfafe9fec1992c9abad26d566f3,101877,0.101877
0xedaf928e59c971b62b72fce6cc7e375d2b4c994d,101744,0.101744
0xdbae4a204a9ee579e402c7cf9f72005ecbf8f8e4,101441,0.101441
0x77e5428700ac0a9e712611d79a38dde9ea141da8,101369,0.101369
0xcd268a1fa375ebb812e176855c3bcbb4f9160f04,101368,0.101368
0xbe1f1b4fbd3ada32b14f2b5e0c68b4cfded36816,101298,0.101298
0x57e281b1625dc5df88d5859d3d190d3eff18b0e0,101170,0.101170
0xf77725fb2d3a185ac49322c1aba34e1c130c88c7,101109,0.101109
0xdc378e02e73556df354b7450279e0c9aa82f85d3,101066,0.101066
0x4f9f869ef7e9866d2105fc3869dd7d4373a25f8d,101019,0.101019
0x4f24e181f9ba357aef2699664a744512ec5d3c59,100945,0.100945
0x7797ba26c325ef519f11bd5075f517e388373f0c,100945,0.100945
0xd5aea34fc7d7ef8c8c1c6718548e6cbace5e91ab,100945,0.100945
0x3e186d2776daddaf08a3e6e28e2c858926e4ef2e,100745,0.100745
0x88508c2cc76c6042b4e5912b03c512ff1c05df43,100518,0.100518
0x56e5035824d527745f1d9947479f8e2d40fc8aa2,100234,0.100234
0xe903e2dc62019c3a3461c6eb2bdda3d6c1536d3c,100011,0.100011
0xe394749b5e27e490e1b27b42b9c5ffb37dabf8d1,99794,0.099794
0xba3f443ccad267cee2ecb20d9c7c43ea13768767,99792,0.099792
0x58704c460f63932d83abe02fd900f9a84fdfbc8b,99684,0.099684
0x0bf1ee34b76f92cd3eedcf8e4ddad1d03cea9800,99439,0.099439
0xfc8532ab82f4096ae8b43a1760ebe9e735007d47,99283,0.099283
0x3d4bfc7861ff65fced8a203d45dd92d8818fd4fc,98143,0.098143
0x48a326769eddc24bee32ecbc7e4e4a27e1a0717f,98048,0.098048
0x7c637a2ef4ebb8bb143c32843910965f16742ccd,97882,0.097882
0x8ea66c9c2d65fd20fedbcfd942d6e01bed1d1e18,97520,0.097520
0x6e38e253458fd8158c93d0e2c8cff454e3fc82b1,97154,0.097154
0x62d8045c7bdfd3f9423922c8991290daf07d7ec4,97083,0.097083
0x6860d457124613765a81a57a5853f467abf2d8fd,96887,0.096887
0xe76308762f722260662e66e9ff5cbaf2e986d030,96836,0.096836
0x777f4d384bc5dc2e4ef29f235ec95fc8efff8f35,96723,0.096723
0x7d936ba6df17e24cb90e595379bc652477568da4,96587,0.096587
0x698d3fe75e3b6b40759df8fc080c8b8c25910d38,96026,0.096026
0x137d4c920ed09fee2faca7120cb897dbe13631e3,95973,0.095973
0x4351c7348458332cc4f4f5e667a9a70f39dada86,95778,0.095778
0xa2d9bce0390beebbaf176c81868da7f987c383bc,95770,0.095770
0x46c6e9956aa122045e13c84630853915b01a80e1,95686,0.095686
0x03a75a6a92617669ba90026b752187174983206f,95622,0.095622
0x38a8c3f6b41b94c00296447ce2cacbd870371137,95569,0.095569
0x37c726679155959e0ee3e1f8705a3960b4697ab0,95509,0.095509
0xdcf6ac7ad5209de4b7400ef9593304809f07e725,95113,0.095113
0x8438f5a7e92079c2b785a90f75c5d9890b86c7f8,95058,0.095058
0x54f57bd5b70758fc0900fb5df8ece455d5293dac,95052,0.095052
0x017df5929ac05dd15e3f2703435c30ebb7a6db7c,95052,0.095052
0x1dc11e92eb5055900c708dc8deff517cc8e94f21,94888,0.094888
0x71e1ad1084b356fd0a4b2081ff209fd432c74409,94864,0.094864
0x7ca38bac0a7c2d603e0d877f2c16e6792d7e9ee5,94709,0.094709
0x0daeb31aa19da88f54c8d6986465c65921d15edf,94629,0.094629
0x99958998b80430056ce98fec9f8420a2efd2470d,94594,0.094594
0xc3f58c6a377ef9ae39a11b85843083b1de26be82,94572,0.094572
0x8bc9ed881429a10726fdb69658cd7749d9caead8,94276,0.094276
0xcb3e78ae243cf6eba569d635eb7be27ebe1f67be,94015,0.094015
0x38c167310bc2ba137cee9ab9a5ad023db7e7cae8,93834,0.093834
0xb7b7b691de943ad3d41f258fb547e06b038eff41,93763,0.093763
0x628532496a41e80ad82464ca9fef084ddca9cf3b,93688,0.093688
0x860703c2adfa788eb41083dfe4632834b907a1e1,92683,0.092683
0xf2fef8b6d385c89fcf320095142864a1be9e012e,92609,0.092609
0x2942066eb1eef51068e81d1b3e125e4361687408,92444,0.092444
0x66c37567e6740bce73bf8b20d0b11c8815e9a1e2,92094,0.092094
0x9d3b2006278929a971dab329fb7f9a5899f59505,92079,0.092079
0xf6d670c5c0b206f44e93de811054f8c0b6e15905,92019,0.092019
0x6f2636a07260a89b80802f51eb2e7a4221a9467d,91985,0.091985
0x2a8ce51e7c0a1ee60e20bd859ecd07fd2530a3f3,91652,0.091652
0x0ac60fe21cdf4f60326563e21edda606c750ae6d,91652,0.091652
0x764f6d6f1405717a94dd2d124e68e1eb315ec911,91581,0.091581
0xd31cc1fb5073b8066755eb2bf91129d1a44af42d,91562,0.091562
0x4d757fd29537e1d74699822cc1f6cd441a97e234,91506,0.091506
0x69db8745a51e41129fa08f971fc764dbb905f3e7,91185,0.091185
0x741457f25f8e13a8d8fb566646e7ccb8ef1607fe,91138,0.091138
0x7fb7f838b9f0010b498a37336fcb74caa88183c6,91108,0.091108
0x2851de4db3529642e131e13658ea661b921b9b53,91083,0.091083
0x282f1931371fdb65ed41a9c14c4f863dad81bc28,90965,0.090965
0x89ab1ef2dc10ae280a789a88ff2622535dd6d949,90863,0.090863
0x9bfc35e76dd986a1e341785e4e053e9c92160d6d,90799,0.090799
0x1dfbb933048cbe5a518736a44a2044ea9f2b58f7,90729,0.090729
0xf22f62d5eaf2e42eb0276fe2c33c71ad5816ada3,90507,0.090507
0x9fe7a970de86dc3e83a283f1af3f67e86a004700,90461,0.090461
0x0c31c40fabf5d11f0552f18b55b4ad8fa4cdd110,90331,0.090331
0xa05c5da9b32514cdc2b44d56e40ebc51cb0a3751,90283,0.090283
0x8b6d45b1744bc40a52bf0ed047738017b78b047f,89929,0.089929
0x2e380d09b9ce669caa11b1c263d0a99fab5d9d13,89544,0.089544
0x1858b0da5168a3cc0fc8218e57d97d3aa10b4aed,89220,0.089220
0xca58c1fcc53f24278342a02e3f6330ff36f64336,89201,0.089201
0x8e8c018db2e444d08e0cdc9b6669e0aeff21ed80,89160,0.089160
0x7fca66be797cb5d2962878fe442f4ac199b08844,88752,0.088752
0xf3744b5d895b1ed6bdb4ae5a8a5b76badf54f21d,88647,0.088647
0x0308794cbd50174be3401e08e352960b2e39b9d0,88581,0.088581
0x719f53c7c9b13072105376b326035d5d003a68df,88281,0.088281
0x57d516ca181271c27419d10d421c14f071e0ecd4,88203,0.088203
0x2bd8f3626051d827b941403470ff4b5bce3a70d0,88161,0.088161
0x38ca8396e04e23299635ea06fbb657e2a4e693c4,88117,0.088117
0xa440ccd3f4d16999d5de306dad9b6dd047a7d99d,87840,0.087840
0xa1dbb97386b82ac254eb3d9c84aacdaf24087f51,87740,0.087740
0x74e1032c75ba56a9eb3a5df291c464efdd64b4d5,87740,0.087740
0x1b5abe83cd6ff9a0fbb3b8b0eebd9d96a764b937,87740,0.087740
0xd8c6c1f47864bfbac8df74280bd0288554f8917b,87740,0.087740
0x03126868c877f1287f39b55f119b72ad51fad4fb,87719,0.087719
0x813266906953c1709ec68e0577110fdb12b687a2,87648,0.087648
0x8921e4e7d8438f86552e6e716b05e7ee289dd8e0,87288,0.087288
0xc18923af6cb7b419b41ca24f3d8b55dc78b1a9e0,87288,0.087288
0x65242198b8d7e0ea49d7b294981bd82a42469b58,87288,0.087288
0xebb4975a3fbeaf7fbbca67f2d68ec4ba955cdecc,87288,0.087288
0x594a7560ac9f352944ac5d04f6f8282da9f81227,86879,0.086879
0x594f7ea831b715f8da52bab5425373dd681362a7,86038,0.086038
0xcb7ca310ff7997c3df3e54bf5937e4c10a4307b3,85706,0.085706
0x9ee8e571e9c349a940a20b36124285f1039a3a9a,85648,0.085648
0xb9c8326ba21df751925a321ddb71e6ff3acc1590,85346,0.085346
0x06a4fdd52eaadf8151270729f7590e8e09890c38,84982,0.084982
0xfc4562ebf726f8ca5e404633f86223691909cce1,84585,0.084585
0x81cb7a3b214af3c397575d175c29dc5b92211895,84556,0.084556
0xb911f31ca3caa24c649843f6b2dd01d5b7da293a,84556,0.084556
0x00fddf15962fd7a4381e83dc82645cf2a45db33d,84556,0.084556
0x9f74507d75efe411e2bb34a1681ce484fde7c372,84540,0.084540
0xad7c14184dcbff3ca3b3340b3acf9f8eb5fd07bc,84482,0.084482
0x549feb5b276ff9a9a5d4a2494408b4485b56b551,83715,0.083715
0x3204f526a7ca628a3b2e8c272ff0e24f92511fc6,83397,0.083397
0xf8175a425c09ef326ba5c5dc34658258f6af1207,83274,0.083274
0x0508dbe8e93dfba93b46e0ec8326fe031241a721,83261,0.083261
0x64fc51ee93871169b62b947d35b3db33274b8123,83125,0.083125
0x9220347f8dd3045292001aef54a4f8b9089072f3,83032,0.083032
0xf50120d2c245a530af7b0d53b361cddf8e3b409e,82991,0.082991
0xbd43eadc9f14cdff97208918a789c448851768fb,82686,0.082686
0x36876dacbdca8896e30f55e39f9fc5eab626091f,82641,0.082641
0xe28494fe1aaa35ffcc3cf956847ece83a1869878,82422,0.082422
0x67bf7ca0ab030930238ed52d7aac327d54b94985,82377,0.082377
0xf68a17ab9dd2066c4f07af946f333349b0decf4d,82327,0.082327
0x3134f98500dea070a3c8d140984238c7be0fd594,82276,0.082276
0x6e558e4279d9be551d51050890041b656789c414,82033,0.082033
0x3d13c3a3a190616ba0c3663af65489100fdd0ada,81788,0.081788
0xb69ebb96d243b994dec7c237c5cc1e614f713bbb,81641,0.081641
0x4931811bf190278db5bbf65f9a1ff65aa6b5b837,81569,0.081569
0xce8ab9da26632b794495caf17f7af5b178ec7bf1,81506,0.081506
0x110f1db5fc2feec56d528fd0c4358afa0cc2509f,81107,0.081107
0xc575a4d6a71d7316e3f29615873dde6b6b5b141f,81050,0.081050
0x587c62eb8686fb57b1c9cfcfb9b2263a58010a66,80800,0.080800
0x85527f324d248126646c5a5753046d54f3ed0e3d,80539,0.080539
0x6dfec6a01ec44822a66939f02f0b3abbc6327bcd,80449,0.080449
0x8cb36d75060233653775466518fb349987976bf1,80420,0.080420
0xf70dd04eb74835da9a3d63295e4beedae9e6c145,80329,0.080329
0x0e0f7698915d9f9b9994dbb91e2208978b290f3c,80299,0.080299
0xbcf86ad65e5424bb4f1d86ca4cbc9418ba9e7528,80041,0.080041
0xc3aa52771c63ca26a78163ff62b09aba4a1ec7be,80017,0.080017
0x339cc7ee5dd728dc158e74709a8384334b999fcd,79784,0.079784
0xea5a63439f765fdfd75f09f6bf605971381a935b,79687,0.079687
0x9780402bfebe6e31058c9f369faf0e7583a769f5,79212,0.079212
0x052102f64068fd8136d90f56f4a8370b98a854f7,79212,0.079212
0x4b3bd8d7dff45b6b1792413d5348b4a0b2670a90,79212,0.079212
0xfb8968ad7a7ab2518ceeed48a6c89b20afb8b17a,79212,0.079212
0x856dc4a12f08afa49f42b52f81769a96505f312c,78553,0.078553
0xd9add28a070260688a30cdc7cb4981be0f3d7886,78428,0.078428
0x22228eea04dcec08ccedadde939d90048fd40bf4,78262,0.078262
0xb04491455e633a37286c34ea2b94cde45b9f5d01,78150,0.078150
0xb9b7a568e8eb452af3c5aa0b2f84acef5638c4ab,78134,0.078134
0x8f0576170143731420237deeb8eb8764ac64534e,78111,0.078111
0x9dbdadbf3eb18ca7e7392e75fa25cb393b94e89a,77631,0.077631
0x36f6103e64d0a1bd9d7e7e6dac82a1f1a0976839,77631,0.077631
0x15d61b5e4c87c86860b724a52d9b58150e5687c0,77550,0.077550
0x9c11dbd49c26f49be78870ac0fbe1e1d087e5e7a,77272,0.077272
0x3eab80411afb3253c59fac1072c5614bd36d2079,77145,0.077145
0x5e9e389df0dc9d1021bf66d93ce9926abb24f147,77072,0.077072
0xd603a718daee2a8ae1827e23bd1637e7d7183fff,76994,0.076994
0x5f5c6f16f8370758f0972905675c6e1eeb370d4b,76945,0.076945
0xc095de20975b83569df10e9f4fac7cd500ede95c,76678,0.076678
0x644f81dd5767d3dad373a0eae439bc893671a5c3,76646,0.076646
0x08c91b9d1927c23c000b47441c656ed8eb6c9867,76456,0.076456
0xf008e9787fa0cf41451a954b83e4493a68d035e9,76456,0.076456
0xa96164a42aaca9f42cf229db08d17c315cef8057,76451,0.076451
0x9e7765bd0549e72ad827f78ba93cfb81c421e67e,76422,0.076422
0x4c59050c19379f528e081966cff5708342e028ce,76026,0.076026
0xe5961a38c8160dba8e8d5bc02ff0d775aeb1da3e,75928,0.075928
0xf98e1d60abe4ab087f6998afc3f186046592e009,75768,0.075768
0x84007e88d7f2fd0c423f3c10861d759cadb6a245,75709,0.075709
0x408df47ff8c08abec86d62cd53e0da0123d64007,75709,0.075709
0x66a07a404818c1f0401c8ee941cea2665b70cbd1,75709,0.075709
0x6e48428d22f9e7c9de30eaba9dc8ab415c27b5c5,75709,0.075709
0x3827ed0f5c0ed0224bcbfbfd2cb79f4dcf65c11a,75709,0.075709
0x6482e486832c345363c36b130d700185fe781771,75709,0.075709
0x499353327d0608bf3c043a5474432689e130fbfd,75709,0.075709
0x6717ef9c5e55e00a2a6194f9d63c3cd26d2740b7,75709,0.075709
0xab56f1322390f88c3d3618c6ad4c7f32811eae40,75709,0.075709
0x9060e871893f9e9a4cea072c7dd441f8e736472c,75586,0.075586
0x1bf3f9af74e5499e47394f13b456fd23191277fa,75436,0.075436
0x1da940363a8b44b59efced00cb2fb1f2e6b2a98a,75212,0.075212
0x74f0769ed527c0f3821bf1ea74afdd49c442b24e,75081,0.075081
0xdf84580a0ebe9c9d91f859a9d660fe9f149fedb8,74843,0.074843
0x3905a8f68a2d0507f2dc2c944d8c2b29eff1035a,74579,0.074579
0x6e110ff4ebcc9348520faeb09f357e414ba0040d,74553,0.074553
0x75eaea2aa64499e491c7103db8fb269e9f9be33d,74391,0.074391
0xd22472c1f6d66953fa7f4b3293389c2815a552be,74343,0.074343
0x84ea2a031e88f43de8744af8ad9d2db41ae4eba0,74003,0.074003
0xdbbe1746801212e8954d92983b084147c24cf9d7,73987,0.073987
0x93e3755ac6d379bf9d7108b8cce5d39370675690,73874,0.073874
0x3ae0a6064d41029dcdde1a95bbbb2e2030895266,73850,0.073850
0x4d3c3b28787b4319f3e943c8df59ae4daaaf4d7b,73286,0.073286
0x687866f74a855e5e7a0c971dc4d3c536db75591c,73033,0.073033
0xa969b4e0f77a25a70f43bfa94efbce4ac47ce951,72860,0.072860
0xa896969811e0b3a5fd8e86de238e68122b603c61,72643,0.072643
0x385671f9dde5fce2d127856da618110e748d4979,72241,0.072241
0x7663480b1df8764a14e87e7f1028be97c3eb0d83,72134,0.072134
0x535689ca8f733b3a364e4f2e7e86f0a83c2288de,71518,0.071518
0x1a8c7f468ed9a4ca60e9e43633c77158874adebf,71376,0.071376
0xe13f8303018669c7c7491f390b050407feb65ceb,71172,0.071172
0x8412bff780d3a0029f2a14ef5ca72b5b20d111f5,70946,0.070946
0xe262cc9e21cc45f46baac0a2c099faab75a330f2,70783,0.070783
0x17caa91aaf92f5cc0bedefa26c2fbee9135e953a,70765,0.070765
0xb6ae40ca96c0cedc7bbc2c02528c7412c263fb73,70638,0.070638
0x50b9df6613159bf355673239a8305a6d51d20e1c,70591,0.070591
0x0a546fae1a1fe10d29e464237a5c15d47fd033e7,70257,0.070257
0x4fc5b822a205ea1648197a4172ea75b73473e69e,70024,0.070024
0xeaf04275a13260ed26746eee03f9edef53182829,69776,0.069776
0x2b01465065c18eb6d0ca94b0b0977a71f16abd5e,69755,0.069755
0x9bb7fe26e4504c6b117c1efc1cc6a810f2cb1057,69695,0.069695
0x7055f1cca1cf18d402f0e37a3ed7c5dcea939361,69684,0.069684
0x4adb94bbab37ab7b6fa64eeedfef0bf54e9ff679,69519,0.069519
0x3f049c4cf3df8f86c46bd99a4aa0bdd083df5454,69390,0.069390
0x50ddb579f903aa3768062c626a08ae4cda50be8f,69299,0.069299
0x014f8aa4019cbbf9e5237dd72b903440e12f626a,69245,0.069245
0xe1d1b6c61c52d8161781f801a3478da077b2daa3,69230,0.069230
0xd446a21a8b1554a8d56affa82d31a8957f1f3268,69158,0.069158
0x99f0c390f18d51478127a2af87234340efa5096c,68879,0.068879
0x533bb15371dc793de4aea07281e4e96fd45001a7,68879,0.068879
0xc452fdb85e809d15b972ec588f24e27bcaa5ff93,68879,0.068879
0xbd7851d902fba36ee1ff05af2d5e750276f9afaa,68879,0.068879
0xcd6edf95f9049bd8dfc9e920ae4fc514b849d30a,68879,0.068879
0xa0bc425e0cae49076d03a90c952b3c8d7d68fc4e,68878,0.068878
0x1e7510c587386907b2978d61c805a4312ead9b89,68702,0.068702
0x2fa78f9671a884ef285a195cfa996d1adf02813a,68405,0.068405
0xcc77d0e7b9819e3260d613943d4e7fcbd3aa3349,68271,0.068271
0x7d4750ccc88e96ea80db6479b4b2b884cf49e52b,68236,0.068236
0xfab12bdb222a0affe19498fe1dba7557fad5bb6d,67199,0.067199
0x7edbc99b677c8f4339e6d592a80ce9b49bc61af8,67173,0.067173
0x8a2a06cd88c4355eeb02e8efdf6d2ccc14276e11,67031,0.067031
0x1da4ee17d01c1d7a94098cd5821503298e244220,66694,0.066694
0x749767cc11f5462b02fed9ac7ed7056eaab3805d,66634,0.066634
0xa742017d7b299793d6cdb363e62b8002e42f9ffd,66495,0.066495
0x730f48af4994333694bd2f9b8e791b0c45ca8ef4,66333,0.066333
0x3dfb14af1d25caf531343f00ca91d650d6c1cac1,66023,0.066023
0x2b99ec5fd0909b8ef7c4b5ca531a5a4a2e835afe,65782,0.065782
0xcc8b10da2a5389758a7a5fe59ecea83e8b41984f,65646,0.065646
0x5a9cf806ea26a44e1eec73e674a6fc1d9baa4cbf,65627,0.065627
0x7f2902131f0635224e0554327559c7e960d8600b,65622,0.065622
0x650009ab7043fae12ab3f951cbd2ae33b93814f2,65465,0.065465
0xeb54dd1dddf6894a350e1771949af2154afcabe7,65239,0.065239
0x40764b0c87f39e1c2f5a5588a00596d7e64d1820,65204,0.065204
0xfc69b46235c0da2dbfcdce662cc7fd9371bd0420,65188,0.065188
0x4d25bfe7a7ed7a8e570b11623eea0f2adb354124,65090,0.065090
0x405dc08f4b13f4bfe533611491a2f9e0992d9b9b,64842,0.064842
0x362180fd69261c655229bbaa4bc0897428478a4c,64764,0.064764
0xf54c8663db08a9aaae95eefffe8d6fbccd119901,64387,0.064387
0xe347475bd3fd900dd0741bfa2c62a9433de85322,64019,0.064019
0x6a017fe51cbcc3902c09b761df2c8b37be1f4035,63906,0.063906
0x6f6f3931d9b150f1c335542018e085758fa90577,63868,0.063868
0x4031cfffeb04311d9a5f55c377b4dc7881306240,63804,0.063804
0xf9e946180448632f68607e05eb9bcd9ad521d6f5,63757,0.063757
0xcc652279792e2284e538ad0fddbeedd27962b147,63637,0.063637
0x4b491e2fb5b4e9419091ba1cf9a513c3398b00a4,63619,0.063619
0xc4be091956d6de5a46da308e6d2ecdda06105644,63567,0.063567
0xd549d94ee20851329c82820de157b2ff0b25dd7e,63564,0.063564
0xe688a37f0c1738d40955aa25175d7bf2c1b52e45,63531,0.063531
0xf8b3de18414d7905c2f7a253481fc1c212cc4229,63497,0.063497
0x7afb506c8428be5f690c925be36a5218cd1c5e31,63490,0.063490
0xb0a8bfcb03dd50bfe2d5c73000f27061acc2edf5,63483,0.063483
0x6c5704533b3d31062628e26715aad62b04604cb0,63482,0.063482
0xed530c7cb0d0263b499f410c21cf531ee2e0289d,63482,0.063482
0xdff59989c20dffd3328c578431614346de6d1523,63465,0.063465
0x332ce0043069c86c3b1dee273d592609373180f6,63447,0.063447
0x932d36fcf68c50b8bd36e09332df86a931174ee7,63428,0.063428
0x0cc67b62e7cf1493018e808874cc745a961b866b,63424,0.063424
0xe5e55f466cef53a4f5bdc203f9d3e10ade9864aa,63420,0.063420
0xaf8428bbca304115a5f45b6ea6f8673e4b592acc,63417,0.063417
0xccd63d6a9479aac5e2c404f000a41d1a8607126b,63417,0.063417
0xc96dede7868f8c190208a22812fd3539e9e2caf6,63417,0.063417
0xafbbc0eee6ec9b7c634a4ed50166de3369e419b0,63409,0.063409
0x06b566762164f610afa34fa19e49afc82465e3e5,63373,0.063373
0xd5f66b6eb2f82032fa521878632aa8d7958f62b3,63362,0.063362
0xd64dc7baee267ac30da0c42ade0eb32a13470640,63362,0.063362
0x169f0bcc9f9d197d192fb8bd0421e89a1d59cc8f,63340,0.063340
0xd0e5cfd17630003866c3466792474416828b7382,63293,0.063293
0x27d574ef7927a2b8d7db882b4abc57890a79dc70,63274,0.063274
0xc1d0936432bd8abf83acd9b125d7af753ab43f8d,63260,0.063260
0x9b1a49f0e7d506d376feb7534e9395f65502ba27,63253,0.063253
0xed759ca2374fc455dd2fe9ac53464a4de9cc3091,63081,0.063081
0x45eadbbe7c2262b76d0b0000f7c880063c5b3295,63068,0.063068
0x2f0aaf093f7e046e4898a1a9f46fac2ea84beb5d,62960,0.062960
0x145a2141e608fdb8442465404f085628bf991654,62953,0.062953
0x7447d4b527871f0282d68d1d12907a8ee083da3b,62946,0.062946
0x291e730b755b079b62268aa2131925f9511f9833,62928,0.062928
0xf9d7c05dbc9bf83dcb082ddf3c7de12f27b32673,62778,0.062778
0xa14c6659a53c6220d984cf2c9ec10b3b3cce38ef,62553,0.062553
0x218d5f5bdabca1c6a188fda2d4c3044d81d97a70,62530,0.062530
0x126ae7b4cb152078194c145932e165585d3e62e7,62489,0.062489
0x00a5649f67a9c80e3ec3c5ed4b36e1cb7189edc0,62485,0.062485
0xa40b92eef3bbb350959cc49cb51aaa35ba081f72,62430,0.062430
0x6ca7d692016bb0789bcb5bf243cf269752992087,62361,0.062361
0x0f3922b194fc67e41d60cfe34aa27d791f6a901a,62295,0.062295
0xf86283c9f926d945c61e8c032b2f75259cdab09e,62219,0.062219
0x5b7eac7438ece34552db7a906b1055a72079d0cc,62172,0.062172
0x5ecc7b2abddc2317ad0de3c4e6f5f19906c841bd,62083,0.062083
0x46234fccd57237f421070e23c509c8d7f5c97022,62058,0.062058
0x28450d59ebb1ca046cadcf097665aea107903386,62043,0.062043
0x74ba93e808af10d296455b2947f984bf235aa636,61974,0.061974
0xf5d0318692f822680b733955828a25507f031c95,61973,0.061973
0x062007249dd89b4fdb423b30ab36a09f18fdb66e,61953,0.061953
0xf3e0b96c0970832125187a314fce88190db89893,61855,0.061855
0x8af4e81a57becb79e007bfcee8953379cdf9babe,61822,0.061822
0xbb7b10628633e9afeccb738c718cf62b0b7f19fa,61816,0.061816
0xfbb3e99df1f83ecd7608f6d76812ac75e34889fb,61792,0.061792
0xe9be8f4fbebdf34fca7bd9f97e7ff251709b43cd,61688,0.061688
0xb8b58287290c9a6e39e76175aeaad3117ff6f698,61575,0.061575
0xcfc7a084444c5a41ee0e3df3333a5f203c98f3ee,61374,0.061374
0xc1a073b137b77d77a01327f038c4344611569264,61339,0.061339
0x8421b884bfc0f375a688a29c7f464fe55052dddd,61326,0.061326
0x3f1ab5e90d44fa44fd4dfde1b8db53282c7127b6,61303,0.061303
0x4cedf18ff6e67817d37b889ec256e7c3a9ae32d6,61141,0.061141
0x85e30bb492e3f4744de9c899222f829e94b9f16e,61101,0.061101
0x7a903e959489cd7331d98a52eb92d4c5bc6127ea,61084,0.061084
0xc9af7bbea391364e40fd6ebde0e9911129d94905,61006,0.061006
0x308082e1a0302ecbc481634488ab4c189769cc2f,60998,0.060998
0x946be34906f8064895c76df1ad891fc6fe8394db,60392,0.060392
0xdbfc3230dca0b50df050ac5d3d42bf1ecba1b82d,60246,0.060246
0xc796ba5cde2fe069043c55b50ff00fa0b2be74f6,59975,0.059975
0x92b083c28a542de26ec8e1fdff2293b5b457d999,59797,0.059797
0xbea229360eb24c579a36a24c166b5a9794d99d45,59583,0.059583
0xeecff03e43c1666a56aceaf96b52005a30ffa62a,59493,0.059493
0x065d91cd34ac18d57e5ca825148c8f8e6d34c033,59456,0.059456
0x1f85e6a65bd1a8f3f3d984637eb7f4ab940f93a5,59068,0.059068
0x01b64d3fae74336aeeb42d883f2d83fa002eece7,58970,0.058970
0x03457ed0511c0107a5a85f92a37da19ea5039b18,58808,0.058808
0x493d59a0e13d104a2f0d08686fd71b536f1af033,58744,0.058744
0x21f74d8a85caa3ad3a7a04f1bcfc04ab78c49f40,58607,0.058607
0x0cebb37f73fdadd12207e141972b50224a1fa3f2,58598,0.058598
0x0f81dfe26d8d0f3ebb664ecd884afdd9abd70d6b,58195,0.058195
0xb0912cd89db651b05cc587cf66400d71a40e5e01,58133,0.058133
0x15d4e97ac787644ae6b19183ce89170796866385,58123,0.058123
0xa0c408415c3ca225e68aded95384c1d56fb3c4a1,57839,0.057839
0x9b6545f1e592f650eab96f2af808474b5e55a644,57614,0.057614
0x12d737459242b4a80eac41e1b1dd50b0e4b38878,57575,0.057575
0xec0b68626f7f4b4ac4c9cae6def857949be12a2d,57387,0.057387
0x3f46f89b84049781afd353db4584ee4baec2ecbc,57289,0.057289
0xbcca4ab6108ad988647fa7535cc5d2236ef5cc8c,57069,0.057069
0x1393766c51fc01512ffc8e64e9bd36afc7acae4a,56943,0.056943
0xfcf1b5a61584d9f76105ab4e713285cb82ffc8e7,56781,0.056781
0x1d7417c624eb33519d1210e9275225218b7e6633,56619,0.056619
0xb037bb4d078d5323221736de5620bb38ac840b96,56360,0.056360
0xbedac9b5dfea75aa9fb16ef54cb723147a1a12b0,56043,0.056043
0x76a31d804bed4894188181f13a65a310bfe7126d,55691,0.055691
0xaaee02a176329d13425cb128f66dfc4401d7de8a,55527,0.055527
0x266074ee6e751499d18960f8cf8037adb839554c,55520,0.055520
0x58fa4bb75096bbba2461ea1bbb249a55a908fc4e,55520,0.055520
0xfb067f200650616cf7735b7eb3600e0e4c16421b,55520,0.055520
0x341d547cac1c5037be4e0cdfa0e82423566f9e49,55372,0.055372
0x0595d8ec7b9b8402825a4500f6f3adf11ab13f6b,55045,0.055045
0x4986ac8522e8831e71439c529e514022596c301b,54771,0.054771
0x5ee1acd8318fff2f923fcbccd7bbd423d31e8a9d,54703,0.054703
0x3dd910438ea2fdd62b8c8a6b1cf28eed46487095,54330,0.054330
0x260e7abee72899dc00fcd27734ed278d5984c036,54269,0.054269
0x01cd42d8fbbec2db5a5793c8cccf5d49e79be15d,53761,0.053761
0x6f559534239b449a2b68d71f223d5dc96f7bda24,53620,0.053620
0xc6d861d69aa4765bc48f2dd4eb6abbe942cd506e,53536,0.053536
0x2f0018a37da2e7cda407e9f48df7f30f8d03e8f6,53531,0.053531
0xa74dac82d7d61c2c301b04bfdf5958bf71d55394,53501,0.053501
0x72d0e4ab5d1718aecf26bdf191b46268b71cfaf2,53124,0.053124
0xd0c7c982b2ec99c56b10c99ff604e71552b0a996,53121,0.053121
0xe0dad03b9cd74fd67d1288773525467b261c2008,53108,0.053108
0x16a7810c26c717dcbf098e04cb50c4188fdc2fcb,52996,0.052996
0xc43cb639ebc547d380658d21d32a99b69f1eec8e,52847,0.052847
0x261287e25313506e3163dd1f3d332a7f8dd4d071,52673,0.052673
0x1c70f06be04fb7739d603e83b1d62fcfd23fa552,52600,0.052600
0x9bfc25e552250ac2c00431d71c5f840b74e798fa,52525,0.052525
0x10001c14701fdd1f156a2886128a4552576e80b1,52372,0.052372
0xdcc1f0af33526f1fc3905fb0104d81919d2e1571,52341,0.052341
0x0e476bffaeaf80fb5a7b442b2a1c4b6ebc9c0e27,52174,0.052174
0x94b27eda44c00c38c5e5b7ccc645e632018a3292,52090,0.052090
0xa4b23db0e23e5a92fdafaa5c79979e595947b1c7,51643,0.051643
0x2f842b214e0ed543cc45276076d901b0e0b46a93,51500,0.051500
0xd4f319481b5f45501253cce969ebda5ab2d7a655,51018,0.051018
0x6ff56cf3428425f839fda9e731f10a0f774b4be0,50977,0.050977
0x0cf66c16df1507f10108a1560317bbf4cf74df9f,50977,0.050977
0xa0d02fed9b68dc8b5285deffb1bc34d11a0d8f69,50977,0.050977
0x353fe90c16ee250aaa119a1b1b3a97d55a599a03,50593,0.050593
0x7b42df07d16f01338c90cf513015124d1eccee09,50475,0.050475
0x2a06b8f467a65b1ec5bd1eaa18a95e6077e9216c,50472,0.050472
0x7c1bd68dc078b2113ce867ac07ed898d044787d1,50472,0.050472
0x5fc6859cc8425e173f1a7292e86785e8b127aba0,50472,0.050472
0x915acb358be83cc37b747456623eb9431b162d00,50472,0.050472
0xcb35128071b87c425b59bd18fce3da67cfa36688,50472,0.050472
0x1b18d4d3491e6aaa6d883600572b0573a4e39995,50251,0.050251
0x7725334148767cb91b150d6afec158e3d8df1341,49848,0.049848
0xdab22ef91115e1d9c2458025aea8223012f21c03,49514,0.049514
0x8fddfd429e0bd8e15f6555f3d9162ca90c1c9da0,49455,0.049455
0x587bf3a7c8c827cae6f1a109c979651519f61c43,49358,0.049358
0xbfdd9f1a3e8eb884ba66b91ddb626bdefb8f57f7,48957,0.048957
0xe17cf5cf2b455f3577240e898a56c3f233e6bc50,48896,0.048896
0x648438750f2b6823e152579d8906a2e797f26975,48841,0.048841
0x5b0470801109eea352ac77bac3697e570000aecb,48759,0.048759
0xee6d3b3092579b0d3729d5841e27b48a79a2b24c,48637,0.048637
0x45cdeb4d673f538d1a4e09d2f82b8b4d52dea2dd,48632,0.048632
0x5b6de4e00789527570722dd47abd0df1f3af3e7b,48433,0.048433
0x9d06ef16d60cf49debde5dc909f413302af51178,48200,0.048200
0x00f5c37cc08c4c9ef1328e149172f4b54dc32ee2,48125,0.048125
0x920928a0ab26f2ced8f375aafc5a770052e1045e,48008,0.048008
0x8ee8bec88c2e2b6d1c464f856f90ea9ea5dba947,47957,0.047957
0xb87ac3a601a296df687e461a2b26eaed52921d61,47949,0.047949
0x87c2c45fc00fcc40f62b49bdcd5ba3d6f7b8b5fb,47903,0.047903
0x2a3234bb2ada7eff7d8f5fe6fabf0ead110d9ac0,47725,0.047725
0x86cd73ba384dd1ea1bccbd99d90106251772ced8,47632,0.047632
0x7d02c2bd59fb283e55dfc5246f5fb2f87f4b1268,47444,0.047444
0x70ffc894b94c3d72f37361ad8a0a9768aa153fcb,47292,0.047292
0x62e1b0f5d4d4bd308ec3c3961d3f4e7fd4cf83d5,47257,0.047257
0x8e0c18ca3c5d093fdf251f7bbcb0f984b0d0a266,47230,0.047230
0x8879c31662eb9779a081d517d83f54532e3c3be1,47195,0.047195
0xa92a340b21b2a913d5d47b651b45560f9d954eb4,47178,0.047178
0xb20e020695fd086464a866fd63b75205f8200724,47080,0.047080
0x9179954b3bd3aa32c9b8dc452b67c76a3ac155d9,47007,0.047007
0x9b647b2c35765bff7637b585923bb811120ef289,46770,0.046770
0x0ded53952eac230509fb6bafdb37bf7163ee02c0,46565,0.046565
0xe90af53c2cda2c68230f1ca9af14df7bb494dda4,46533,0.046533
0xb2ae7a10bf44de5a5bae706d0b86a588ef58f612,46405,0.046405
0x5aedde18ccf18c4c98afc5382ab585fb7e7089a1,45425,0.045425
0x6cf52858c674047bc694a4468a1804cec69e990e,45393,0.045393
0x19e44bbbcb0034ed8df3e56889befff8d8dbafb1,45173,0.045173
0xf958add3619c72dadee9ed9d9dcf7af2a4656da0,45078,0.045078
0x06730ba7c490ab5f8b026167009183fc7e375276,44941,0.044941
0x316f61177913aef4409073e235d30afc6829391a,44644,0.044644
0x832f8d456de30373cc9d1acbd9b7b079baf521b2,44392,0.044392
0xfef7eb7868af1fbcb8010cc02cbd68c75be7bbce,44251,0.044251
0x7945561d43d9b7f582f9c250ab5f02c44c34d9fb,43802,0.043802
0xb2737d0aeb59521e4c90dfe38e10e20d662754ae,43643,0.043643
0xd2f3232d831769e8cab65bc410e63d84821fb727,43394,0.043394
0x22792d1189d085982125e60c6af7b6ffdd008aa7,43350,0.043350
0x9950e4869366b836f3513d0bb95ef5b7add19009,43287,0.043287
0x92348ff9ba26b6b7ffe23d17abb9ced5d78a14ab,43162,0.043162
0xeb515b24b6c6a26ccc7d053b988b1a4a61526973,42636,0.042636
0xa43d2b4331aaaaffb59c03ef4e5b168f6111f8ca,42516,0.042516
0xc9c522ca3001c797114bc6331b5b752be71a9a49,42377,0.042377
0x7f47654da24d2f3cc191d3645c9ebba5b7374930,42345,0.042345
0x8830a1ebc4c93cdcdd817a4008d0e7d6e0493093,42236,0.042236
0xbf08860edc284a24ae355ed26471fe78375db116,42090,0.042090
0x3a3a57573ed551bfb877110fd53398927deefe08,41895,0.041895
0xe023f8e816b020e4c6b522a484debf5a247b0455,41821,0.041821
0xdca53fbce6c07165a30d945ed99bb16f2df785f2,41816,0.041816
0x9d4752d42dff03eb7a14ba60f812ada4a00eacf0,41659,0.041659
0x5c350a573aac56bf110d559df889e5967198e776,41640,0.041640
0x2f3b95cc92e89838245756803f0c2cb440687d20,41425,0.041425
0x0db7bd60edbdac2c992d441276c331fb46e49ef2,41372,0.041372
0x28ecd41c6bb60aecc7a509011d30ec4aa639d3f2,41053,0.041053
0x2c941171bd2a7aeda7c2767c438dff36eaafdafc,41021,0.041021
0xdd1f6b00d1f4d4c769ee553a1fb516ea9fcfd3ee,40920,0.040920
0x480687b47b7d9574afe1dab3f40ba6fe2442d47c,40764,0.040764
0x215a3749879e0ab83343d81aa670c45107a02620,40750,0.040750
0x99d2be64b5ce813c0ef24aa1f4ce0fada39594d4,40440,0.040440
0x4dbd5e781b01f30ea4ba8ab7d68024a1bbee0918,40140,0.040140
0x18acc34dace0e7fe8372f24835ef251c89e9e009,39998,0.039998
0x5dbddeb157ba023c721ac78d82b64bb810b56a09,39747,0.039747
0x3b0688f1b490a3b0c340c013db9f80ba0fe428e7,39747,0.039747
0xace8254884f30ba0cfef8de6eb35bec28cac786b,39672,0.039672
0x492418a78d8954753f5ce34b1738c0f17f3d867f,39617,0.039617
0x81d39cc9098e58c9098bd1307ea08a2d33548b98,39580,0.039580
0xd50cbde55f8da4e8cf94f38deae2c722a5bd156b,39515,0.039515
0x445a9aa24b89000744609f4ab3e31a625ffc310c,39349,0.039349
0x55ed81868a1509814656246d0511c013c5c8f0f7,39302,0.039302
0x8d3d4907ec63c2d3569d20e333824ad9094e425d,39246,0.039246
0x0c17f410b5346c96ee0a50d6c47008c14241a744,39203,0.039203
0xa07a83ee36f4872717f15235574b34ca18767d2e,39049,0.039049
0x103c63e896f485c47e2b1269609ad818a4ecaa57,38970,0.038970
0xd8ac604c015f0489244bf598fdd1a543e14b2b32,38926,0.038926
0xf1e9c4d5e8cc116675aed1453d87eecd4c5a2ac2,38864,0.038864
0xb704b174cb5503bbf1c63913f5fed2b7fd1c32f3,38810,0.038810
0x712ffd5af32418e1ad80f0a5a6f083cda5c29ee9,38792,0.038792
0x31f8c0068d6aa480dec27a3997d5a45884cc17b2,38733,0.038733
0xd415d2f890bff9b238aa4fc893f6a254f06cb4d9,38700,0.038700
0x43cc59434703418883ab6a0959724eeae3ef3817,38611,0.038611
0xac89ef084645bbc55138f7ab061af3f5edc437f0,38588,0.038588
0x057708ba5ef5f7012a42797cd2ef35a9e13abd00,38587,0.038587
0xaff45363c6f0ce7065cd07288058188b8843fdcd,38393,0.038393
0x49d43f74988c31e2df1e751e5f0ee160ecdbc5cf,38373,0.038373
0x918f40835f7153e93bcae6b692598032fc85f405,38233,0.038233
0x425e3764341ab2eeff6358c7c00ad003ec55eede,38233,0.038233
0x958c5fdfe2e5fd8b274bac5f3e23c504ddcf5abf,38233,0.038233
0xa8eca856916fbb4c040323895a9fe4d801ef2548,38233,0.038233
0xb770f032d89715bca0a3b6cb53ca9aface74ec71,38233,0.038233
0x01f2c58ddc660f162c915113353e359bedc27d4e,38233,0.038233
0x0f2e45f704270e38d3da035b79006f608b8fcd7f,38233,0.038233
0xcacb24189e3bd0bf782153f18ce4ea4f1c1ea9d8,38233,0.038233
0x5222a366e9a1aeddff5b8e464863c9555cf7e7b4,38233,0.038233
0xf91dc8a6f9550a4b362b264f51509731b9e59d8a,38233,0.038233
0xeceb2a90a4db4525ed8126c42e314e342a1d2e0a,38233,0.038233
0x61b2ed0e44771add563cee13ea144aa486716cb2,38208,0.038208
0xbfd62dd147bf4e253120a791ec4adfb6edca2256,37858,0.037858
0x81a39aa0b0d6fa8513aa79929e7c01dfaa232fce,37854,0.037854
0x61256b1f3a296fda864ca6503151e30bc4f4c714,37854,0.037854
0x9598e19e5ff37a35ab8a7fae6ff8dcf54b650538,37854,0.037854
0x32ce9adc3bab34a088ef9c8fc8bc6145e6ac5b3e,37854,0.037854
0x597c8bb6dabecbd3bab83dfe86e209ba9c9b0d08,37854,0.037854
0xbfbea6ebf38ae73aa4c6e0b93ec523572029f92c,37854,0.037854
0x0f37dbc653b643d14312f76425d5cfa005e0b373,37854,0.037854
0xf83a3425973aaed1e47253e67b5ea3c06c91c6cd,37854,0.037854
0xda3605d79bc9e6ddef9bc8166c922cf7fd7c01a0,37854,0.037854
0xf37999b978b68ab997352562cc7b221fa1382139,37854,0.037854
0xeb0e8838f38eabfb530d895e437f4b6087186f51,37854,0.037854
0xdb9b10db78689020e89c4b038e3b2a8cdc8c3377,37795,0.037795
0x76c889edca32697ca30d669ead6928f491c266e1,37680,0.037680
0x1b1fd868497a056bdb01af0046dd1b3658025a07,37606,0.037606
0x5ce592a7718862ec5e555cd53f4ac8481a16fa23,37606,0.037606
0x08203645a3ec46671605519da7c1a73355bd8388,37606,0.037606
0x9ee20ef12f4e1ecfefc63a78ba0bb872b421f8fc,37606,0.037606
0xda78a5d2dcb361fb94a234d2bcb820b462199c7b,37606,0.037606
0x6a81338d64888d4e624915a00189f4b9195c1aa9,37150,0.037150
0x4ba6fa885c008b7664ee0eab997974e660e0841e,37086,0.037086
0xf1a84796c2a656dbab1363a63643425ee8ef043d,36971,0.036971
0x8b98014819f95dfa353c69addf4e89a9b895c9c1,36955,0.036955
0x66c06a1a2aff6c8dc354d306599fcc8b18b9a40e,36918,0.036918
0x56f931b2e81b2a3bfc655e7b52f68dabd076c641,36847,0.036847
0x227b37053bd6263ff9f0cd2ab008a897b47574cf,36710,0.036710
0x8d7ef6bbc3b3b179c62013b0313e6bd30d577fb7,36701,0.036701
0x92bc7ced740f280d19ea3b944278edc320b4a52c,36614,0.036614
0x5393d9451570242f2600da8e857e7492d66c7c91,36499,0.036499
0xdda8b734620108a8c22f3d7a03cb7ffa5b868dd3,36484,0.036484
0x225a499df5274b5977e59127389ecfce12c79db0,36403,0.036403
0xb1f87f5fb92f4005be79945e33bd2d5faa2c01fc,36168,0.036168
0xb7be95e346fc5fddee6510f4feffd29e29589d4e,36114,0.036114
0xbcb63692ec87e7d7ed5c3ef0127cc4550914323d,36093,0.036093
0xe2dd2adb1a25a1e0c10207208468f507e80238ca,36058,0.036058
0xda4c98c8476e4210cea6f2eb5f4b5c236789bd7b,35961,0.035961
0x5f3095bd6defff7e4cd2546f1f30da651e0d1dfe,35600,0.035600
0x52aeab1e12dba8a6b8c4da45bea000ebe4628063,35411,0.035411
0x558d230a1bb495e1b93e0a8d813148796349022e,35201,0.035201
0xd8ebb185381817d0699a3d0c377d7b5dd2ea3f41,35128,0.035128
0x2ba92fef020b5bb95a3d5bf9e5af2169f15894ea,35041,0.035041
0x87d5e4ba0802cd9721441120aaedb10d9292eeaa,34952,0.034952
0xc41da17d2e0ef86d1cca4cfa7895a1b4e46bcaaa,34720,0.034720
0x28e5fde9dbd11356a4542f0e59e970ceda87e0d4,34649,0.034649
0x7ded2422d2e626efb695ec0ad26b3fb945936a62,34261,0.034261
0xedacb733f39f5b5743ea22f57cce8966ffd1df06,34194,0.034194
0xcd26d3d5719592fe99bface159319ae416c446df,34097,0.034097
0x3bbd60d44003eb6ab4610b4b35ad13d796b4427a,34069,0.034069
0x39b0ceefc2c8409ac03dce0cfb9d1f4736f985e2,34069,0.034069
0xf9973e43855787733a290f3846c234268abfd0a5,33816,0.033816
0x0ef8582381874780e4cdbbeaef8bfa1f9cd34dae,33723,0.033723
0x900050f223ee870b0eb62229ba7ad5aced9ae783,33639,0.033639
0xd06a1bf57621aa5d5043633fbd2ac10ad54e5d9d,33626,0.033626
0x0a28c154416dd096b7199e1de5d525355f8d4adb,33312,0.033312
0xea5b90534adcba8158292eb811cdfce215a18619,33293,0.033293
0x2180e2cbb8f6d795a68f75b15931f331cc42b178,32941,0.032941
0x34142a1589adb3853f1c188faa34e694ce30a62e,32647,0.032647
0x89e208b573a1b89e0f987e84bad71fd295cf5562,32608,0.032608
0x2f6bf801c747b8d60019a4a179cee6bfee7f9a26,32606,0.032606
0xc0a9632e16995a52d795a51d0246eb420149a1c0,32563,0.032563
0x3d4b5a2d25a4ea6c0abcaf1b1159429144248dcd,32522,0.032522
0xd7f4e01b66bedde8aa85300130cc6c7b9823942c,32461,0.032461
0x8e2c53b271f476bf16f260372f3d3087be15f21e,32302,0.032302
0xb5b455b711afed9b849e58dbdff74aaa53cf874c,32302,0.032302
0x5c7e4e119da5d398551db130a683629f1c8b77e8,32224,0.032224
0x5082eddb06e5e9b57e98a3c4687b4b205ef6d43b,32208,0.032208
0xb8932a001d07df50a8115127b7952e3937b81095,31971,0.031971
0x13ba208b7cdb993d4b6da0e962d2815b48d0b277,31708,0.031708
0x4b953e37f0e5784aa792a6584e8c4eae38d0cddd,31640,0.031640
0x8c338641331aa10d2d33429d3351c8f45543d3cb,31507,0.031507
0xd60f961d95a7babf09d4cb58e64d4e6010f0f868,31238,0.031238
0x6f93f46c3ff9de6e9fec05ecd70b67f58b471afb,31159,0.031159
0xffb6ddba9da31de3d4e1974182705e1e33fd8b2e,31138,0.031138
0x063586edb88e0452382694a19b6cf2389a5efaa7,31018,0.031018
0x507097f66a9c9b93408f732c632662fbe3086d98,30896,0.030896
0x3beee649394768afc0859512dab43bb30bb46126,30874,0.030874
0x9653abf519515a11644b615198bb923dad01148e,30843,0.030843
0x4eaf557023ff1f152115e3d91b7263a9f1742508,30711,0.030711
0xccf36dd65d4f3a839c5491b9c69b3f26691c6d1c,30588,0.030588
0xc1abf1b0c51c221d0e7b45f53f8874fa2c922167,30572,0.030572
0xa4d29e3cd26c766cd7a6d196e94eb7ba690c42ca,30283,0.030283
0xd43a44b89365e40ceee097afede7fa81296a405d,30253,0.030253
0x4803d7c3db77ceedd192975c3c422c0260fad0dc,30246,0.030246
0x727514c52b7c218c950ae33d065e2af9bbd5fe15,30215,0.030215
0x263c076ed5fcf089651e7fe0df0787ab2867de18,30105,0.030105
0x129de4c0746d75346efacc5828fca849d4e964ec,30015,0.030015
0x9f8b575f705cf570b46d5dae4b8b4b8374c0de0e,29274,0.029274
0x9ed1112c360952305448a0ce2d319f8b9bc21f68,29219,0.029219
0x0b0c819dea53ac43e0cd29e6cae2d9b13a232c57,28945,0.028945
0x79bc2f63637fa57f793221c4065a60d69bb50368,28752,0.028752
0x6b508e50c5d27a8b91ca432e74e94c479ff3cb5d,28666,0.028666
0x3d47884936374b969f0f5353bf824cbc9bb4a23f,28376,0.028376
0xc1b1533bbdfe19b65d30dd50a3a08abe7ab53e43,28371,0.028371
0x90906745a7ab14ee1c8c84783fcf5664f745a099,28316,0.028316
0x33003b2a1539e3355da84095c8d21f6fb0319500,28204,0.028204
0xfaa2c1a1fa9614b48d4a6fd09b429444772398e7,28204,0.028204
0x6eccae385b8e17721721f8a1446ca73b94e14aeb,27939,0.027939
0xf16b17b3b167bd6763f5fb4cc8de15dda6596ba3,27939,0.027939
0x4c3d9d0396e416237cb043365c0b33c0fe23ffe8,27760,0.027760
0x95237518bd575d83c0caa42b9d2a6885b7a3281e,27760,0.027760
0x6e257ee90b29df336d962a2f7284568abef92b6f,27760,0.027760
0x8afa1b7aff5398fca53129b7c980a35b2fc1f677,27760,0.027760
0xa6ca777daa600c0b4325f0ba038b34fb008fc0c0,27760,0.027760
0x1b550e4ef8e5358e4527337d94c7e9b1eb953e58,27760,0.027760
0x90c4bec2e64102c157105a7eba0361b9ce3adb1e,27760,0.027760
0x333df78653f266d88679150ec62530a522d71ed3,27760,0.027760
0xee53545f4a8e0142996ee4eb214d3958ccaed6a0,27760,0.027760
0xf1e23eed94ae3506186957b91936417c6ea616f5,27760,0.027760
0xede3111ecb55b66abf6a20bb543d2dea8720b0f9,27760,0.027760
0x07d2e2e6eb49ca8e22e8ef03deaf038ed262833c,27603,0.027603
0x287d4c4c39d5ecd0d56a7eb4df11c8e32c6985c1,27587,0.027587
0x9dbe001cfabd1ba81771fc7824d37e2b24a49098,27275,0.027275
0x9f8bce2287a497ca9b9aadd17d02f66a5e520166,27230,0.027230
0x10b90ca770a8e52ecde7740402beedd496d4ebd1,26676,0.026676
0xb9697473d8e8b77b51120c3150fd36cb0e6307ba,26646,0.026646
0x1ce1d70523bf3660d66eaff6aa3aa21d86671b77,26616,0.026616
0x2da8b5016a5bc03ec009dbe61acac282924f5d1d,26498,0.026498
0xca962e5580d84b47d747452010f6e5cd2b546475,26498,0.026498
0xd4b69ad024dc7768e69704aae4fa3ae9bf0b9ff8,26498,0.026498
0xf52e60980d3a851a37364db913ff5f1074e4c981,26498,0.026498
0x3d3233156c7a58986f05b3f4c8c539c72502b107,26398,0.026398
0x42695f161c2576bcb4fe0183bff9d804f41a7bbd,26375,0.026375
0x25a0ea2627e57a4cbf317a68f674acbe5d5bd56f,26061,0.026061
0xfa87f84a5b6d30b9c0c4845ef2d705e0cc22fecc,26019,0.026019
0x467181ce14d201489c66bfa583f069c1d7a3493a,25854,0.025854
0x9d6f996caf7f908eac8fe5cca3d7bcc22f0b96e6,25752,0.025752
0x0c11015abf73956a76138d5722f0b56a306a1653,25691,0.025691
0x6b4f665e19f462f8735400a15d3657f8527c79f3,25617,0.025617
0x6f625ca653fcb4cfa2424cbe958aef8c6690c717,25602,0.025602
0xd6e546e3dd484cfa73e04f89439b6e3d21c95c42,25576,0.025576
0xa5448d4fff43571903828a86db204b55ca23e85e,25490,0.025490
0x98bafa71334eae0037d7ce585702d340ece71383,25327,0.025327
0x08f236c3050e73f25f7fb828e2311eacb7af8f5b,25236,0.025236
0x68b1f671a28372743aca3f2bfbdf026deda270f1,25236,0.025236
0x6b11daed631b0b7c58cfc28893872b75c007aa5e,25236,0.025236
0x4bc824b7e1c7f2c7dd1a9f1515c2fc3510d868b9,25236,0.025236
0x211cc9b2de4c18523ce2481664596dd2183e966f,25236,0.025236
0x4787ed2bed2069e394c522b81de558d2afc14a8d,25163,0.025163
0x770afdf9e36b7706b8c916bf507e9af7bf40f807,25161,0.025161
0x5323d6a538f9ae6e8ae5fccb2ec3dedf781c9e69,25088,0.025088
0x62ac6388cc2231b4713e169fb7ab40f6f8310164,24951,0.024951
0xfd3ddb341f99ee3576d3f4f6e32e4fc5bbd6821b,24858,0.024858
0x4cc2447daf4c449c8ecf4951ed5abb6daf5f4b88,24567,0.024567
0xc183e4aa0687165a45a44989a5e9c9319954e510,24475,0.024475
0x405b0c43d66d3406fab0abc0ecee2359cece1c4b,24065,0.024065
0x618232ae05a8990a1ac2a767514bae2019b8648a,23976,0.023976
0x6eaa541a122e486da64c44ef54bddcdf35e6e42e,23974,0.023974
0x16cb6176b47cf2cc51d2c0aad6d68c977beb030a,23974,0.023974
0x2350af0cd51a5430424d423c43c1f125cd37d5fb,23835,0.023835
0xefa5c5fd43d45f3267750f4f2fd910c4c6f1cd28,23788,0.023788
0x264da6b47932f5c663c690328599a6b84d862920,23503,0.023503
0x41a459793e6e1ff027212425d72b43831c196022,23503,0.023503
0x3bb1ed411f2cabe2c12d86b0ea74f4947e17455f,23503,0.023503
0xf21d58062c1fd840565d3f99e4d9e30af5771c84,23503,0.023503
0x51072f2149a687c5cd5695ff28a2eb1ea7f37e11,23370,0.023370
0xe6f72d6d9e57338fd8fa49cd0add0226212dec88,23053,0.023053
0x0eb736b9175c9103b321a06e6609394f77141a1a,23001,0.023001
0xf682661ecb5c01a292006027328e37cb98f3b5f6,22949,0.022949
0x4337f32b517ca0114bb627ba358821c686dc4063,22899,0.022899
0xecc37dbe1cae16decd0915b1ec41300790b9ff66,22895,0.022895
0xac2307bef38eb99380c6d307e197e47920f70f94,22745,0.022745
0xc4f2660f331a29acad88bff3d99efbaacf315526,22213,0.022213
0x0672b2b898bd5198fb47f368763ec3b5f30eab62,22044,0.022044
0xcfce539eeaff3de1618595610c4d8ac1583deda2,21955,0.021955
0x3c321784b3d199e4cc77b1a3c7f440617ea7a5cd,21954,0.021954
0x5f34b31748f0fe280fbf0b2e3e7f5a4c65755d16,21717,0.021717
0xa723e96c191d24c15c5ec9cdfa54adfa84ce7814,21577,0.021577
0x206519f311edbc4fec3af156eea52f101e70d62d,21463,0.021463
0x9688ca58407a71bed9afb819872ae17340711126,21312,0.021312
0x1c3dba6ca7febcbd913ec72e0ef97b5f7abbed82,21222,0.021222
0x429a635ed4daf9529c07d5406d466b349ec34361,21065,0.021065
0x16d267f8f77617d327af137d2c9137cfd140df86,21063,0.021063
0x5775cd5fde4d37c0ba15d209016e98a217e49a98,20820,0.020820
0xa9f6ed29cf0075d68acfa296b659e8f64a4117df,20808,0.020808
0xc08da7901a8cf59391f7497118274e6529b52628,20803,0.020803
0x2965940f3a5e1ea20438b2b36a83b733bd1c7e84,20530,0.020530
0x76be52fd69e626201ddae454a727114e684a884e,20317,0.020317
0xf9ccebd580d3d175809bc4598cdb313041d17bc9,20189,0.020189
0x4eb78a83ea9c07cd752066f3a47f2b774b6bf63c,20124,0.020124
0xb061eb7ff3b836b35d74df667c8ad9a43debf4ea,20103,0.020103
0xd7cddf2db39c392d24e6927a9108d1b2a0d05040,20062,0.020062
0xa43c740c0cb3c8e9fb1ee24598963fffa0d0ce83,20059,0.020059
0xf3974f0c0f073e2d68faf57e79877e1e6d04a281,19873,0.019873
0xc86cd9f65300189019f6ac1bf90422e45f524cfb,19867,0.019867
0x2664c785026752c9e064c728a471685c9f964e23,19703,0.019703
0x280b80fdd9c2bc76b59134d386ba2e6e99d8e36b,19561,0.019561
0x6566567eb9ce9bf8cd64ed27989c380bf7f61be5,19552,0.019552
0xa0eff7fc10735f37cabb46aad21e6fd718729abd,19366,0.019366
0xfa0db1f828c61d4add53f15d62612ca0d9918372,19366,0.019366
0x098b8c838856f8678668919029feaa4087ac59c0,19327,0.019327
0x39d34b1b026c563b772d5c435985212c51e55ff4,19226,0.019226
0x5965bcd46f3c87bdebb42bdd404ecf8e20c80208,19183,0.019183
0x078e3c7be359f2afce018b42b8e5f664cc1803f9,19165,0.019165
0x6803fbcd278b98c2e08be7b3deb2a850ab0aa2ef,19020,0.019020
0x8f876af83911a818fea3f07666b884a75fecb522,18954,0.018954
0xf958bb5671f792a15ffd4f0cdb08cd0baf4850bc,18421,0.018421
0x017c868c64b7b8f44f1f58fc027526b3f37bbc54,18325,0.018325
0x38f7e81900a0c6d2af966a42ffff1bd714ab857e,18279,0.018279
0xaeeacaca13b8c237ed3363f690234e91fb30aaac,17908,0.017908
0xe1fa0cea2641e8bdc07a695537ad6ca6209175fa,17908,0.017908
0x10bb62e1cb807ae6dc20293ac27c15521775fbdf,17685,0.017685
0x26417829117e43cd7204bec5a00ee39d97df8824,17644,0.017644
0xc8b7b80394b6ac6ab03f442bf0fe040b4d4f4cdb,17607,0.017607
0xb2fed7db8f5a942c0cafad3e47280b0fe4b1dea4,17214,0.017214
0x509c0ef93bb1abf52e1e6519b6c6c1dbe2a4d049,17190,0.017190
0xf47a0da8bb33e7aa7bbe791dba0fddf6e6ba7c40,16938,0.016938
0x9a7f3783589461575006b960ab38f42973383ea5,16715,0.016715
0xe403653dfa9eb5755b0ef32dd366d8ded3cbdade,16422,0.016422
0x71463f673be964ceed859ab8fb6379eff9fe20ab,16417,0.016417
0xf366f67fc271b7445e6befcd915e7a797b1b962f,16413,0.016413
0x03ccf95c8cf3f4faa1ea537905f5c356d6936326,16151,0.016151
0x1f1cdf1a632eaaab40d1c263edf49faf749010a1,15842,0.015842
0x2b5fe36aaec5a6b479a1a2b2b6ba46f278991fc6,15700,0.015700
0x58004d67c3a33c3628fc4a91b618a867283fb8c7,15413,0.015413
0xa8c9b1ef7e23a830d7dfb4e0c25c36c7c35202ed,15141,0.015141
0xedc30dc7ce8ee4e7cf5e822b45403ba1e258d316,15141,0.015141
0x0702ca95c3fe2b2f99933e31af7fbcc2f79c7e0e,15040,0.015040
0x813dd576a49b1a8a803e5a19858d4c25d79fcc8c,14859,0.014859
0xa831ea001e6bb187dfb2ab15bfd0f0cbabaf1e47,14555,0.014555
0xf329f2419b8447bdb17167731c5e666476e3c4bf,14456,0.014456
0x428073e68e114e745aad487ace3d7d504df86ed2,14148,0.014148
0x0430cf918ae09ff422dc63a0d6e0efd2999b91a2,14102,0.014102
0xd70d4d38b4f8ebce6dfab6630680b290e1609feb,14102,0.014102
0xb1f880d2e7956c5dbe9c3bd3c4a669aeb3593e9f,13891,0.013891
0xb534f6cf9bf22a722a9e6421a59b1cc9f4d27ffb,13880,0.013880
0x3e305e46f3ffcee469b112acd0ed5e02d4d192e9,13866,0.013866
0x1166ff03f5a03ecd1a656206b69c21275a717f84,13671,0.013671
0xaa2c000e1955e97b1ec1d8861b4b62be6183c6e9,13641,0.013641
0xb70639e719884d892cbe1f900d18d4dde8d13591,13404,0.013404
0xce7d1690f762ad501cbde741fe52b07b7c0f0837,13105,0.013105
0x11f630e1347a76a0c749db71dab0e53a4a326c4f,13086,0.013086
0x46fb16917b38f86ab128cc946b45b250261848ff,13059,0.013059
0x61e6d644445c42a21681fd289bb504cc3f8b9877,12991,0.012991
0x9e8ffeedaf3ed1dc0a14799360849583de9418e8,12883,0.012883
0xc395649d5270613e576e3af34569973392d8ba47,12845,0.012845
0x2e31db5f6262e174cb8674cdce036dea306bfe00,12832,0.012832
0x277a632432c3e026d5753694f42c8b1590ccc744,12618,0.012618
0x906a33daba10e0debe282a6caa01aec1f5733742,12618,0.012618
0xb868b9f96b0199a39aa5181f231295e811efa800,12618,0.012618
0xcd98f8874596899c98f9a227fab1407bce00aed4,12618,0.012618
0x291ff0fd3a64fbe3723fcbc57cc1287828891c02,12618,0.012618
0xe66e39343d48af67fb1679697fca58b08b638459,12618,0.012618
0x47e3fc04a4e16cf53124dac3586836f1173bc086,12618,0.012618
0x175c409375f44cad340dca0569fb3b156a352199,12445,0.012445
0x6cc29df809d148f737b889a0a720bec7300fb56d,12295,0.012295
0x10ddc22ecd040010b6118f8742f6ff2f0b1ab19f,12196,0.012196
0x4ce1e69cdfd874fc2f7490006c0e9f60b7d70dc6,11969,0.011969
0x3b402b7d44b647367686f20b9905cf4a6eb6349b,11966,0.011966
0x7de98d06b640d85f1dbabb01735d78e27aa8e8c5,11883,0.011883
0x5b9d38fa1b73244a68ce0132ea032093f210ae6e,11751,0.011751
0xa0aa87939347324eb76d713188d6375a38772d5b,11710,0.011710
0x32c5b20ff541897fbc48aeb39bead9476a0c4046,11695,0.011695
0xb6c2bbebc94a910e0fd37267dab56fb2130dbb97,11558,0.011558
0xbd538e5058185b3c34928eb49d62db60ca7ce29d,11492,0.011492
0x5f8452f29f2f98b33fbcaa08d47740578059b37a,11179,0.011179
0xdc0aa8e0950dfeabc297da2c2299ea5b9411d6d6,11159,0.011159
0x4a62eaf34de46f818ead86a3f40d806619fc41c0,10910,0.010910
0x7f5d01e3a2a552122651f67974548a410995f94b,10830,0.010830
0x561d4561ae0c45505a6f6b1a58eee27d7b94cb62,10771,0.010771
0xcb9ea847fbc5d064e08185559cceeeebabe80ef1,10528,0.010528
0xfd350064c9f5fea045728b408ad4ccb0cb12ee8a,10255,0.010255
0x18be6a625faff8e56558dd1fa0020b1337f2f7e2,10163,0.010163
0x92cfd9472b012561a9de9907d8c5dd19d911797e,10125,0.010125
0x2f1f5e216844f206730cb7d780010b841ed42b3f,10092,0.010092
0xb0704ba969a38d17b318ba00be16c80cc83ce976,9852,0.009852
0xb4ce4de75b72ee385bb070ace317aef674fb986b,9691,0.009691
0x7851936bf68eb01de045c3a919d0bcc088826085,9495,0.009495
0x7e390eb46a032c32fcfac9186c5f30ce6a9a6194,9408,0.009408
0x0c85127c6ef5c36bc1a932bc5014ad30d7066ccf,9401,0.009401
0x167ade962cb60346d2525e6a724b3c8e52e73c34,9399,0.009399
0x0dfe4fe4a17220dbd5a1cac1fd5947c520798741,9198,0.009198
0x5ff9831cf1084b9aa95435b97c89f699589636d4,9190,0.009190
0x25d238c9b6f269c40158870229291568e7f225ed,9071,0.009071
0x8a029549b53b04b1003f25e6e3c830e5ed477509,8876,0.008876
0xdd7c51ae3bd86b7bf63e28aa66fe2aeb7fc23cc3,8733,0.008733
0x0bd50a1b155ead15e96c607de5ba0aaabfcc7408,8374,0.008374
0x4c1e4e3a9c22d7a357c0ee958c43a60c51da50bc,8246,0.008246
0xa35bca3b96846fa4407038abc6af56454b145c4f,8205,0.008205
0xfe10f673b7e2bc1c78f66040a7b8a17569953136,8080,0.008080
0x68bdd37b9ad6ef885e85237a075b104a50afc1f1,8035,0.008035
0xcda528d8df68f9e44728248a4f4c0872207771bb,7917,0.007917
0xee9f5eeaebb2cf8d4b9555e8944c963a546fc2e5,7778,0.007778
0x0bf18f89ad3ebc9047c22d9316dec23235e18a87,7570,0.007570
0x34a8d6b80f6df30ef1944d67963916f818f9b250,7519,0.007519
0xece2d404bd3edca68927fb86822e62e49e951b52,7456,0.007456
0x28f815501f0d3e6fec11c63bb6bfc38ca29fd482,7445,0.007445
0x7a1d556cdfb7f0ecaf14ca76026fcce7d8f2bff7,7337,0.007337
0x6fbcb0a9e8410ae6df0d55029afa5bf590e07e35,7277,0.007277
0xa212fcdb6d2e602e39a9be7a3b3a6598b85e52cc,7136,0.007136
0xe7572abf9acd5938e89998ad8848ad30c3486386,7101,0.007101
0x5f929cd97da9f87d4d2ad42a41dcc13fc5871d54,6921,0.006921
0x51caa5d6b610225317d37770e6dccc20e6a6d76e,6906,0.006906
0x8bae34f16d991b0f2d76fd734db1d318f420f34f,6743,0.006743
0xc6027b57f958df379e7374598f576dd2c8096bc7,6581,0.006581
0x1bbda612525d0361a0c46fc001830a6e0ddb7eaa,6549,0.006549
0x5eca17a2fbe8e39e72cfc7a9987855be20a0550f,6432,0.006432
0xcaaad02005b65eb867f46a60dda71bde495d9be5,6415,0.006415
0x2e7d2157a7f19a1aa8692264ace30990dce708f0,6111,0.006111
0x6f52049cc879caeb356298ddb23500cc0d4787f1,5994,0.005994
0xcf867668e3764b64459ae2890f74a0dc2a4f3c9c,5964,0.005964
0xfbf5256a3cd8c55b47d0ae1ba04272e4088fd00d,5885,0.005885
0xa4effb8ae6852d519a1c065eac0d12d76bb9742e,5882,0.005882
0x8d369b83a974b5dc595eb29beb63c5b285109312,5816,0.005816
0xb23c3898bd3970477de7de22f8dbf8abd0ad4dc8,5642,0.005642
0x1764dd68d6dab5829bc7c8f8213329e223f21719,5593,0.005593
0xbc95cc97a0c18ad3b00b2ed96a5c4eaa25324f69,5587,0.005587
0xc2e1c49f9dd9a38d78c286b70101d1ac5e09ad68,5399,0.005399
0xcd74df7b8f0e01aa57ff5ce2518c53439370a4df,4795,0.004795
0x19c060d843b70ff2a9f5aeb011bc10bd252d71c2,4728,0.004728
0xc8b8d850bb0678d850ee819123042ccfd8561d46,4700,0.004700
0xf4cf1bd9708fbb4fb377cd19140a3000190521f9,4700,0.004700
0x9c21cc7c873c42bbfc06aa83ca105822978f7a0b,4467,0.004467
0xbce89af629996c1f6d8a6409ecf12f64680746b5,4447,0.004447
0xef1e056e02a22fcdca79ea3c867141694419c7ac,4304,0.004304
0xc2fc98059fec0163fa9a8be5a9eccbfae6a6d362,4178,0.004178
0x89e43cd48b9f116852d48e26714ac2e1ced0d008,4129,0.004129
0x80012e709cfd2bdf5668b42247c2e3c505abe380,4125,0.004125
0x8c96d49f532b5daacc5c27da3f8f1fdf18c3a086,4113,0.004113
0xf673962c9c55ef880b04660eaa5a05d86b4c3eb4,4110,0.004110
0x83495974dc158e0d1c5d934ae4b7370d67a4359c,4109,0.004109
0x3f2264d191977ade1e21a09272a658c702549691,4107,0.004107
0xada0bba8727297cd8e8521270b62ef1466029e87,4104,0.004104
0x046b5157562b31972356e97bd555d80e410a4980,4088,0.004088
0xfd532cbdec1b4f3b6344fce71b76babbd267967f,4043,0.004043
0x185dc95c71799fad3bb58db88e21811483b0ce3f,3873,0.003873
0xd0c45c2aa8d7a8b0a8ec3da30e22f15930e06167,3873,0.003873
0x72ce8054c48f57597dc1f19d7e869842f4fd04bd,3512,0.003512
0xa888e45342db2af71754cf0290d86f1222873df9,2858,0.002858
0xdc4e03799b91a4e36c0ab0919079a6aeadb4e84d,2748,0.002748
0x2088dd40cd4afb4bc9e7d811c51787798ff371fb,2606,0.002606
0xc95286c0a8accb084c378975e7fbb0dc7f606017,1340,0.001340
0x00000000037a08ce8c4917a5c58f40c85367df0c,0,0.000000
0x0000ce08fa224696a819877070bf378e8b131acf,0,0.000000
0x0005353b2f8f6671a87d0ef244a65fbfded4a8bc,0,0.000000
0x000cd1ead831873f64e09f1a55245b34c7629dc3,0,0.000000
0x00138888221a216e5c865986a6e421ef6def30ea,0,0.000000
0x00239d156099e08d35284cd98d7931b56e3e3987,0,0.000000
0x00273c9eabc182ebf0c6f02cf466226ebf760604,0,0.000000
0x002d4505c2d066942773ca1c1c19faca78cb4999,0,0.000000
0x002f396ecf7163b4f4f2b5c353347229a7454b1b,0,0.000000
0x003fa4b61302290b61bf099087c4259c062d5640,0,0.000000
0x005e991137f4785d6bfa82ff0dcbea69e67146bb,0,0.000000
0x006798ec0eed617e69b8ef32c24221a54c4bb102,0,0.000000
0x006f433d59f8dcfb627abcfe6a4ec0da1291b17a,0,0.000000
0x007105ece917b988541029ae1fd480e84ff17bb3,0,0.000000
0x008a83fdfed337b9117bbb192005f08c91b0c0a8,0,0.000000
0x00933dc8f06a7473d0e7f348e84f204a456e9d70,0,0.000000
0x00a16b52a6e6b10bf0d52456a8618eb1beaa685d,0,0.000000
0x00a7b4382e8fe9c79c09fb1ef1df6c432987dd91,0,0.000000
0x00a918e5a5f52a3798dc407ea3bba39ecee1f5fc,0,0.000000
0x00a95bda4422b39e06eb44bb0a32238d852ae36e,0,0.000000
0x00b2a488b11e169b6bdf46c8b05ca1903855e349,0,0.000000
0x00c511ab1b583f4efab3608d0897d377c4de47a6,0,0.000000
0x00cdd1812ae24b7d1b7ee9b584c4eedda4481851,0,0.000000
0x00ea9e43c49663798e9e761607389012d9649808,0,0.000000
0x00ef595160da98190b60932f8e4d27265392eadb,0,0.000000
0x00f8b259a40838a9e75d7b9d5c9f7ebd8d475110,0,0.000000
0x0156f098a2f9bccdafe44d5b4972849aff032a7b,0,0.000000
0x015ef8329094a9f725c7864919e622613b96adc6,0,0.000000
0x0161d1cc10116bb2a073a0c293d5e4f1a97a00b6,0,0.000000
0x01659cdf79d8d2ac587da9860659ab363920d726,0,0.000000
0x0193aec4f3a5134d69ff1cd7adbb90c4ef1a96f2,0,0.000000
0x01a740d7abb43ed3ad938c2d522d71887ad387ea,0,0.000000
0x01df6510c517e81344b03f0b2a050d43386f5199,0,0.000000
0x01f5a090daad0cdbaf33409da01687db0cbba353,0,0.000000
0x021a86b9858f6e4150a724d444e94d10cb75c1b1,0,0.000000
0x022460d1a41aad2a7bbb2ae982fcb1d0ace9120e,0,0.000000
0x0234fca81e4ac4088b7a3346a6612ec88821ef74,0,0.000000
0x023826f4d1d5d6fbfe9fc4b333170d6fcf48d29b,0,0.000000
0x023f6cee05d62bbb392b22bf1824df48e87d66ad,0,0.000000
0x02585c437ff309443b182ab455939150814ddb62,0,0.000000
0x0265a656af44ace2405a24a6f9cc677e49347510,0,0.000000
0x0277554798f5393fdb4accf07fbf52cc93ebd207,0,0.000000
0x027d1ff2928ebc9c3894453741a6cc60972d3594,0,0.000000
0x029a870ac6e8551d1a09209c4b28e773b3ecd432,0,0.000000
0x02a5af308fd2c802aed7638804a8f9131eaa8340,0,0.000000
0x02b860783d1957f9dc0870185b8bf7714eed9604,0,0.000000
0x02ded79ef582b124349e6954b8ccefb7ebfb69f4,0,0.000000
0x02f477f6c241dc13a3ac4c9c2642d380bf073cab,0,0.000000
0x02fe98c43a51d8ad5543ab8eddb01fd3c364a633,0,0.000000
0x03240db7605e5b82d82a937667083d6d0b165df3,0,0.000000
0x032ae4588f7deb1f90e4ed5a3b57442dfe18bf41,0,0.000000
0x032cedbcd22c2eb5cb471936daa4dc867a23f041,0,0.000000
0x033751efd93285ebdb6b296ed259d26dd1dadf56,0,0.000000
0x034153856ac7eaa2f3b5cadde25fb6717e662e43,0,0.000000
0x0365f4076d501d9dbe60abd95a184903f6628d5f,0,0.000000
0x037fab58ea0e2996afed231393e5313144d639cc,0,0.000000
0x03d8e300a9071bd7568802c381bf419e56414867,0,0.000000
0x03ea57a2d7a84bc86876a30d51f3996d3efbb195,0,0.000000
0x03fa69ed9ca8b0a2c08b1c281a5a1da3c23bfcb7,0,0.000000
0x040a0352a3c960c2a64f8a318f6f6b0f1f50024b,0,0.000000
0x042ecd713784cd21641bdf1a4991f472167f68f5,0,0.000000
0x043748f9917a7f7bcb1cb069c18dd34ce7215af4,0,0.000000
0x044072168c192931254f7950c410c592663b0749,0,0.000000
0x045e6664b0c1c589b114c1a1da23f662c654156f,0,0.000000
0x04795cdee2b677b46878896dae76be5cb174dac6,0,0.000000
0x04a2abe3066a127049ddf22cd0e2820d90d53df4,0,0.000000
0x04c89495405538ccf74ee8bd2a3a86f5af03f563,0,0.000000
0x05136b5578c84b88d4cfac521753d2898b6c9408,0,0.000000
0x053101b32d3555a4ff72fe8b233028c330c5f904,0,0.000000
0x053e1fe30e5dbdb1592f6334edc52d6cad61e62c,0,0.000000
0x0546e092aa1722f82798a731e036c193671311db,0,0.000000
0x054bef7310f80a3c6b0bab88edc210056bdb52b0,0,0.000000
0x055cc85e9864f755e1e15f5ffd8d6c501f7ffc84,0,0.000000
0x059bc9f621bd3aa4c4f84b58a53f0f2e7d477d16,0,0.000000
0x05bb279648e4e4cbcdecf2d4d6ec310999d444e7,0,0.000000
0x05c12b2927b4ff0efac4dfc0d007be62317ce2cf,0,0.000000
0x05d7d3821776855a839006ca5805472f380cc7a3,0,0.000000
0x05e99c8d703dcdf713181e472171036db1318b0c,0,0.000000
0x061bd74ec4bee599ee86f8587bc5b85a814d25d2,0,0.000000
0x067f2bef6a1f929544253b9fb95f99bae77b2518,0,0.000000
0x069b3df3bc8b2daba525a12bf0984a030febb0ca,0,0.000000
0x06e9104f5c6d213fb671ae06889a6b6b1cd03c15,0,0.000000
0x06ed1ad9e709d6894d1b452505d395a63259ca21,0,0.000000
0x07599b5c9dd108c74b560e4966eb220816f3b3ec,0,0.000000
0x076e25cb6191ebae0e943e5837808bfd6d3009b2,0,0.000000
0x07c5125b71bf6a4e8affcdccff4a98618da46007,0,0.000000
0x07f02422f43eaa1b92f5edb4ba20663548e721cf,0,0.000000
0x07f202c39af9b4c8f93e10ceba1cae396eb51a66,0,0.000000
0x081dea386c1e62f7d78ea10617e4f9e241768c46,0,0.000000
0x083955945ebce860dafb43397379e10ef43e4d62,0,0.000000
0x089300e3cd93dbc23c93cc9b8c237f829ce51b04,0,0.000000
0x09033e3c59d429603852bd5c34f99c29f5102db7,0,0.000000
0x091aa7814ef448d784dc142f7d7e316214ef19bc,0,0.000000
0x0927a053d225a6b355d623039d93415d8aab927f,0,0.000000
0x0928bd64f3c896660c0f32e990bc203caf360a0a,0,0.000000
0x0935c90400d95fc6757d07904b9ba88a0b447012,0,0.000000
0x095db755b5caadbf76db7b2cb9075748c7684305,0,0.000000
0x096ea4f27ec0c5062ba2f4f506bbb4d7c4ac9473,0,0.000000
0x0972637d13607bc98cb27d105854edf3a7162b25,0,0.000000
0x097d822a742142b12c3514ef0bf3daec30350d5a,0,0.000000
0x097f9433f8b13adc1b94495ad1e493202d2f6713,0,0.000000
0x09b7a869daeb0337d95e1482f6f4cf3a309eeba2,0,0.000000
0x09d0becd35c5ed2b57888601d0125374e9caa471,0,0.000000
0x09d4745cfa9ca51312837bfa232e342c0a880195,0,0.000000
0x09dc2779b10f32d104371518b0bb6d385a0443f9,0,0.000000
0x0a3633e188fa81138c45f535516501d85c5c08a5,0,0.000000
0x0a3866c5172050d06fbe93eec0fef3039da51f02,0,0.000000
0x0aa43ffb37fac0249db884fca9d940dc756df924,0,0.000000
0x0abbda1dc11d99ca868878ca050da6036e216577,0,0.000000
0x0b367b8cfe87b13c85086b90c7e8b7a68695b51f,0,0.000000
0x0b4ff3381f046a35e055fda7cbb7972458b69a2d,0,0.000000
0x0b64ebfb2694cf6dfeb6f5980ed137849c5b246a,0,0.000000
0x0b84da39d006c40322d04a10772f2f36118769f2,0,0.000000
0x0bab526385f6f10607a07539818bc0ca25c52a2a,0,0.000000
0x0bca47a0952dc724bd58ff43895d909fdaf059b5,0,0.000000
0x0bcfc3d17a5e93758b2c6ea26c1df6abbbb6222e,0,0.000000
0x0bd0a093677ba12f7d5188fba741cfa000681b5a,0,0.000000
0x0bd6f7c320dcfb9e68871656696da10fe7baeede,0,0.000000
0x0bf501f379d687b6f6e90bfc17ec9757cfd899be,0,0.000000
0x0c26318bf48fef6ca11026e208033947fd2806b4,0,0.000000
0x0c37548e83a1808d4de04464d9ea6a2f167cf922,0,0.000000
0x0c47f79672fce11c0504b7b92fa367128e3732cc,0,0.000000
0x0c5bb281a7baf7ec6feca200a003e221f2eeb372,0,0.000000
0x0c60e3244b9ac669a96469fa5607c3cd00567049,0,0.000000
0x0c6a8ac4cbea16a47bde05f372987acae54b3601,0,0.000000
0x0c9476151371451b0c2ab83fd0a47c21ac2ddb2f,0,0.000000
0x0cac7563b345df3b3ad0a2eb1b52b5089c50ba7c,0,0.000000
0x0cc13eb2eb3adf1b319c818ab08a20143b1b3642,0,0.000000
0x0cd91f64de2fb75e11aefa3d735f3e0d0d15813e,0,0.000000
0x0cff0cb59073f00c2345aca21ba0069934a00529,0,0.000000
0x0d21c40c462c601d45ed7329251cf5e83ae796c6,0,0.000000
0x0d27a8645c8664908f60d84fb296590ad0a45b9d,0,0.000000
0x0d30ca8dc55d1b5ef9cba4fa504da8341e252cec,0,0.000000
0x0d3ee89a51c1b52a99829846570c170744a06a5a,0,0.000000
0x0d3f659c3e48fee2d50df98378fd4211f3eed8e2,0,0.000000
0x0d72a35df86efdefe3593b50bbd9edecfa5baad7,0,0.000000
0x0d817c667072033480f82163a38ee11baf12109b,0,0.000000
0x0d9224bcd4fa718cecd1fb6bdacf43e00d2a3523,0,0.000000
0x0dce413c6bb9b71eee6fe7540f3943e51daddec9,0,0.000000
0x0dec2ff5e571159eeb52500c8c15c46966f18177,0,0.000000
0x0e0864e0fead51eed69973902956b1b8d50f46a1,0,0.000000
0x0e356b4ea86ca9c0949e8d2bab92108758fff5a3,0,0.000000
0x0e457324f0c6125b20392341cdeb7bf9bcb02322,0,0.000000
0x0e73256c2e9d1ba9296d1e7c677b6ba7475aa97f,0,0.000000
0x0e8ebc548b6e54245924d0d78a28b2c0f3cdd005,0,0.000000
0x0ed9d433bea3c6005d6a28d5aa9da77adf3226fb,0,0.000000
0x0f01f9a49bd1f87dc674070ab4cebdcc016b1b7a,0,0.000000
0x0f1d96255021eb97ac1bbbee2fcd6da2b17d8800,0,0.000000
0x0f2553a64b272b74ee6b2b2d850b8940a09f9d22,0,0.000000
0x0f53bebe3d4c6e1debe9aec93b405efbc280bae4,0,0.000000
0x0fa300a63f99c9cbb6ffd2138b4b5ab848808600,0,0.000000
0x0fba29eb4e1fdac661e822a352e6e5e5ecc3ff82,0,0.000000
0x0fc5d836832f6c65688cf6316c903e6a9a4484f6,0,0.000000
0x100bdcd3d97a2b680c43b0b227884a3e85c03df6,0,0.000000
0x10176ad3184f4cb675dd8751f76db1b6fa0b5c64,0,0.000000
0x10231901c239332316812378e1373ab521d13f74,0,0.000000
0x1029aa7bae20753c5495f32fdd6f7e4dfd65069d,0,0.000000
0x1034db584a3f2f1388aaa2467bad2a59b9934745,0,0.000000
0x1034e8b97249ad581b5847b3db030de2797d553e,0,0.000000
0x104feb5cd1a56eca6405c48331ce2fd5bd9eaa04,0,0.000000
0x105aa6eee8efcebf5ca01353a3c89f1251ce68a7,0,0.000000
0x107ff6c503cea02f7f56f98e024e3de094e7fe03,0,0.000000
0x108e20b5c8718610bb24830e1f7faa973e78bafa,0,0.000000
0x10979a128342c052f703d97f193aed8933a2ebe6,0,0.000000
0x1098d651576137eacf5182bb5f18a14037196688,0,0.000000
0x10ea740f5526d7e262beae81a4ec8d944824ef1a,0,0.000000
0x111686b9adac96ce91318eb7986cf15f4e76ab02,0,0.000000
0x111729cc34821be01277d6ccf79c4356303abe29,0,0.000000
0x111bb147b13c917698fa06b0c6cd241e1cf77eb8,0,0.000000
0x1125eb98298663a5beb13bc7f2ada2683473f5b3,0,0.000000
0x113fd516fa2eb7738eff49b288889b09fec9cea9,0,0.000000
0x114b25663f46ad780a147fa8a87b8ab495d08a4f,0,0.000000
0x115e11dd2958935195246ab5489da48da8c8e770,0,0.000000
0x117118b3b4438b7b0bd53084accaa2b60225154e,0,0.000000
0x1179430d9f7e6b115c901e88a07e5fc74b02a65c,0,0.000000
0x11a87988ce82afb37375665b5080af82a884cbb3,0,0.000000
0x11bb1bd659d638c74d134d6100cb0d43f7c63e73,0,0.000000
0x11ec7959afaa84c37b940ec7ad93688baa0b4d63,0,0.000000
0x11f46aaf91b83475c672f835802ba8224b98178f,0,0.000000
0x120d92c598e279945e83724d3610a2e474f296d2,0,0.000000
0x121629949a74def900dd1e445338103da425f6e1,0,0.000000
0x123743121254cbc9a33bde9221e8bb5b4742550e,0,0.000000
0x1286ca23d24fabfbbd533b20e86aee941dcfda10,0,0.000000
0x12bdef535d714e38987c7e6970a2940d11adda93,0,0.000000
0x132687616d427134da64836fc703f3bf9b1cce20,0,0.000000
0x136192138fa8bf13f299cf9a2c93756e5d982851,0,0.000000
0x13667b44590835dffb1ec187ea9f9fa22f8d0dab,0,0.000000
0x13781d8d7d12efc72eb9ed62da93e55594481877,0,0.000000
0x13b300439ecf1ebccd4a5be239c740f413f19f83,0,0.000000
0x13d38893bdc2b3aa9ee364cc1b30dccd67ea6cf1,0,0.000000
0x13f617c15116337b119169bad02fbe19a3616f30,0,0.000000
0x14118042d7f263054651d3ced1701da5af7a0706,0,0.000000
0x144f5790d8b45f9045a6f1cb813362fc22f8b5ef,0,0.000000
0x1472cf8d7a2ab5aac1a5a777e0aa043cd72b6d11,0,0.000000
0x1499d6cae0db1ecb3e46c3d9903cd5b1e87902e4,0,0.000000
0x14bc3a804b2f7e7d114af71e4e260190af93601e,0,0.000000
0x14e2ba7f7b6d4018d7287865904982a1af3c0e0b,0,0.000000
0x14e735f177286cfe1898435f8ec8318d02899c23,0,0.000000
0x14f54ba7ca16bd333dc682eba09f7534ad4d8e76,0,0.000000
0x15036b3e316cad84b628aaae05ba4c2d51459203,0,0.000000
0x15262d09be4989fa3ef4a332fd45708db0a92e9d,0,0.000000
0x154d85ae7691bda2261e6564692a853e15465d6e,0,0.000000
0x156540b9fc2f44c0491e1f54513e37d1445a222e,0,0.000000
0x158c98e10d20e242d1106183662a2722de2985a4,0,0.000000
0x15bcc4075be6e9d2b60a703d9b19d1572acd9334,0,0.000000
0x160d3a8ccb081c04497c8c5e2eb2d1ef572a0b56,0,0.000000
0x162c6270266667ccf5a9ed752b5d6a2bdc0f90de,0,0.000000
0x16604b0cd098dc78d21854b435af7d60181da387,0,0.000000
0x166dc2b502129631aa9af2688047ff6aacb9105e,0,0.000000
0x1728a51e22b30409da1fd756cfd4440aa44740b0,0,0.000000
0x177641de24fc67fd597d837f171e943c7e1a8dbd,0,0.000000
0x178ed57b4348d7131f3200e224ecc53b8357db19,0,0.000000
0x17c01bcacc44370ded3779f2e49a60d2027cf438,0,0.000000
0x17eb2993c15c606ab12b773dbe60f0c217dbe7cd,0,0.000000
0x182ad02c8e576dfae3cd7a1d90f42189817ad844,0,0.000000
0x1835a02af76cdc44989680cba88d494d4accfc6d,0,0.000000
0x18431316706d2149089d0d7fcf9a119332c5ed70,0,0.000000
0x18494df6f2a24b245493ece76140f862703faf30,0,0.000000
0x186e704dcc80f31367b351525d746f624c215d90,0,0.000000
0x18e3d2468ea96dcd29f5f446bd7da50d0eceb298,0,0.000000
0x1905f9f7971f1bb041bfbb22038e5f1e82a1fbee,0,0.000000
0x19254919bef42ad4b0af074d7dc175cef027ea06,0,0.000000
0x194b3496e9d2ffae6af332350d33af8b21ca9b5d,0,0.000000
0x19a9242220219ec03b0dd37ce18d09aad8e8cd2c,0,0.000000
0x19baa16574da449d95d2eb8472a3076cd760fc2f,0,0.000000
0x1a33c523d247cc3b2b3d2b51302463de9554f159,0,0.000000
0x1a85729bb5465f897993c3ad1cae16f6c3214285,0,0.000000
0x1abc4e1c04f04556d63cd506a8dbf8d4328303fe,0,0.000000
0x1af5e9057ea2b129db43bef043623c2b0dcf57c7,0,0.000000
0x1b0b78869c6e42f5705bd49c7c8cf1b886fcf017,0,0.000000
0x1b31dc1cf44d0572143d51242a085baf4bd6ce0f,0,0.000000
0x1be82d9512cc4c5166be6e22d25a573d5824333d,0,0.000000
0x1be9e33c9f255b0cf2cabb7cd9eed6aae57bcbfe,0,0.000000
0x1ca6f9941f6a6becfa2e0a4cf08b5ad2776777b4,0,0.000000
0x1ced49d4a23ac1e5766d76011e3d002b99e37ddf,0,0.000000
0x1cfa7e7637cdfd57357c324860368f06e8933ad3,0,0.000000
0x1d781c2b6f866faeabe8638d6d9e348a140d8eff,0,0.000000
0x1d7acb109a77ae8b6cc590864844de025c16f400,0,0.000000
0x1d9b7eadbf5715d07ff292a1e3d42e7595f1c5a6,0,0.000000
0x1dc355c14b6a3dbac04f8bdb80d5f753b6a507a4,0,0.000000
0x1dc7af8739c02b757ac9b3ba92ab561de7e3af25,0,0.000000
0x1e1565868151b822bd7633cd99e5e2c14f16a047,0,0.000000
0x1ebada840720904f18e5c0c624c76b7ff9edbe77,0,0.000000
0x1ed8c5f9592305d4d5adfc7a925a154d5929a67f,0,0.000000
0x1ee0ad77fcd6b2861bc06771a906575e03485d4a,0,0.000000
0x1eef9d73ab01c614044e2ef4edd06e86adc4dcd9,0,0.000000
0x1f52484ae84c83fa63e7f3052889c2ed560747c5,0,0.000000
0x1f60b440bbf445c9ae8d37bb08eebacb9d9da693,0,0.000000
0x1f6b7124b568367abef24bcc7d29c37d4d52ab8e,0,0.000000
0x1fc975a31ec713bea0b307d909fdf273bdbe78d3,0,0.000000
0x20117861602bb712d322e8afb8d8b0b021b1d613,0,0.000000
0x206b5b05a4e7ed05352aa27ea8bddd5d28c2f323,0,0.000000
0x20950b94649930d8fbbd5058cdbf53ca8c3868d2,0,0.000000
0x20d723d268fb2e8413aac3978713d935ba7f2c79,0,0.000000
0x20d9ff9db3b02d059b8403d73f1cb4f154e2994a,0,0.000000
0x20ff7cad8d42cba9ba5c2a1deffa48c5a5165dc4,0,0.000000
0x212944bff1143bf7d24a2f4a2d23f906483cc2fd,0,0.000000
0x2149fde003f87e8065f4fc6b4de1b23b9441dac2,0,0.000000
0x217d46bff8682518cc29a2dede5494d676a9bcb0,0,0.000000
0x218172ec802d45a8f14e41b19286b5b7c030c689,0,0.000000
0x220808166d8268d8f14ce310ebc833d80a900844,0,0.000000
0x22205e2958c890ac8f4c3f52a8b699293f705f9a,0,0.000000
0x222a7aa6d4f7ba245ef26b5bcd047bdef8163fdb,0,0.000000
0x22360affa1c5586837559c67a7cecb43b5133a4f,0,0.000000
0x224099d793d11769dbce53d5c67b07e91608dcde,0,0.000000
0x22f40b8985ba0996c6849418d41d61c3a52f77b1,0,0.000000
0x232cf516d3322b25e13ed1065cc28fa95a0e852f,0,0.000000
0x233cc2a2794f3d2d7f9b589c039eaf1b08993d10,0,0.000000
0x2354122f4011265199584d405a8db93585f529e3,0,0.000000
0x23f04ab0a4ffc802690a12f4c92e21be12571eb5,0,0.000000
0x24865de1a375a9918a16f6c4a77a2e4597cad68e,0,0.000000
0x249de7555dbf205b183cbf52b444d4b7b3c0e44d,0,0.000000
0x24e58989abe6fd876b705da04c9d48a29d49c24e,0,0.000000
0x257deca5a2292cd48dc871a580b4da6c2aec69b9,0,0.000000
0x25b5af8926297591b7ae8bbf88d087efb87fda40,0,0.000000
0x261be723d1cee26522b29294e3a0e55dd78d5ecc,0,0.000000
0x2674699e9ecca8531d80549997e83bbd9f9eb9e4,0,0.000000
0x272f1744ec0c020688d0368e4c324a53c65cc947,0,0.000000
0x27ee985d1e446ec71c277c89cd877ec4eeaa236c,0,0.000000
0x290862012da701cf27400728b9d95b037a412ea0,0,0.000000
0x29ccf5c9bf9f911bb843dbf7dec35da872e5abe1,0,0.000000
0x2b0e61f1f844a491a6af920f4fd77e7debf205ae,0,0.000000
0x2b2a44d107ec260147bfb6a854d10e46b5133b8d,0,0.000000
0x2b3e534683ddc5993d0e493cb393349611c87248,0,0.000000
0x2cd01b5ee7ada3020bad1157c631e7122e63269a,0,0.000000
0x2ce5d1d55c57fab40302a0d30a30ad11072533ac,0,0.000000
0x2d25461573c7de76e14654b7de49b046f7b77379,0,0.000000
0x2e8098078fc33e9b152650ae4c615c6a2b8acc70,0,0.000000
0x3065c93bc0b645d4bd06fee143e9202905f6fecf,0,0.000000
0x30a6f5c532e34b522c6d2d213e0a279759d1d249,0,0.000000
0x3120d8470105ff2ea0f531b64e5fb67050907043,0,0.000000
0x31b19db3bbe490dfab8dfffc30b7ea2aa93fd6fc,0,0.000000
0x32f8dd495c7da7c59780a4fc381e45b90a2f891a,0,0.000000
0x33e100753f7be242b030db38d1432b2089ec2d0b,0,0.000000
0x3456d63ae411b02de905ebf565a646b47952059c,0,0.000000
0x346b6030659a64d46010c749ba2d583dc4ff7b45,0,0.000000
0x359a6b067adda822640238da407e45c292e41217,0,0.000000
0x35be279b2ef0004afcf4ce83c0b5beb605be72f1,0,0.000000
0x361d4da8936c19100cc7643faefbad2632f7e321,0,0.000000
0x3627da471f0c532b32aa6241fa5e5c665f2f4677,0,0.000000
0x36beeda32a208149d92f07996a8600b7a105ded7,0,0.000000
0x3762d04e49578d3b912e377dc1f610bf372f7569,0,0.000000
0x376d514ae489f137c2b73dd0ddcc24c6978be9b7,0,0.000000
0x37a14414abdf4a36a09813c90786e49dd694e6d7,0,0.000000